{"type": "FeatureCollection", "name": "hogst_dulpetorpet", "properties": {"jaktfelt": "Dulpetorpet", "metode": "Sentinel-2 L2A, høst mot høst, dNBR>0.20 & dNDVI>0.08 (kjerne), vekst dNBR>0.12 & dNDVI>0.04, sesongkorrigert, bekreftet i to høstbilder 2026. Oppløsning 10 m – små flater og tynning kan mangle.", "kilde": "Contains modified Copernicus Sentinel data 2024–2026, processed by Sentinel Hub / Copernicus Data Space Ecosystem", "generert": "2026-10-04", "sum_ha_innenfor": {"etter_host_2025": 20, "host_2024_til_host_2025": 68}}, "features": [{"type": "Feature", "geometry": {"type": "Polygon", "coordinates": [[[12.408285, 60.609089], [12.408285, 60.609047], [12.408199, 60.609047], [12.408199, 60.608963], [12.408285, 60.608963], [12.408199, 60.608795], [12.408285, 60.608795], [12.408285, 60.608626], [12.408371, 60.608626], [12.408371, 60.608458], [12.408285, 60.608458], [12.408285, 60.608373], [12.408457, 60.608331], [12.408457, 60.608373], [12.408714, 60.608458], [12.408714, 60.608584], [12.408628, 60.608584], [12.408628, 60.608626], [12.408543, 60.608626], [12.408543, 60.60871], [12.408457, 60.60871], [12.408457, 60.609047], [12.408285, 60.609089]]]}, "properties": {"periode": "etter_host_2025", "areal_ha": 0.11, "andel_innenfor_jaktfelt": 1.0, "jaktfelt": "Dulpetorpet", "grunnlinje": "2025-09-25", "observert": "2026-09-03", "bekreftet": "2026-09-13"}}, {"type": "Feature", "geometry": {"type": "Polygon", "coordinates": [[[12.344084, 60.602223], [12.344084, 60.60218], [12.343998, 60.60218], [12.343998, 60.602096], [12.344255, 60.602096], [12.344255, 60.602054], [12.344427, 60.602054], [12.344427, 60.602096], [12.344513, 60.602096], [12.344341, 60.602223], [12.344084, 60.602223]]]}, "properties": {"periode": "etter_host_2025", "areal_ha": 0.04, "andel_innenfor_jaktfelt": 1.0, "jaktfelt": "Dulpetorpet", "grunnlinje": "2025-09-25", "observert": "2026-09-03", "bekreftet": "2026-09-13"}}, {"type": "Feature", "geometry": {"type": "Polygon", "coordinates": [[[12.343225, 60.602054], [12.343225, 60.602012], [12.34314, 60.602012], [12.34314, 60.601801], [12.343311, 60.601801], [12.343311, 60.601843], [12.343483, 60.601843], [12.343483, 60.601886], [12.343569, 60.601886], [12.343569, 60.601928], [12.343225, 60.602054]]]}, "properties": {"periode": "etter_host_2025", "areal_ha": 0.04, "andel_innenfor_jaktfelt": 1.0, "jaktfelt": "Dulpetorpet", "grunnlinje": "2025-09-25", "observert": "2026-09-03", "bekreftet": "2026-09-13"}}, {"type": "Feature", "geometry": {"type": "Polygon", "coordinates": [[[12.357645, 60.59961], [12.357645, 60.599568], [12.357473, 60.599526], [12.357473, 60.599189], [12.35713, 60.599189], [12.35713, 60.599147], [12.356958, 60.599105], [12.356958, 60.59902], [12.357388, 60.598936], [12.357388, 60.598768], [12.357473, 60.598768], [12.357473, 60.598726], [12.358246, 60.598726], [12.358246, 60.598683], [12.358332, 60.598683], [12.358332, 60.598473], [12.358503, 60.598431], [12.358503, 60.598136], [12.358675, 60.598136], [12.358675, 60.598093], [12.358761, 60.598093], [12.358761, 60.598136], [12.359018, 60.598136], [12.359018, 60.598178], [12.359362, 60.598304], [12.359362, 60.598431], [12.359533, 60.598473], [12.359533, 60.598599], [12.359619, 60.598599], [12.359619, 60.598641], [12.359791, 60.598641], [12.359791, 60.598599], [12.360134, 60.598599], [12.36022, 60.598683], [12.360563, 60.598683], [12.360563, 60.598726], [12.360649, 60.598726], [12.360649, 60.59881], [12.360563, 60.59881], [12.360563, 60.598852], [12.360392, 60.598852], [12.360306, 60.598936], [12.360134, 60.598936], [12.360134, 60.598894], [12.360048, 60.598894], [12.359791, 60.598726], [12.359619, 60.598726], [12.359533, 60.59881], [12.359104, 60.598768], [12.359104, 60.59881], [12.359018, 60.59881], [12.359018, 60.598936], [12.35919, 60.598978], [12.35919, 60.599231], [12.359104, 60.599231], [12.359104, 60.599358], [12.359018, 60.599358], [12.358761, 60.599526], [12.358418, 60.599484], [12.358418, 60.599526], [12.357988, 60.599526], [12.357988, 60.599568], [12.357645, 60.59961]]]}, "properties": {"periode": "etter_host_2025", "areal_ha": 1.35, "andel_innenfor_jaktfelt": 0.04, "jaktfelt": "Dulpetorpet", "grunnlinje": "2025-09-25", "observert": "2026-09-03", "bekreftet": "2026-09-13"}}, {"type": "Feature", "geometry": {"type": "Polygon", "coordinates": [[[12.330179, 60.591309], [12.330179, 60.591267], [12.330008, 60.591267], [12.330008, 60.591224], [12.329922, 60.591224], [12.329922, 60.591098], [12.329578, 60.591014], [12.32975, 60.590887], [12.330093, 60.590887], [12.330093, 60.590676], [12.330008, 60.590676], [12.329922, 60.590592], [12.329493, 60.590634], [12.329235, 60.590466], [12.328892, 60.590466], [12.328892, 60.590424], [12.328806, 60.590424], [12.328806, 60.590297], [12.329063, 60.590297], [12.329149, 60.590213], [12.329407, 60.590213], [12.329407, 60.590171], [12.329493, 60.590171], [12.329493, 60.590086], [12.329578, 60.590086], [12.329664, 60.590002], [12.330952, 60.590002], [12.330952, 60.590044], [12.331209, 60.590044], [12.331209, 60.590086], [12.331295, 60.590086], [12.331295, 60.590255], [12.330952, 60.590339], [12.330952, 60.590508], [12.33078, 60.59055], [12.33078, 60.590634], [12.330694, 60.590634], [12.330694, 60.590719], [12.330608, 60.590719], [12.330694, 60.591098], [12.330351, 60.591182], [12.330351, 60.591309], [12.330179, 60.591309]]]}, "properties": {"periode": "etter_host_2025", "areal_ha": 0.96, "andel_innenfor_jaktfelt": 0.0, "jaktfelt": "Dulpetorpet", "grunnlinje": "2025-09-25", "observert": "2026-09-03", "bekreftet": "2026-09-13"}}, {"type": "Feature", "geometry": {"type": "Polygon", "coordinates": [[[12.343998, 60.588527], [12.343998, 60.588485], [12.343912, 60.588485], [12.343912, 60.588316], [12.343826, 60.588316], [12.343912, 60.588232], [12.344084, 60.588232], [12.344084, 60.588274], [12.344255, 60.588316], [12.344255, 60.588485], [12.34417, 60.588485], [12.34417, 60.588527], [12.343998, 60.588527]]]}, "properties": {"periode": "etter_host_2025", "areal_ha": 0.05, "andel_innenfor_jaktfelt": 1.0, "jaktfelt": "Dulpetorpet", "grunnlinje": "2025-09-25", "observert": "2026-09-03", "bekreftet": "2026-09-13"}}, {"type": "Feature", "geometry": {"type": "Polygon", "coordinates": [[[12.369061, 60.58819], [12.369061, 60.588148], [12.368374, 60.588148], [12.368374, 60.588105], [12.368202, 60.588063], [12.368202, 60.587979], [12.368288, 60.587979], [12.368546, 60.58781], [12.368717, 60.58781], [12.368717, 60.587642], [12.368803, 60.587642], [12.368803, 60.5876], [12.368975, 60.5876], [12.369146, 60.587768], [12.369404, 60.587768], [12.36949, 60.587853], [12.369747, 60.587853], [12.369747, 60.587895], [12.369919, 60.587937], [12.369919, 60.588021], [12.369747, 60.588021], [12.369661, 60.588105], [12.369576, 60.588105], [12.369404, 60.587979], [12.369232, 60.587979], [12.369232, 60.588148], [12.369061, 60.58819]]]}, "properties": {"periode": "etter_host_2025", "areal_ha": 0.31, "andel_innenfor_jaktfelt": 0.0, "jaktfelt": "Dulpetorpet", "grunnlinje": "2025-09-25", "observert": "2026-09-03", "bekreftet": "2026-09-13"}}, {"type": "Feature", "geometry": {"type": "Polygon", "coordinates": [[[12.358074, 60.587768], [12.357988, 60.587684], [12.357817, 60.587684], [12.357817, 60.5876], [12.358074, 60.5876], [12.358074, 60.587557], [12.358418, 60.587515], [12.358418, 60.587347], [12.358503, 60.587347], [12.358503, 60.587305], [12.359276, 60.587305], [12.359276, 60.587262], [12.359447, 60.587262], [12.359447, 60.587389], [12.359362, 60.587389], [12.359362, 60.587557], [12.359447, 60.587557], [12.359447, 60.5876], [12.35919, 60.5876], [12.35919, 60.587642], [12.359018, 60.587642], [12.359018, 60.5876], [12.358589, 60.5876], [12.358418, 60.587768], [12.358074, 60.587768]]]}, "properties": {"periode": "etter_host_2025", "areal_ha": 0.26, "andel_innenfor_jaktfelt": 0.0, "jaktfelt": "Dulpetorpet", "grunnlinje": "2025-09-25", "observert": "2026-09-03", "bekreftet": "2026-09-13"}}, {"type": "Feature", "geometry": {"type": "Polygon", "coordinates": [[[12.342367, 60.58819], [12.342367, 60.588148], [12.342281, 60.588148], [12.342281, 60.588063], [12.342196, 60.588063], [12.342196, 60.587937], [12.342024, 60.587895], [12.342024, 60.5876], [12.34211, 60.5876], [12.34211, 60.587557], [12.342453, 60.587557], [12.342453, 60.587515], [12.343397, 60.587515], [12.343397, 60.587473], [12.343483, 60.587473], [12.343483, 60.587389], [12.343397, 60.587389], [12.343397, 60.587094], [12.343483, 60.587094], [12.343483, 60.587052], [12.343569, 60.587052], [12.343655, 60.587136], [12.344084, 60.587094], [12.344084, 60.587136], [12.34417, 60.587136], [12.34417, 60.58722], [12.343912, 60.587305], [12.343998, 60.587473], [12.343826, 60.587515], [12.343826, 60.587642], [12.343912, 60.587642], [12.343912, 60.587684], [12.344084, 60.587684], [12.344255, 60.58781], [12.34417, 60.58781], [12.34417, 60.587853], [12.343912, 60.587853], [12.34374, 60.588063], [12.342882, 60.588063], [12.342882, 60.588148], [12.342796, 60.588148], [12.342796, 60.58819], [12.342367, 60.58819]]]}, "properties": {"periode": "etter_host_2025", "areal_ha": 0.8, "andel_innenfor_jaktfelt": 1.0, "jaktfelt": "Dulpetorpet", "grunnlinje": "2025-09-25", "observert": "2026-09-03", "bekreftet": "2026-09-13"}}, {"type": "Feature", "geometry": {"type": "Polygon", "coordinates": [[[12.3458, 60.587094], [12.3458, 60.587009], [12.34623, 60.587009], [12.34623, 60.587094], [12.3458, 60.587094]]]}, "properties": {"periode": "etter_host_2025", "areal_ha": 0.02, "andel_innenfor_jaktfelt": 1.0, "jaktfelt": "Dulpetorpet", "grunnlinje": "2025-09-25", "observert": "2026-09-03", "bekreftet": "2026-09-13"}}, {"type": "Feature", "geometry": {"type": "Polygon", "coordinates": [[[12.372236, 60.588063], [12.372065, 60.587937], [12.371893, 60.587937], [12.371807, 60.588021], [12.370949, 60.588021], [12.370777, 60.587895], [12.370605, 60.587895], [12.370691, 60.587726], [12.37009, 60.587726], [12.37009, 60.587642], [12.370262, 60.587642], [12.370262, 60.5876], [12.370348, 60.5876], [12.370348, 60.587515], [12.370262, 60.587515], [12.370262, 60.587473], [12.369747, 60.587473], [12.369747, 60.587389], [12.369919, 60.587389], [12.370005, 60.587305], [12.370262, 60.587305], [12.370348, 60.587389], [12.37052, 60.587389], [12.37052, 60.587347], [12.370605, 60.587347], [12.370605, 60.587262], [12.370691, 60.587262], [12.370691, 60.58722], [12.370863, 60.58722], [12.370863, 60.587178], [12.371035, 60.587178], [12.371206, 60.587009], [12.37155, 60.587009], [12.37155, 60.58722], [12.371979, 60.587262], [12.371979, 60.58722], [12.372065, 60.58722], [12.372065, 60.587136], [12.372236, 60.587094], [12.372236, 60.586967], [12.372665, 60.586967], [12.372665, 60.587009], [12.372923, 60.587094], [12.372923, 60.58722], [12.373266, 60.587347], [12.373266, 60.587768], [12.373438, 60.58781], [12.373438, 60.587937], [12.373352, 60.587937], [12.373352, 60.587979], [12.373095, 60.587979], [12.373095, 60.588021], [12.372494, 60.588021], [12.372494, 60.588063], [12.372236, 60.588063]]]}, "properties": {"periode": "etter_host_2025", "areal_ha": 1.54, "andel_innenfor_jaktfelt": 0.02, "jaktfelt": "Dulpetorpet", "grunnlinje": "2025-09-25", "observert": "2026-09-03", "bekreftet": "2026-09-13"}}, {"type": "Feature", "geometry": {"type": "Polygon", "coordinates": [[[12.332239, 60.587052], [12.332067, 60.586925], [12.332153, 60.586925], [12.332153, 60.586883], [12.332411, 60.586883], [12.332411, 60.586925], [12.332497, 60.586925], [12.332497, 60.587009], [12.332411, 60.587009], [12.332411, 60.587052], [12.332239, 60.587052]]]}, "properties": {"periode": "etter_host_2025", "areal_ha": 0.03, "andel_innenfor_jaktfelt": 0.0, "jaktfelt": "Dulpetorpet", "grunnlinje": "2025-09-25", "observert": "2026-09-03", "bekreftet": "2026-09-13"}}, {"type": "Feature", "geometry": {"type": "Polygon", "coordinates": [[[12.381678, 60.587684], [12.381678, 60.587642], [12.381248, 60.587642], [12.381248, 60.5876], [12.381163, 60.5876], [12.381163, 60.587515], [12.380991, 60.587473], [12.380991, 60.587305], [12.380476, 60.587136], [12.380648, 60.587009], [12.382021, 60.587009], [12.382021, 60.586967], [12.38245, 60.587009], [12.38245, 60.586967], [12.383394, 60.586967], [12.383394, 60.587009], [12.383995, 60.587009], [12.383995, 60.587052], [12.384081, 60.587052], [12.383995, 60.58722], [12.384253, 60.58722], [12.384253, 60.587136], [12.384338, 60.587136], [12.384338, 60.587052], [12.384424, 60.587052], [12.384424, 60.587009], [12.384853, 60.587009], [12.384853, 60.586967], [12.385025, 60.586967], [12.385025, 60.586925], [12.385368, 60.586925], [12.385368, 60.586883], [12.386055, 60.586883], [12.386141, 60.586799], [12.386656, 60.586799], [12.386742, 60.586883], [12.387085, 60.586883], [12.387085, 60.586841], [12.387257, 60.586841], [12.387257, 60.586883], [12.387428, 60.586925], [12.387428, 60.587009], [12.387257, 60.587052], [12.387342, 60.587305], [12.387514, 60.587347], [12.387514, 60.587515], [12.387428, 60.587515], [12.387428, 60.587557], [12.387257, 60.587557], [12.387257, 60.587515], [12.387171, 60.587515], [12.387171, 60.587557], [12.386999, 60.587557], [12.386999, 60.5876], [12.386913, 60.5876], [12.386656, 60.587431], [12.385712, 60.587431], [12.385712, 60.587389], [12.385626, 60.587389], [12.385626, 60.587347], [12.385454, 60.587347], [12.385454, 60.587305], [12.385368, 60.587305], [12.385368, 60.587347], [12.385197, 60.587347], [12.385197, 60.587389], [12.385025, 60.587389], [12.385025, 60.587347], [12.384853, 60.587305], [12.384853, 60.587178], [12.384596, 60.587178], [12.384596, 60.58722], [12.38451, 60.58722], [12.38451, 60.587305], [12.384768, 60.587389], [12.384682, 60.587473], [12.384253, 60.587473], [12.384253, 60.587431], [12.383909, 60.587473], [12.383823, 60.587389], [12.383652, 60.587389], [12.383566, 60.587473], [12.383394, 60.587473], [12.383394, 60.587515], [12.383308, 60.587515], [12.383308, 60.5876], [12.383223, 60.5876], [12.383223, 60.587642], [12.382793, 60.587642], [12.382622, 60.587515], [12.382107, 60.587515], [12.381849, 60.587684], [12.381678, 60.587684]]]}, "properties": {"periode": "etter_host_2025", "areal_ha": 2.13, "andel_innenfor_jaktfelt": 1.0, "jaktfelt": "Dulpetorpet", "grunnlinje": "2025-09-25", "observert": "2026-09-03", "bekreftet": "2026-09-13"}}, {"type": "Feature", "geometry": {"type": "Polygon", "coordinates": [[[12.34623, 60.586799], [12.34623, 60.586757], [12.346144, 60.586757], [12.346144, 60.58663], [12.346058, 60.58663], [12.346058, 60.586504], [12.346144, 60.586504], [12.346144, 60.586462], [12.346487, 60.586588], [12.346487, 60.58663], [12.346401, 60.58663], [12.346401, 60.586714], [12.346487, 60.586714], [12.346487, 60.586757], [12.346401, 60.586757], [12.346401, 60.586799], [12.34623, 60.586799]]]}, "properties": {"periode": "etter_host_2025", "areal_ha": 0.06, "andel_innenfor_jaktfelt": 1.0, "jaktfelt": "Dulpetorpet", "grunnlinje": "2025-09-25", "observert": "2026-09-03", "bekreftet": "2026-09-13"}}, {"type": "Feature", "geometry": {"type": "Polygon", "coordinates": [[[12.35919, 60.586377], [12.35919, 60.586335], [12.359018, 60.586293], [12.359018, 60.586209], [12.35919, 60.586209], [12.35919, 60.586166], [12.359791, 60.586166], [12.359791, 60.586209], [12.359877, 60.586209], [12.359877, 60.586293], [12.359791, 60.586293], [12.359791, 60.586335], [12.35919, 60.586377]]]}, "properties": {"periode": "etter_host_2025", "areal_ha": 0.08, "andel_innenfor_jaktfelt": 0.34, "jaktfelt": "Dulpetorpet", "grunnlinje": "2025-09-25", "observert": "2026-09-03", "bekreftet": "2026-09-13"}}, {"type": "Feature", "geometry": {"type": "Polygon", "coordinates": [[[12.345715, 60.585745], [12.345715, 60.585661], [12.346144, 60.585661], [12.346144, 60.585745], [12.345715, 60.585745]]]}, "properties": {"periode": "etter_host_2025", "areal_ha": 0.02, "andel_innenfor_jaktfelt": 1.0, "jaktfelt": "Dulpetorpet", "grunnlinje": "2025-09-25", "observert": "2026-09-03", "bekreftet": "2026-09-13"}}, {"type": "Feature", "geometry": {"type": "Polygon", "coordinates": [[[12.333183, 60.585576], [12.333097, 60.585492], [12.333183, 60.585492], [12.333355, 60.585366], [12.333698, 60.585366], [12.333698, 60.585281], [12.333784, 60.585281], [12.333784, 60.585239], [12.333956, 60.585239], [12.333956, 60.585281], [12.334042, 60.585281], [12.334042, 60.585323], [12.333956, 60.585323], [12.333698, 60.585492], [12.333527, 60.585492], [12.333527, 60.585534], [12.333183, 60.585576]]]}, "properties": {"periode": "etter_host_2025", "areal_ha": 0.07, "andel_innenfor_jaktfelt": 0.0, "jaktfelt": "Dulpetorpet", "grunnlinje": "2025-09-25", "observert": "2026-09-03", "bekreftet": "2026-09-13"}}, {"type": "Feature", "geometry": {"type": "Polygon", "coordinates": [[[12.354469, 60.587052], [12.354469, 60.587009], [12.354383, 60.587009], [12.354383, 60.586757], [12.354298, 60.586757], [12.354298, 60.58663], [12.354383, 60.58663], [12.354383, 60.586546], [12.354641, 60.586462], [12.354641, 60.586377], [12.354555, 60.586377], [12.354555, 60.586335], [12.354298, 60.586335], [12.354298, 60.586293], [12.354212, 60.586293], [12.354212, 60.586335], [12.35404, 60.586293], [12.35404, 60.585829], [12.353954, 60.585829], [12.353954, 60.585787], [12.353783, 60.585787], [12.353783, 60.585745], [12.353697, 60.585745], [12.353697, 60.585661], [12.353783, 60.585661], [12.353783, 60.585618], [12.353868, 60.585618], [12.353868, 60.585661], [12.354126, 60.585661], [12.354126, 60.585534], [12.354469, 60.585408], [12.354469, 60.585155], [12.354555, 60.585155], [12.354555, 60.585113], [12.354898, 60.585113], [12.354898, 60.58507], [12.35507, 60.58507], [12.35507, 60.585028], [12.355413, 60.585028], [12.355499, 60.585113], [12.355671, 60.585113], [12.355671, 60.585323], [12.355328, 60.58545], [12.355328, 60.585576], [12.355156, 60.585618], [12.355156, 60.585703], [12.354813, 60.585787], [12.354813, 60.585871], [12.354898, 60.585871], [12.354898, 60.585914], [12.356014, 60.585914], [12.356014, 60.585956], [12.356186, 60.585956], [12.356272, 60.585871], [12.356529, 60.585871], [12.356529, 60.585829], [12.356615, 60.585829], [12.356615, 60.585661], [12.356701, 60.585661], [12.356787, 60.585576], [12.357388, 60.585534], [12.357388, 60.585408], [12.357817, 60.585408], [12.357817, 60.585492], [12.357903, 60.585492], [12.357903, 60.585534], [12.358589, 60.585534], [12.358589, 60.585492], [12.358847, 60.585492], [12.358847, 60.585534], [12.358932, 60.585534], [12.358932, 60.585618], [12.359104, 60.585661], [12.359104, 60.585745], [12.359018, 60.585745], [12.359018, 60.585787], [12.358847, 60.585787], [12.358847, 60.585829], [12.358675, 60.585871], [12.358675, 60.585956], [12.358761, 60.585956], [12.358761, 60.58604], [12.358847, 60.58604], [12.358761, 60.586124], [12.358847, 60.586124], [12.358932, 60.586293], [12.358847, 60.586293], [12.358847, 60.586462], [12.358761, 60.586462], [12.358589, 60.586588], [12.357903, 60.586588], [12.357903, 60.586546], [12.357817, 60.586546], [12.357817, 60.586504], [12.357903, 60.586504], [12.35816, 60.586335], [12.358418, 60.586335], [12.358418, 60.586082], [12.357988, 60.586082], [12.357903, 60.586166], [12.357645, 60.586166], [12.357559, 60.586251], [12.357302, 60.586251], [12.357302, 60.586293], [12.357216, 60.586293], [12.357216, 60.586546], [12.35713, 60.586546], [12.35713, 60.586588], [12.357044, 60.586588], [12.356873, 60.586462], [12.356014, 60.586462], [12.355928, 60.586377], [12.355757, 60.586377], [12.355671, 60.586462], [12.355499, 60.586462], [12.355499, 60.586504], [12.355413, 60.586504], [12.355413, 60.586588], [12.355499, 60.586588], [12.355499, 60.58663], [12.355671, 60.58663], [12.355671, 60.586757], [12.355757, 60.586757], [12.355757, 60.586799], [12.355671, 60.586799], [12.355671, 60.586841], [12.355328, 60.586841], [12.355242, 60.586925], [12.354641, 60.586967], [12.354641, 60.587009], [12.354469, 60.587052]]]}, "properties": {"periode": "etter_host_2025", "areal_ha": 2.9, "andel_innenfor_jaktfelt": 1.0, "jaktfelt": "Dulpetorpet", "grunnlinje": "2025-09-25", "observert": "2026-09-03", "bekreftet": "2026-09-13"}}, {"type": "Feature", "geometry": {"type": "Polygon", "coordinates": [[[12.343912, 60.585281], [12.343912, 60.584986], [12.344084, 60.584944], [12.344084, 60.584733], [12.344255, 60.584691], [12.344255, 60.584733], [12.344427, 60.584775], [12.344427, 60.584902], [12.344255, 60.584944], [12.344255, 60.58507], [12.344084, 60.585113], [12.344084, 60.585281], [12.343912, 60.585281]]]}, "properties": {"periode": "etter_host_2025", "areal_ha": 0.09, "andel_innenfor_jaktfelt": 1.0, "jaktfelt": "Dulpetorpet", "grunnlinje": "2025-09-25", "observert": "2026-09-03", "bekreftet": "2026-09-13"}}, {"type": "Feature", "geometry": {"type": "Polygon", "coordinates": [[[12.353182, 60.584607], [12.353096, 60.584522], [12.352753, 60.584522], [12.352753, 60.58448], [12.352581, 60.58448], [12.352581, 60.584396], [12.353697, 60.584396], [12.353697, 60.584438], [12.353783, 60.584438], [12.353697, 60.584522], [12.353611, 60.584522], [12.353611, 60.58448], [12.353439, 60.58448], [12.353439, 60.584565], [12.353354, 60.584565], [12.353354, 60.584607], [12.353182, 60.584607]]]}, "properties": {"periode": "etter_host_2025", "areal_ha": 0.09, "andel_innenfor_jaktfelt": 1.0, "jaktfelt": "Dulpetorpet", "grunnlinje": "2025-09-25", "observert": "2026-09-03", "bekreftet": "2026-09-13"}}, {"type": "Feature", "geometry": {"type": "Polygon", "coordinates": [[[12.354383, 60.584649], [12.354383, 60.584607], [12.354298, 60.584607], [12.354298, 60.584438], [12.354212, 60.584438], [12.354298, 60.584354], [12.354555, 60.584354], [12.354641, 60.58427], [12.354898, 60.58427], [12.354898, 60.584227], [12.355156, 60.584227], [12.355156, 60.58427], [12.355585, 60.584227], [12.355585, 60.58427], [12.355671, 60.58427], [12.355671, 60.584396], [12.355585, 60.584396], [12.355585, 60.584438], [12.355499, 60.584438], [12.355499, 60.584396], [12.354898, 60.584438], [12.354984, 60.584607], [12.354555, 60.584607], [12.354555, 60.584649], [12.354383, 60.584649]]]}, "properties": {"periode": "etter_host_2025", "areal_ha": 0.2, "andel_innenfor_jaktfelt": 1.0, "jaktfelt": "Dulpetorpet", "grunnlinje": "2025-09-25", "observert": "2026-09-03", "bekreftet": "2026-09-13"}}, {"type": "Feature", "geometry": {"type": "Polygon", "coordinates": [[[12.385283, 60.583469], [12.385283, 60.583384], [12.385712, 60.583384], [12.385712, 60.583469], [12.385283, 60.583469]]]}, "properties": {"periode": "etter_host_2025", "areal_ha": 0.02, "andel_innenfor_jaktfelt": 1.0, "jaktfelt": "Dulpetorpet", "grunnlinje": "2025-09-25", "observert": "2026-09-03", "bekreftet": "2026-09-13"}}, {"type": "Feature", "geometry": {"type": "Polygon", "coordinates": [[[12.344255, 60.583131], [12.344255, 60.582921], [12.344427, 60.582921], [12.344427, 60.583131], [12.344255, 60.583131]]]}, "properties": {"periode": "etter_host_2025", "areal_ha": 0.02, "andel_innenfor_jaktfelt": 1.0, "jaktfelt": "Dulpetorpet", "grunnlinje": "2025-09-25", "observert": "2026-09-03", "bekreftet": "2026-09-13"}}, {"type": "Feature", "geometry": {"type": "Polygon", "coordinates": [[[12.34683, 60.582415], [12.34683, 60.582372], [12.346745, 60.582372], [12.346745, 60.582288], [12.347088, 60.582288], [12.347088, 60.582246], [12.34726, 60.582246], [12.34726, 60.582204], [12.347517, 60.582204], [12.347517, 60.582288], [12.347431, 60.582288], [12.347431, 60.58233], [12.347174, 60.58233], [12.347088, 60.582415], [12.34683, 60.582415]]]}, "properties": {"periode": "etter_host_2025", "areal_ha": 0.05, "andel_innenfor_jaktfelt": 1.0, "jaktfelt": "Dulpetorpet", "grunnlinje": "2025-09-25", "observert": "2026-09-03", "bekreftet": "2026-09-13"}}, {"type": "Feature", "geometry": {"type": "Polygon", "coordinates": [[[12.346573, 60.581319], [12.346573, 60.581276], [12.346487, 60.581276], [12.346487, 60.581192], [12.346573, 60.581192], [12.346659, 60.581108], [12.34683, 60.581108], [12.34683, 60.58115], [12.346916, 60.58115], [12.346916, 60.581319], [12.346573, 60.581319]]]}, "properties": {"periode": "etter_host_2025", "areal_ha": 0.04, "andel_innenfor_jaktfelt": 1.0, "jaktfelt": "Dulpetorpet", "grunnlinje": "2025-09-25", "observert": "2026-09-03", "bekreftet": "2026-09-13"}}, {"type": "Feature", "geometry": {"type": "Polygon", "coordinates": [[[12.345028, 60.581445], [12.345028, 60.581403], [12.344685, 60.581403], [12.344685, 60.581276], [12.34477, 60.581276], [12.34477, 60.580897], [12.344599, 60.580897], [12.344599, 60.580939], [12.344513, 60.580939], [12.344427, 60.580855], [12.344513, 60.580855], [12.344685, 60.580728], [12.344942, 60.580728], [12.344942, 60.580602], [12.345285, 60.580518], [12.345285, 60.580307], [12.345371, 60.580307], [12.345371, 60.580265], [12.345543, 60.580265], [12.345629, 60.58018], [12.34623, 60.58018], [12.346401, 60.580054], [12.347174, 60.580054], [12.347174, 60.580138], [12.346916, 60.580138], [12.346916, 60.580265], [12.347088, 60.580265], [12.347088, 60.580349], [12.346916, 60.580349], [12.346916, 60.580518], [12.34683, 60.580518], [12.34683, 60.58056], [12.346315, 60.58056], [12.346315, 60.580518], [12.346144, 60.580518], [12.346144, 60.58056], [12.346058, 60.58056], [12.346058, 60.580686], [12.345886, 60.580728], [12.345886, 60.580813], [12.3458, 60.580813], [12.345715, 60.580897], [12.345371, 60.580855], [12.345371, 60.581361], [12.345285, 60.581361], [12.3452, 60.581445], [12.345028, 60.581445]]]}, "properties": {"periode": "etter_host_2025", "areal_ha": 0.85, "andel_innenfor_jaktfelt": 1.0, "jaktfelt": "Dulpetorpet", "grunnlinje": "2025-09-25", "observert": "2026-09-03", "bekreftet": "2026-09-13"}}, {"type": "Feature", "geometry": {"type": "Polygon", "coordinates": [[[12.350435, 60.574783], [12.350435, 60.574699], [12.350521, 60.574699], [12.350693, 60.574572], [12.350864, 60.574572], [12.350864, 60.574657], [12.350779, 60.574657], [12.350607, 60.574783], [12.350435, 60.574783]]]}, "properties": {"periode": "etter_host_2025", "areal_ha": 0.03, "andel_innenfor_jaktfelt": 1.0, "jaktfelt": "Dulpetorpet", "grunnlinje": "2025-09-25", "observert": "2026-09-03", "bekreftet": "2026-09-13"}}, {"type": "Feature", "geometry": {"type": "Polygon", "coordinates": [[[12.355843, 60.570229], [12.355843, 60.570144], [12.355928, 60.570144], [12.355928, 60.570102], [12.356186, 60.570102], [12.356186, 60.570187], [12.3561, 60.570187], [12.3561, 60.570229], [12.355843, 60.570229]]]}, "properties": {"periode": "etter_host_2025", "areal_ha": 0.02, "andel_innenfor_jaktfelt": 1.0, "jaktfelt": "Dulpetorpet", "grunnlinje": "2025-09-25", "observert": "2026-09-03", "bekreftet": "2026-09-13"}}, {"type": "Feature", "geometry": {"type": "Polygon", "coordinates": [[[12.339106, 60.567951], [12.339106, 60.567909], [12.338762, 60.567909], [12.338762, 60.567867], [12.338676, 60.567867], [12.338676, 60.567783], [12.338591, 60.567783], [12.338591, 60.567698], [12.338505, 60.567698], [12.338419, 60.567403], [12.338505, 60.567403], [12.338505, 60.567361], [12.338676, 60.567361], [12.338848, 60.567192], [12.339106, 60.567192], [12.339191, 60.567108], [12.339449, 60.567108], [12.339449, 60.56715], [12.339535, 60.56715], [12.339535, 60.567234], [12.339878, 60.567361], [12.339878, 60.567656], [12.339792, 60.567656], [12.339792, 60.567783], [12.339706, 60.567783], [12.339706, 60.567825], [12.339535, 60.567825], [12.339449, 60.567909], [12.339106, 60.567951]]]}, "properties": {"periode": "etter_host_2025", "areal_ha": 0.53, "andel_innenfor_jaktfelt": 0.0, "jaktfelt": "Dulpetorpet", "grunnlinje": "2025-09-25", "observert": "2026-09-03", "bekreftet": "2026-09-13"}}, {"type": "Feature", "geometry": {"type": "Polygon", "coordinates": [[[12.366829, 60.56677], [12.366829, 60.566475], [12.366915, 60.566475], [12.366915, 60.566433], [12.367001, 60.566433], [12.367001, 60.566475], [12.367172, 60.566475], [12.367172, 60.566517], [12.367601, 60.566517], [12.367601, 60.566728], [12.367516, 60.566728], [12.367516, 60.56677], [12.366829, 60.56677]]]}, "properties": {"periode": "etter_host_2025", "areal_ha": 0.13, "andel_innenfor_jaktfelt": 1.0, "jaktfelt": "Dulpetorpet", "grunnlinje": "2025-09-25", "observert": "2026-09-03", "bekreftet": "2026-09-13"}}, {"type": "Feature", "geometry": {"type": "Polygon", "coordinates": [[[12.369747, 60.566349], [12.369747, 60.566306], [12.369404, 60.566306], [12.369404, 60.56618], [12.369318, 60.56618], [12.369318, 60.566138], [12.368975, 60.566138], [12.368975, 60.566053], [12.369061, 60.566053], [12.369061, 60.566011], [12.369318, 60.566011], [12.369404, 60.565927], [12.369833, 60.565927], [12.369833, 60.565969], [12.369919, 60.565969], [12.369919, 60.566011], [12.369833, 60.566011], [12.369833, 60.566096], [12.369919, 60.566096], [12.369919, 60.566306], [12.369747, 60.566349]]]}, "properties": {"periode": "etter_host_2025", "areal_ha": 0.15, "andel_innenfor_jaktfelt": 1.0, "jaktfelt": "Dulpetorpet", "grunnlinje": "2025-09-25", "observert": "2026-09-03", "bekreftet": "2026-09-13"}}, {"type": "Feature", "geometry": {"type": "Polygon", "coordinates": [[[12.37215, 60.566349], [12.372065, 60.566264], [12.372322, 60.56618], [12.372322, 60.566053], [12.372494, 60.566011], [12.37258, 60.565758], [12.372837, 60.565674], [12.373009, 60.5658], [12.37318, 60.5658], [12.37318, 60.566053], [12.373095, 60.566053], [12.373095, 60.566096], [12.372837, 60.566096], [12.372665, 60.566222], [12.372408, 60.566222], [12.372408, 60.566264], [12.372322, 60.566264], [12.372322, 60.566349], [12.37215, 60.566349]]]}, "properties": {"periode": "etter_host_2025", "areal_ha": 0.2, "andel_innenfor_jaktfelt": 1.0, "jaktfelt": "Dulpetorpet", "grunnlinje": "2025-09-25", "observert": "2026-09-03", "bekreftet": "2026-09-13"}}, {"type": "Feature", "geometry": {"type": "Polygon", "coordinates": [[[12.37318, 60.565632], [12.37318, 60.565547], [12.37361, 60.565547], [12.37361, 60.565632], [12.37318, 60.565632]]]}, "properties": {"periode": "etter_host_2025", "areal_ha": 0.02, "andel_innenfor_jaktfelt": 1.0, "jaktfelt": "Dulpetorpet", "grunnlinje": "2025-09-25", "observert": "2026-09-03", "bekreftet": "2026-09-13"}}, {"type": "Feature", "geometry": {"type": "Polygon", "coordinates": [[[12.370777, 60.566517], [12.370777, 60.566475], [12.370691, 60.566475], [12.370691, 60.566391], [12.370949, 60.566391], [12.370949, 60.566349], [12.371206, 60.566264], [12.371206, 60.566138], [12.37112, 60.566138], [12.37112, 60.566096], [12.370777, 60.566096], [12.370777, 60.566053], [12.370691, 60.566053], [12.370691, 60.565969], [12.370863, 60.565927], [12.370777, 60.565421], [12.370863, 60.565421], [12.370863, 60.565336], [12.371035, 60.565336], [12.371035, 60.565463], [12.371206, 60.565463], [12.371206, 60.565505], [12.371292, 60.565505], [12.371292, 60.565463], [12.371378, 60.565463], [12.371292, 60.565294], [12.371464, 60.565252], [12.371464, 60.565294], [12.371721, 60.565294], [12.371721, 60.565336], [12.371807, 60.565336], [12.371807, 60.565716], [12.371721, 60.565716], [12.371721, 60.565758], [12.371378, 60.565758], [12.371378, 60.565885], [12.371721, 60.566011], [12.371721, 60.566096], [12.371378, 60.56618], [12.371378, 60.566433], [12.371292, 60.566433], [12.371292, 60.566475], [12.370777, 60.566517]]]}, "properties": {"periode": "etter_host_2025", "areal_ha": 0.48, "andel_innenfor_jaktfelt": 1.0, "jaktfelt": "Dulpetorpet", "grunnlinje": "2025-09-25", "observert": "2026-09-03", "bekreftet": "2026-09-13"}}, {"type": "Feature", "geometry": {"type": "Polygon", "coordinates": [[[12.362366, 60.565589], [12.362366, 60.565547], [12.36228, 60.565547], [12.36228, 60.565379], [12.361851, 60.565379], [12.361593, 60.565547], [12.36125, 60.565547], [12.36125, 60.565505], [12.361422, 60.565505], [12.361422, 60.565463], [12.361507, 60.565463], [12.361507, 60.565421], [12.361593, 60.565421], [12.361593, 60.565379], [12.361679, 60.565379], [12.361937, 60.56521], [12.362194, 60.56521], [12.36228, 60.565125], [12.362537, 60.565125], [12.362537, 60.565083], [12.363224, 60.565083], [12.363224, 60.565125], [12.363396, 60.565125], [12.363396, 60.565083], [12.363825, 60.565083], [12.363997, 60.564957], [12.364168, 60.564957], [12.364168, 60.564915], [12.364254, 60.564915], [12.364254, 60.564872], [12.364426, 60.564872], [12.364511, 60.564788], [12.364769, 60.564788], [12.364769, 60.56483], [12.364855, 60.56483], [12.364769, 60.564915], [12.364511, 60.564915], [12.364511, 60.564957], [12.364426, 60.564957], [12.364426, 60.565083], [12.364254, 60.565083], [12.364168, 60.565168], [12.363739, 60.565168], [12.363739, 60.565379], [12.363653, 60.565379], [12.363653, 60.565421], [12.363052, 60.565421], [12.363052, 60.565379], [12.362709, 60.565379], [12.362709, 60.565505], [12.362967, 60.565505], [12.362967, 60.565589], [12.362623, 60.565589], [12.362623, 60.565547], [12.362452, 60.565547], [12.362452, 60.565589], [12.362366, 60.565589]]]}, "properties": {"periode": "etter_host_2025", "areal_ha": 0.51, "andel_innenfor_jaktfelt": 0.02, "jaktfelt": "Dulpetorpet", "grunnlinje": "2025-09-25", "observert": "2026-09-03", "bekreftet": "2026-09-13"}}, {"type": "Feature", "geometry": {"type": "Polygon", "coordinates": [[[12.37155, 60.563059], [12.37155, 60.563016], [12.371464, 60.563016], [12.371464, 60.562974], [12.37155, 60.562974], [12.37155, 60.562805], [12.371979, 60.562805], [12.371979, 60.562848], [12.372322, 60.562805], [12.372322, 60.562848], [12.372408, 60.562848], [12.372236, 60.562974], [12.371893, 60.562974], [12.371807, 60.563059], [12.37155, 60.563059]]]}, "properties": {"periode": "etter_host_2025", "areal_ha": 0.09, "andel_innenfor_jaktfelt": 1.0, "jaktfelt": "Dulpetorpet", "grunnlinje": "2025-09-25", "observert": "2026-09-03", "bekreftet": "2026-09-13"}}, {"type": "Feature", "geometry": {"type": "Polygon", "coordinates": [[[12.368975, 60.561793], [12.368975, 60.561751], [12.368889, 60.561751], [12.368889, 60.561666], [12.368975, 60.561666], [12.368889, 60.561202], [12.369232, 60.561076], [12.369232, 60.560949], [12.369146, 60.560949], [12.369146, 60.560527], [12.369232, 60.560527], [12.369232, 60.560485], [12.369404, 60.560485], [12.36949, 60.560401], [12.369576, 60.560401], [12.369747, 60.560527], [12.37009, 60.560527], [12.370176, 60.560443], [12.37052, 60.560401], [12.37052, 60.560443], [12.370605, 60.560443], [12.370605, 60.560527], [12.37052, 60.560527], [12.37052, 60.56057], [12.370434, 60.56057], [12.370434, 60.560612], [12.370348, 60.560612], [12.37009, 60.560781], [12.369919, 60.560781], [12.369919, 60.560823], [12.369833, 60.560823], [12.369833, 60.560949], [12.369919, 60.560949], [12.369833, 60.56116], [12.369919, 60.56116], [12.369919, 60.561202], [12.369833, 60.561202], [12.369833, 60.561245], [12.369232, 60.561245], [12.369232, 60.561624], [12.369146, 60.561624], [12.369146, 60.561793], [12.368975, 60.561793]]]}, "properties": {"periode": "etter_host_2025", "areal_ha": 0.53, "andel_innenfor_jaktfelt": 1.0, "jaktfelt": "Dulpetorpet", "grunnlinje": "2025-09-25", "observert": "2026-09-03", "bekreftet": "2026-09-13"}}, {"type": "Feature", "geometry": {"type": "Polygon", "coordinates": [[[12.372837, 60.560949], [12.372837, 60.560907], [12.372751, 60.560907], [12.372751, 60.560738], [12.372665, 60.560738], [12.372665, 60.560696], [12.372837, 60.560654], [12.372837, 60.56057], [12.372923, 60.56057], [12.372923, 60.560527], [12.373095, 60.560527], [12.373095, 60.560485], [12.37318, 60.560485], [12.37318, 60.560401], [12.373266, 60.560401], [12.373352, 60.560317], [12.37361, 60.560317], [12.37361, 60.560359], [12.373695, 60.560359], [12.373695, 60.560401], [12.37361, 60.560401], [12.37361, 60.560485], [12.373867, 60.560485], [12.373867, 60.560359], [12.373953, 60.560359], [12.373953, 60.560317], [12.375069, 60.560317], [12.375069, 60.560274], [12.375584, 60.560274], [12.375584, 60.560317], [12.375669, 60.560317], [12.375669, 60.560359], [12.375498, 60.560359], [12.375498, 60.560401], [12.375412, 60.560401], [12.375412, 60.560443], [12.375669, 60.560443], [12.375669, 60.560485], [12.375755, 60.560485], [12.375755, 60.560612], [12.375669, 60.560612], [12.375669, 60.560654], [12.375584, 60.560654], [12.375584, 60.560612], [12.373695, 60.560612], [12.373695, 60.56057], [12.373352, 60.56057], [12.373352, 60.560612], [12.373266, 60.560612], [12.373266, 60.560907], [12.37318, 60.560907], [12.37318, 60.560949], [12.372837, 60.560949]]]}, "properties": {"periode": "etter_host_2025", "areal_ha": 0.54, "andel_innenfor_jaktfelt": 1.0, "jaktfelt": "Dulpetorpet", "grunnlinje": "2025-09-25", "observert": "2026-09-03", "bekreftet": "2026-09-13"}}, {"type": "Feature", "geometry": {"type": "MultiPolygon", "coordinates": [[[[12.364769, 60.563438], [12.364769, 60.563269], [12.364683, 60.563269], [12.364683, 60.563227], [12.364941, 60.563143], [12.364941, 60.563185], [12.365026, 60.563185], [12.365026, 60.563396], [12.364941, 60.563396], [12.364941, 60.563438], [12.364769, 60.563438]]], [[[12.364941, 60.563143], [12.364941, 60.563101], [12.364855, 60.563101], [12.364855, 60.562932], [12.365026, 60.56289], [12.365026, 60.562763], [12.364941, 60.562763], [12.364941, 60.562468], [12.365026, 60.562468], [12.365026, 60.562426], [12.365284, 60.562426], [12.365284, 60.56192], [12.365627, 60.56192], [12.365627, 60.561793], [12.365713, 60.561793], [12.365713, 60.561709], [12.365627, 60.561709], [12.365627, 60.561624], [12.365713, 60.561624], [12.365713, 60.561456], [12.365799, 60.561456], [12.365799, 60.561413], [12.366056, 60.561413], [12.366056, 60.561329], [12.365971, 60.561329], [12.365971, 60.561287], [12.366314, 60.561202], [12.366314, 60.560992], [12.366228, 60.560992], [12.366228, 60.560359], [12.366314, 60.560359], [12.366314, 60.560317], [12.366571, 60.560317], [12.366571, 60.560232], [12.366657, 60.560232], [12.366657, 60.56019], [12.367086, 60.56019], [12.367172, 60.560274], [12.367687, 60.560274], [12.367687, 60.560106], [12.367945, 60.560021], [12.367945, 60.560063], [12.368031, 60.560063], [12.368031, 60.56019], [12.367945, 60.56019], [12.368031, 60.560443], [12.367945, 60.560443], [12.367945, 60.560485], [12.367516, 60.560485], [12.367516, 60.560527], [12.36743, 60.560527], [12.36743, 60.560612], [12.367601, 60.560654], [12.367601, 60.560823], [12.367687, 60.560823], [12.367687, 60.560865], [12.36743, 60.560949], [12.36743, 60.561034], [12.367344, 60.561034], [12.367344, 60.561076], [12.367086, 60.561076], [12.367086, 60.561118], [12.367001, 60.561118], [12.367001, 60.561245], [12.366657, 60.561245], [12.366657, 60.561329], [12.367001, 60.561413], [12.367001, 60.561456], [12.366743, 60.56154], [12.366743, 60.561624], [12.366829, 60.561624], [12.366829, 60.561666], [12.366743, 60.561666], [12.366743, 60.561709], [12.366486, 60.561709], [12.366486, 60.561751], [12.366228, 60.561835], [12.366228, 60.56192], [12.366056, 60.561962], [12.366056, 60.56213], [12.366314, 60.56213], [12.366314, 60.562173], [12.366743, 60.562173], [12.366743, 60.56213], [12.366829, 60.56213], [12.366915, 60.562215], [12.366829, 60.562215], [12.366829, 60.562257], [12.366657, 60.562257], [12.366657, 60.562299], [12.366571, 60.562299], [12.366571, 60.562341], [12.3664, 60.562341], [12.3664, 60.562384], [12.366056, 60.562384], [12.365885, 60.562595], [12.365541, 60.562595], [12.365541, 60.562637], [12.365284, 60.562721], [12.365284, 60.562932], [12.36537, 60.562932], [12.36537, 60.563016], [12.365284, 60.563016], [12.365198, 60.563101], [12.365026, 60.563101], [12.365026, 60.563143], [12.364941, 60.563143]], [[12.365198, 60.562595], [12.365284, 60.562595], [12.365284, 60.562552], [12.365198, 60.562552], [12.365198, 60.562595]]]]}, "properties": {"periode": "etter_host_2025", "areal_ha": 1.77, "andel_innenfor_jaktfelt": 0.27, "jaktfelt": "Dulpetorpet", "grunnlinje": "2025-09-25", "observert": "2026-09-03", "bekreftet": "2026-09-13"}}, {"type": "Feature", "geometry": {"type": "Polygon", "coordinates": [[[12.374296, 60.559937], [12.374296, 60.559768], [12.373781, 60.55981], [12.373781, 60.559557], [12.373867, 60.559557], [12.373867, 60.559515], [12.374125, 60.559515], [12.37421, 60.559599], [12.374897, 60.559599], [12.374897, 60.559642], [12.374983, 60.559642], [12.374983, 60.559726], [12.374897, 60.559726], [12.374897, 60.559895], [12.374811, 60.559895], [12.374811, 60.559937], [12.374296, 60.559937]]]}, "properties": {"periode": "etter_host_2025", "areal_ha": 0.2, "andel_innenfor_jaktfelt": 1.0, "jaktfelt": "Dulpetorpet", "grunnlinje": "2025-09-25", "observert": "2026-09-03", "bekreftet": "2026-09-13"}}, {"type": "Feature", "geometry": {"type": "Polygon", "coordinates": [[[12.368202, 60.559599], [12.368202, 60.559515], [12.368288, 60.559515], [12.368288, 60.559431], [12.368374, 60.559431], [12.368374, 60.559388], [12.368889, 60.559388], [12.368889, 60.559431], [12.368975, 60.559431], [12.368975, 60.559515], [12.368889, 60.559515], [12.368889, 60.559557], [12.368803, 60.559557], [12.368803, 60.559515], [12.368546, 60.559515], [12.36846, 60.559599], [12.368202, 60.559599]]]}, "properties": {"periode": "etter_host_2025", "areal_ha": 0.07, "andel_innenfor_jaktfelt": 1.0, "jaktfelt": "Dulpetorpet", "grunnlinje": "2025-09-25", "observert": "2026-09-03", "bekreftet": "2026-09-13"}}, {"type": "Feature", "geometry": {"type": "Polygon", "coordinates": [[[12.367258, 60.559557], [12.367258, 60.559515], [12.367172, 60.559515], [12.367172, 60.559388], [12.367086, 60.559388], [12.367086, 60.559262], [12.367258, 60.55922], [12.367258, 60.559135], [12.367172, 60.559135], [12.367172, 60.559093], [12.367258, 60.559093], [12.367344, 60.559009], [12.367601, 60.559009], [12.367601, 60.559051], [12.367773, 60.559051], [12.367773, 60.559135], [12.367601, 60.559177], [12.367601, 60.559262], [12.367773, 60.559262], [12.367773, 60.55922], [12.367945, 60.559262], [12.367945, 60.559515], [12.368031, 60.559515], [12.368031, 60.559557], [12.367773, 60.559557], [12.367773, 60.559515], [12.36743, 60.559515], [12.36743, 60.559557], [12.367258, 60.559557]]]}, "properties": {"periode": "etter_host_2025", "areal_ha": 0.2, "andel_innenfor_jaktfelt": 0.14, "jaktfelt": "Dulpetorpet", "grunnlinje": "2025-09-25", "observert": "2026-09-03", "bekreftet": "2026-09-13"}}, {"type": "Feature", "geometry": {"type": "Polygon", "coordinates": [[[12.380991, 60.55846], [12.380991, 60.558292], [12.381163, 60.558249], [12.381163, 60.558081], [12.381334, 60.558081], [12.381334, 60.558334], [12.381163, 60.558376], [12.381163, 60.55846], [12.380991, 60.55846]]]}, "properties": {"periode": "etter_host_2025", "areal_ha": 0.05, "andel_innenfor_jaktfelt": 1.0, "jaktfelt": "Dulpetorpet", "grunnlinje": "2025-09-25", "observert": "2026-09-03", "bekreftet": "2026-09-13"}}, {"type": "Feature", "geometry": {"type": "Polygon", "coordinates": [[[12.376099, 60.559557], [12.376099, 60.559515], [12.375927, 60.559473], [12.375927, 60.559304], [12.376013, 60.559304], [12.376099, 60.559135], [12.37627, 60.559093], [12.37627, 60.558967], [12.376614, 60.558882], [12.376614, 60.558671], [12.376528, 60.558671], [12.376528, 60.558629], [12.376442, 60.558629], [12.376442, 60.558545], [12.376184, 60.55846], [12.376184, 60.558376], [12.376356, 60.558334], [12.376356, 60.558165], [12.37627, 60.558165], [12.376184, 60.558081], [12.375841, 60.558123], [12.375841, 60.557827], [12.375755, 60.557827], [12.375755, 60.557785], [12.375584, 60.557785], [12.375584, 60.557827], [12.375412, 60.55787], [12.375412, 60.557954], [12.375669, 60.558038], [12.375669, 60.558123], [12.375584, 60.558123], [12.375584, 60.558207], [12.375669, 60.558207], [12.375669, 60.558418], [12.375841, 60.55846], [12.375841, 60.558587], [12.375755, 60.558587], [12.375669, 60.558671], [12.374554, 60.558671], [12.374296, 60.558502], [12.374039, 60.558502], [12.374039, 60.558545], [12.373867, 60.558545], [12.373867, 60.558502], [12.373781, 60.558502], [12.373781, 60.55846], [12.374125, 60.55846], [12.374125, 60.558334], [12.373524, 60.558334], [12.373438, 60.558418], [12.372751, 60.558418], [12.372751, 60.558629], [12.372665, 60.558629], [12.372665, 60.558671], [12.372408, 60.558671], [12.372408, 60.558713], [12.372236, 60.558756], [12.372236, 60.558924], [12.37215, 60.558924], [12.372065, 60.559009], [12.371807, 60.559009], [12.371807, 60.559051], [12.371721, 60.559051], [12.371721, 60.559093], [12.37155, 60.559093], [12.37155, 60.559135], [12.371378, 60.559135], [12.371378, 60.559093], [12.371292, 60.559093], [12.371206, 60.558924], [12.371035, 60.558924], [12.370949, 60.55884], [12.370777, 60.55884], [12.37052, 60.559093], [12.370005, 60.559093], [12.369747, 60.559262], [12.369318, 60.559262], [12.369318, 60.559177], [12.369661, 60.559177], [12.369661, 60.559135], [12.369747, 60.559135], [12.369747, 60.559009], [12.37009, 60.559009], [12.37009, 60.558882], [12.36949, 60.558924], [12.36949, 60.558798], [12.369576, 60.558798], [12.369661, 60.558713], [12.369919, 60.558713], [12.369919, 60.558671], [12.37009, 60.558629], [12.37009, 60.558671], [12.370176, 60.558671], [12.370176, 60.558798], [12.370605, 60.558798], [12.370605, 60.558756], [12.370691, 60.558756], [12.370691, 60.558629], [12.371035, 60.558587], [12.371035, 60.558418], [12.371464, 60.55846], [12.371721, 60.558292], [12.372065, 60.558292], [12.372065, 60.558123], [12.37215, 60.558123], [12.372236, 60.558038], [12.372408, 60.558081], [12.372408, 60.558123], [12.372322, 60.558123], [12.372322, 60.558207], [12.372494, 60.558207], [12.372494, 60.558123], [12.37258, 60.558123], [12.37258, 60.55787], [12.372665, 60.55787], [12.372665, 60.557827], [12.373009, 60.557827], [12.373095, 60.557743], [12.373438, 60.557701], [12.373524, 60.557616], [12.373953, 60.557616], [12.373953, 60.557237], [12.373867, 60.557237], [12.373867, 60.557195], [12.373524, 60.557195], [12.373524, 60.557152], [12.37318, 60.557026], [12.37318, 60.556941], [12.373009, 60.556941], [12.373009, 60.556899], [12.372923, 60.556899], [12.372923, 60.556773], [12.373009, 60.556773], [12.37318, 60.556646], [12.373352, 60.556646], [12.373524, 60.556477], [12.37361, 60.556477], [12.373695, 60.556562], [12.373867, 60.556562], [12.373867, 60.556393], [12.373953, 60.556393], [12.373953, 60.556351], [12.374811, 60.556266], [12.374897, 60.556182], [12.37524, 60.55614], [12.375326, 60.556055], [12.375498, 60.556055], [12.375498, 60.556098], [12.375841, 60.556055], [12.375841, 60.556098], [12.376013, 60.55614], [12.376013, 60.556688], [12.375927, 60.556688], [12.375669, 60.556857], [12.375412, 60.556857], [12.375412, 60.556899], [12.375326, 60.556899], [12.375326, 60.557026], [12.375412, 60.557026], [12.375412, 60.557068], [12.375584, 60.557068], [12.375584, 60.557026], [12.375927, 60.557026], [12.375927, 60.557068], [12.376099, 60.557068], [12.376099, 60.557026], [12.377214, 60.557026], [12.377214, 60.556984], [12.377558, 60.556984], [12.377644, 60.557068], [12.377815, 60.557068], [12.377815, 60.557026], [12.377987, 60.556984], [12.377987, 60.556899], [12.377901, 60.556899], [12.377729, 60.556773], [12.377815, 60.556773], [12.377815, 60.55673], [12.378244, 60.55673], [12.37833, 60.556646], [12.378588, 60.556646], [12.378588, 60.556688], [12.379103, 60.556688], [12.379103, 60.55673], [12.379446, 60.55673], [12.379446, 60.556688], [12.379961, 60.556688], [12.380133, 60.556562], [12.381248, 60.556562], [12.381163, 60.55673], [12.38142, 60.556815], [12.38142, 60.556941], [12.381592, 60.556984], [12.381592, 60.557195], [12.381763, 60.557237], [12.381763, 60.557701], [12.381678, 60.557701], [12.381678, 60.557827], [12.381592, 60.557827], [12.381592, 60.55787], [12.381506, 60.55787], [12.381506, 60.557827], [12.381334, 60.557827], [12.381334, 60.55787], [12.381248, 60.55787], [12.381077, 60.557701], [12.380905, 60.557701], [12.380905, 60.557743], [12.380819, 60.557743], [12.380733, 60.557827], [12.380562, 60.557827], [12.380562, 60.55787], [12.38039, 60.55787], [12.38039, 60.557827], [12.379961, 60.557827], [12.379961, 60.557912], [12.380133, 60.557912], [12.380304, 60.558038], [12.380648, 60.558038], [12.380648, 60.558081], [12.380733, 60.558081], [12.380733, 60.558207], [12.380648, 60.558207], [12.380648, 60.558292], [12.380562, 60.558292], [12.380562, 60.558418], [12.380648, 60.558418], [12.380648, 60.558671], [12.380562, 60.558671], [12.380562, 60.558713], [12.379961, 60.558713], [12.380047, 60.558924], [12.379446, 60.558924], [12.379446, 60.558882], [12.379103, 60.558924], [12.379103, 60.558882], [12.378759, 60.55884], [12.378759, 60.558882], [12.378588, 60.558882], [12.378588, 60.558924], [12.378502, 60.558924], [12.378502, 60.559009], [12.37833, 60.559051], [12.37833, 60.559009], [12.378073, 60.559009], [12.378073, 60.558756], [12.377987, 60.558756], [12.377987, 60.558713], [12.377815, 60.558713], [12.377644, 60.558587], [12.377472, 60.558587], [12.377472, 60.558629], [12.3773, 60.558671], [12.377214, 60.559051], [12.377043, 60.559093], [12.377043, 60.55922], [12.376957, 60.55922], [12.376957, 60.559304], [12.376871, 60.559304], [12.376871, 60.559431], [12.376785, 60.559431], [12.376614, 60.559557], [12.376099, 60.559557]], [[12.376785, 60.558671], [12.377043, 60.558671], [12.377129, 60.558587], [12.377386, 60.558587], [12.377472, 60.558502], [12.378073, 60.558502], [12.378073, 60.558545], [12.378244, 60.558545], [12.378244, 60.558587], [12.378416, 60.558587], [12.378416, 60.558629], [12.378931, 60.558629], [12.378931, 60.558587], [12.379189, 60.558587], [12.379189, 60.558545], [12.379274, 60.558545], [12.379274, 60.558418], [12.379532, 60.558334], [12.379532, 60.558207], [12.379875, 60.558207], [12.379875, 60.558081], [12.379532, 60.558081], [12.379532, 60.557996], [12.379103, 60.557996], [12.379103, 60.557954], [12.378931, 60.557954], [12.378931, 60.557996], [12.378759, 60.557996], [12.378759, 60.557954], [12.37833, 60.557954], [12.37833, 60.557912], [12.377901, 60.557954], [12.377901, 60.557743], [12.377815, 60.557743], [12.377644, 60.557616], [12.377472, 60.557616], [12.377472, 60.557574], [12.377386, 60.557574], [12.377386, 60.557532], [12.377472, 60.557532], [12.377472, 60.557448], [12.377386, 60.557448], [12.377386, 60.557406], [12.376957, 60.557406], [12.376957, 60.557616], [12.376871, 60.557616], [12.376871, 60.557743], [12.376957, 60.557743], [12.376957, 60.557785], [12.3773, 60.557912], [12.3773, 60.558081], [12.377129, 60.558123], [12.377129, 60.558249], [12.376785, 60.558376], [12.376785, 60.558502], [12.376699, 60.558502], [12.376699, 60.558629], [12.376785, 60.558629], [12.376785, 60.558671]]]}, "properties": {"periode": "etter_host_2025", "areal_ha": 9.93, "andel_innenfor_jaktfelt": 1.0, "jaktfelt": "Dulpetorpet", "grunnlinje": "2025-09-25", "observert": "2026-09-03", "bekreftet": "2026-09-13"}}, {"type": "Feature", "geometry": {"type": "Polygon", "coordinates": [[[12.391462, 60.547067], [12.391462, 60.547025], [12.391291, 60.547025], [12.391291, 60.546983], [12.391205, 60.546983], [12.391205, 60.546772], [12.391119, 60.546772], [12.391119, 60.54673], [12.390776, 60.54673], [12.390776, 60.546687], [12.39069, 60.546687], [12.39069, 60.546603], [12.391205, 60.546434], [12.391205, 60.546308], [12.391891, 60.546308], [12.391891, 60.54635], [12.392063, 60.54635], [12.392149, 60.546434], [12.392321, 60.546434], [12.392321, 60.546392], [12.392406, 60.546392], [12.392578, 60.546519], [12.39275, 60.546519], [12.39275, 60.546561], [12.392836, 60.546561], [12.392836, 60.54673], [12.392921, 60.54673], [12.392921, 60.546856], [12.392836, 60.546856], [12.392836, 60.546898], [12.391806, 60.546941], [12.391634, 60.547067], [12.391462, 60.547067]]]}, "properties": {"periode": "etter_host_2025", "areal_ha": 0.64, "andel_innenfor_jaktfelt": 0.0, "jaktfelt": "Dulpetorpet", "grunnlinje": "2025-09-25", "observert": "2026-09-03", "bekreftet": "2026-09-13"}}, {"type": "Feature", "geometry": {"type": "Polygon", "coordinates": [[[12.391205, 60.546181], [12.391205, 60.546054], [12.391119, 60.546054], [12.391119, 60.545843], [12.391205, 60.545843], [12.391291, 60.545759], [12.391462, 60.545759], [12.391462, 60.545801], [12.391548, 60.545801], [12.391548, 60.545886], [12.391462, 60.545886], [12.391462, 60.546054], [12.391376, 60.546054], [12.391376, 60.546181], [12.391205, 60.546181]]]}, "properties": {"periode": "etter_host_2025", "areal_ha": 0.07, "andel_innenfor_jaktfelt": 0.0, "jaktfelt": "Dulpetorpet", "grunnlinje": "2025-09-25", "observert": "2026-09-03", "bekreftet": "2026-09-13"}}, {"type": "Feature", "geometry": {"type": "Polygon", "coordinates": [[[12.392578, 60.545759], [12.392578, 60.545717], [12.392235, 60.545717], [12.392235, 60.545675], [12.392063, 60.545675], [12.392063, 60.545632], [12.391977, 60.545632], [12.391977, 60.54559], [12.392063, 60.54559], [12.391977, 60.545252], [12.392063, 60.545252], [12.392063, 60.54521], [12.392149, 60.54521], [12.392149, 60.545126], [12.392321, 60.545084], [12.392321, 60.544957], [12.392492, 60.544915], [12.392492, 60.54483], [12.392578, 60.54483], [12.392578, 60.544788], [12.393007, 60.544788], [12.393007, 60.54483], [12.393351, 60.544873], [12.393351, 60.54483], [12.393522, 60.54483], [12.393522, 60.544788], [12.393608, 60.544788], [12.393608, 60.544746], [12.39378, 60.544746], [12.39378, 60.544704], [12.394896, 60.544704], [12.395067, 60.544493], [12.395239, 60.544535], [12.395239, 60.544619], [12.395325, 60.544619], [12.395325, 60.544662], [12.395582, 60.544662], [12.395582, 60.544704], [12.395754, 60.544704], [12.395754, 60.544662], [12.396355, 60.544662], [12.396355, 60.54483], [12.396011, 60.544915], [12.396011, 60.545337], [12.395926, 60.545337], [12.395926, 60.545379], [12.395582, 60.545379], [12.395496, 60.545464], [12.395325, 60.545464], [12.395325, 60.545421], [12.394981, 60.545421], [12.394981, 60.545379], [12.394896, 60.545379], [12.394896, 60.545084], [12.394466, 60.544999], [12.394466, 60.544957], [12.394638, 60.544915], [12.394638, 60.544788], [12.394381, 60.544788], [12.394381, 60.54483], [12.394295, 60.54483], [12.394295, 60.544999], [12.393866, 60.544999], [12.393608, 60.545168], [12.393436, 60.545168], [12.393436, 60.54559], [12.393351, 60.54559], [12.393351, 60.545632], [12.392921, 60.54559], [12.392921, 60.545632], [12.39275, 60.545675], [12.39275, 60.545759], [12.392578, 60.545759]]]}, "properties": {"periode": "etter_host_2025", "areal_ha": 1.48, "andel_innenfor_jaktfelt": 0.0, "jaktfelt": "Dulpetorpet", "grunnlinje": "2025-09-25", "observert": "2026-09-03", "bekreftet": "2026-09-13"}}, {"type": "Feature", "geometry": {"type": "Polygon", "coordinates": [[[12.392406, 60.544577], [12.392235, 60.544451], [12.391891, 60.544493], [12.391891, 60.544451], [12.39172, 60.544408], [12.39172, 60.544324], [12.391891, 60.544282], [12.391806, 60.544113], [12.391891, 60.544113], [12.391977, 60.544028], [12.392149, 60.544028], [12.392321, 60.543902], [12.39275, 60.543902], [12.39275, 60.543944], [12.392836, 60.543944], [12.392836, 60.544028], [12.392921, 60.544028], [12.392921, 60.544071], [12.393093, 60.544071], [12.393093, 60.544197], [12.393179, 60.544197], [12.393179, 60.544366], [12.393265, 60.544366], [12.393265, 60.544451], [12.393093, 60.544451], [12.392921, 60.544577], [12.392406, 60.544577]]]}, "properties": {"periode": "etter_host_2025", "areal_ha": 0.44, "andel_innenfor_jaktfelt": 0.0, "jaktfelt": "Dulpetorpet", "grunnlinje": "2025-09-25", "observert": "2026-09-03", "bekreftet": "2026-09-13"}}, {"type": "Feature", "geometry": {"type": "Polygon", "coordinates": [[[12.407084, 60.610185], [12.407084, 60.610142], [12.406826, 60.610142], [12.406826, 60.610016], [12.406912, 60.610016], [12.406912, 60.609974], [12.407513, 60.609974], [12.407598, 60.60989], [12.408285, 60.60989], [12.408199, 60.609974], [12.407942, 60.609974], [12.407856, 60.610058], [12.407427, 60.610058], [12.407255, 60.610185], [12.407084, 60.610185]]]}, "properties": {"periode": "host_2024_til_host_2025", "areal_ha": 0.12, "andel_innenfor_jaktfelt": 1.0, "jaktfelt": "Dulpetorpet", "grunnlinje": "2024-09-15", "observert": "2026-09-03", "bekreftet": "2026-09-13"}}, {"type": "Feature", "geometry": {"type": "Polygon", "coordinates": [[[12.408714, 60.609848], [12.408714, 60.609763], [12.409573, 60.609763], [12.409573, 60.609848], [12.408714, 60.609848]]]}, "properties": {"periode": "host_2024_til_host_2025", "areal_ha": 0.04, "andel_innenfor_jaktfelt": 1.0, "jaktfelt": "Dulpetorpet", "grunnlinje": "2024-09-15", "observert": "2026-09-03", "bekreftet": "2026-09-13"}}, {"type": "Feature", "geometry": {"type": "Polygon", "coordinates": [[[12.410173, 60.609637], [12.410173, 60.609553], [12.410603, 60.609553], [12.410603, 60.609637], [12.410173, 60.609637]]]}, "properties": {"periode": "host_2024_til_host_2025", "areal_ha": 0.02, "andel_innenfor_jaktfelt": 1.0, "jaktfelt": "Dulpetorpet", "grunnlinje": "2024-09-15", "observert": "2026-09-03", "bekreftet": "2026-09-13"}}, {"type": "Feature", "geometry": {"type": "Polygon", "coordinates": [[[12.418585, 60.608331], [12.418585, 60.608247], [12.419014, 60.608247], [12.419014, 60.608331], [12.418585, 60.608331]]]}, "properties": {"periode": "host_2024_til_host_2025", "areal_ha": 0.02, "andel_innenfor_jaktfelt": 0.0, "jaktfelt": "Dulpetorpet", "grunnlinje": "2024-09-15", "observert": "2026-09-03", "bekreftet": "2026-09-13"}}, {"type": "Feature", "geometry": {"type": "Polygon", "coordinates": [[[12.422962, 60.607699], [12.422962, 60.607615], [12.42322, 60.607615], [12.42322, 60.607531], [12.423306, 60.607531], [12.423306, 60.607489], [12.423649, 60.607489], [12.423735, 60.607404], [12.423992, 60.607489], [12.423992, 60.607531], [12.423906, 60.607531], [12.423735, 60.607657], [12.423563, 60.607657], [12.423563, 60.607699], [12.422962, 60.607699]]]}, "properties": {"periode": "host_2024_til_host_2025", "areal_ha": 0.09, "andel_innenfor_jaktfelt": 0.0, "jaktfelt": "Dulpetorpet", "grunnlinje": "2024-09-15", "observert": "2026-09-03", "bekreftet": "2026-09-13"}}, {"type": "Feature", "geometry": {"type": "Polygon", "coordinates": [[[12.42425, 60.607657], [12.42425, 60.607615], [12.424078, 60.607573], [12.424078, 60.607447], [12.424164, 60.607447], [12.424164, 60.607404], [12.424507, 60.607404], [12.424507, 60.60732], [12.424593, 60.60732], [12.424593, 60.607278], [12.424936, 60.607278], [12.425022, 60.607194], [12.425537, 60.607194], [12.425537, 60.607362], [12.425451, 60.607362], [12.425451, 60.607404], [12.425194, 60.607404], [12.42485, 60.607657], [12.424679, 60.607657], [12.424679, 60.607615], [12.42425, 60.607657]]]}, "properties": {"periode": "host_2024_til_host_2025", "areal_ha": 0.23, "andel_innenfor_jaktfelt": 0.0, "jaktfelt": "Dulpetorpet", "grunnlinje": "2024-09-15", "observert": "2026-09-03", "bekreftet": "2026-09-13"}}, {"type": "Feature", "geometry": {"type": "Polygon", "coordinates": [[[12.427511, 60.606562], [12.427511, 60.606225], [12.427597, 60.606225], [12.427683, 60.606141], [12.427855, 60.606141], [12.427855, 60.606099], [12.428112, 60.606099], [12.428112, 60.606183], [12.428026, 60.606183], [12.428026, 60.606351], [12.427683, 60.606436], [12.427683, 60.606562], [12.427511, 60.606562]]]}, "properties": {"periode": "host_2024_til_host_2025", "areal_ha": 0.1, "andel_innenfor_jaktfelt": 0.0, "jaktfelt": "Dulpetorpet", "grunnlinje": "2024-09-15", "observert": "2026-09-03", "bekreftet": "2026-09-13"}}, {"type": "Feature", "geometry": {"type": "Polygon", "coordinates": [[[12.335672, 60.609047], [12.335672, 60.609005], [12.335501, 60.609005], [12.335501, 60.608963], [12.335415, 60.608963], [12.335415, 60.608837], [12.335329, 60.608837], [12.335329, 60.60871], [12.335758, 60.60871], [12.335758, 60.608584], [12.335672, 60.608584], [12.335672, 60.608542], [12.335072, 60.6085], [12.335072, 60.608542], [12.334986, 60.608542], [12.334986, 60.608668], [12.334814, 60.608668], [12.334814, 60.608415], [12.334728, 60.608415], [12.334642, 60.608331], [12.334042, 60.608331], [12.334299, 60.608163], [12.334471, 60.608163], [12.334385, 60.607952], [12.3349, 60.607952], [12.3349, 60.607994], [12.334986, 60.607994], [12.334986, 60.607952], [12.335157, 60.607952], [12.335157, 60.607868], [12.335072, 60.607868], [12.335072, 60.607657], [12.335157, 60.607657], [12.335157, 60.607615], [12.335501, 60.607615], [12.335501, 60.607404], [12.335587, 60.607404], [12.335587, 60.607362], [12.335672, 60.607362], [12.335672, 60.607404], [12.335844, 60.607362], [12.335844, 60.607278], [12.33593, 60.607278], [12.33593, 60.607194], [12.335844, 60.607194], [12.335844, 60.607152], [12.336102, 60.607067], [12.336102, 60.606941], [12.336016, 60.606941], [12.336016, 60.606899], [12.335758, 60.606899], [12.335758, 60.606941], [12.335587, 60.606983], [12.335587, 60.607067], [12.335415, 60.607067], [12.335415, 60.607025], [12.335329, 60.607025], [12.335415, 60.60673], [12.335501, 60.60673], [12.335501, 60.606646], [12.335415, 60.606646], [12.335415, 60.606604], [12.335501, 60.606604], [12.335501, 60.606562], [12.335672, 60.606562], [12.335758, 60.606478], [12.336531, 60.606478], [12.336531, 60.606436], [12.336788, 60.606351], [12.336874, 60.606183], [12.337046, 60.606183], [12.337046, 60.606225], [12.337475, 60.606225], [12.337732, 60.606056], [12.338161, 60.606056], [12.338161, 60.606141], [12.33799, 60.606141], [12.33799, 60.606267], [12.337904, 60.606267], [12.337904, 60.606309], [12.337561, 60.606436], [12.337561, 60.606562], [12.337646, 60.606562], [12.337818, 60.606688], [12.338247, 60.606688], [12.338247, 60.606646], [12.338333, 60.606646], [12.338333, 60.606478], [12.338505, 60.606478], [12.338505, 60.606562], [12.338848, 60.606646], [12.338848, 60.606773], [12.338934, 60.606773], [12.338934, 60.606815], [12.339363, 60.606815], [12.339363, 60.606857], [12.339535, 60.606857], [12.339535, 60.606899], [12.339621, 60.606899], [12.339621, 60.607025], [12.339449, 60.607067], [12.339449, 60.607152], [12.339792, 60.607152], [12.339792, 60.607194], [12.339964, 60.607194], [12.339964, 60.607152], [12.340136, 60.60711], [12.340136, 60.607152], [12.340221, 60.607152], [12.340221, 60.607236], [12.340136, 60.607236], [12.340136, 60.607278], [12.339964, 60.607278], [12.339792, 60.607447], [12.339277, 60.607404], [12.339277, 60.607489], [12.339106, 60.607531], [12.339106, 60.607489], [12.338934, 60.607447], [12.338934, 60.607362], [12.338762, 60.60732], [12.338762, 60.607067], [12.338505, 60.607067], [12.338333, 60.607236], [12.33799, 60.607236], [12.33799, 60.607194], [12.337818, 60.607152], [12.337818, 60.607067], [12.337732, 60.607067], [12.337818, 60.606857], [12.337732, 60.606857], [12.337646, 60.606773], [12.337389, 60.606773], [12.337389, 60.606857], [12.337475, 60.606857], [12.337475, 60.606941], [12.337561, 60.606941], [12.337561, 60.606983], [12.337475, 60.606983], [12.337475, 60.60711], [12.337389, 60.60711], [12.337389, 60.607194], [12.337303, 60.607194], [12.337303, 60.607447], [12.337132, 60.607489], [12.337132, 60.607699], [12.337217, 60.607699], [12.337217, 60.607741], [12.337646, 60.607699], [12.337646, 60.607741], [12.337818, 60.607741], [12.337818, 60.607784], [12.337904, 60.607784], [12.337904, 60.607868], [12.337732, 60.607868], [12.337732, 60.60791], [12.337646, 60.60791], [12.337646, 60.608036], [12.337303, 60.608036], [12.337303, 60.608078], [12.337217, 60.608078], [12.337217, 60.608163], [12.337475, 60.608163], [12.337475, 60.608121], [12.337646, 60.608163], [12.337646, 60.608247], [12.337561, 60.608247], [12.337561, 60.608289], [12.337217, 60.608289], [12.337217, 60.608458], [12.337303, 60.608458], [12.337303, 60.6085], [12.337475, 60.6085], [12.337475, 60.608584], [12.337389, 60.608584], [12.337389, 60.608542], [12.337046, 60.608542], [12.337046, 60.6085], [12.33696, 60.6085], [12.33696, 60.608458], [12.336874, 60.608458], [12.336617, 60.608289], [12.336445, 60.608289], [12.336445, 60.608331], [12.336273, 60.608373], [12.336273, 60.608542], [12.336102, 60.608584], [12.336102, 60.60871], [12.336016, 60.60871], [12.336016, 60.608752], [12.33593, 60.608752], [12.33593, 60.608837], [12.335844, 60.608837], [12.335844, 60.608879], [12.33593, 60.608879], [12.33593, 60.609047], [12.335672, 60.609047]], [[12.33593, 60.608078], [12.336874, 60.608078], [12.336874, 60.608036], [12.337132, 60.607952], [12.337132, 60.607868], [12.337046, 60.607868], [12.336874, 60.607741], [12.336445, 60.607741], [12.336445, 60.607699], [12.336359, 60.607699], [12.336359, 60.607489], [12.336273, 60.607489], [12.336273, 60.607447], [12.335844, 60.607447], [12.335844, 60.607404], [12.335758, 60.607404], [12.335758, 60.607447], [12.335672, 60.607447], [12.335758, 60.607699], [12.335672, 60.607699], [12.335672, 60.607741], [12.335415, 60.607741], [12.335415, 60.607784], [12.335501, 60.607784], [12.335501, 60.607826], [12.335672, 60.607826], [12.335672, 60.607868], [12.335844, 60.60791], [12.335844, 60.608036], [12.33593, 60.608036], [12.33593, 60.608078]], [[12.336874, 60.608247], [12.337046, 60.608247], [12.337046, 60.608121], [12.336874, 60.608121], [12.336874, 60.608247]], [[12.335243, 60.608121], [12.335329, 60.608121], [12.335329, 60.608078], [12.335243, 60.608078], [12.335243, 60.608121]]]}, "properties": {"periode": "host_2024_til_host_2025", "areal_ha": 3.39, "andel_innenfor_jaktfelt": 0.0, "jaktfelt": "Dulpetorpet", "grunnlinje": "2024-09-15", "observert": "2026-09-03", "bekreftet": "2026-09-13"}}, {"type": "Feature", "geometry": {"type": "Polygon", "coordinates": [[[12.335672, 60.606225], [12.335672, 60.606183], [12.335587, 60.606183], [12.335587, 60.606014], [12.335501, 60.606014], [12.335587, 60.605846], [12.335415, 60.605846], [12.335415, 60.605804], [12.335243, 60.605761], [12.335243, 60.605424], [12.335157, 60.605424], [12.335157, 60.60534], [12.335072, 60.60534], [12.335072, 60.605214], [12.335243, 60.605172], [12.335243, 60.605087], [12.335157, 60.605087], [12.335157, 60.605003], [12.335243, 60.605003], [12.335243, 60.604961], [12.335415, 60.604961], [12.335415, 60.605003], [12.335501, 60.605003], [12.335501, 60.605045], [12.335587, 60.605045], [12.335844, 60.605214], [12.336102, 60.605214], [12.336102, 60.605256], [12.336187, 60.605256], [12.336187, 60.605382], [12.336016, 60.605424], [12.336016, 60.605761], [12.335844, 60.605804], [12.33593, 60.606099], [12.335844, 60.606099], [12.335844, 60.606225], [12.335672, 60.606225]]]}, "properties": {"periode": "host_2024_til_host_2025", "areal_ha": 0.45, "andel_innenfor_jaktfelt": 0.0, "jaktfelt": "Dulpetorpet", "grunnlinje": "2024-09-15", "observert": "2026-09-03", "bekreftet": "2026-09-13"}}, {"type": "Feature", "geometry": {"type": "Polygon", "coordinates": [[[12.345715, 60.605593], [12.345715, 60.605551], [12.345543, 60.605509], [12.345543, 60.605424], [12.345371, 60.605382], [12.345371, 60.605045], [12.345285, 60.605045], [12.345285, 60.604961], [12.3458, 60.604961], [12.3458, 60.605003], [12.345886, 60.605003], [12.345886, 60.605087], [12.34623, 60.605172], [12.34623, 60.60534], [12.346144, 60.60534], [12.346144, 60.605382], [12.345886, 60.605467], [12.345886, 60.605551], [12.345715, 60.605593]]]}, "properties": {"periode": "host_2024_til_host_2025", "areal_ha": 0.23, "andel_innenfor_jaktfelt": 0.0, "jaktfelt": "Dulpetorpet", "grunnlinje": "2024-09-15", "observert": "2026-09-03", "bekreftet": "2026-09-13"}}, {"type": "Feature", "geometry": {"type": "Polygon", "coordinates": [[[12.342024, 60.60534], [12.342024, 60.605298], [12.341852, 60.605256], [12.341852, 60.605087], [12.341938, 60.605087], [12.342024, 60.605003], [12.341938, 60.605003], [12.341938, 60.604961], [12.341766, 60.604961], [12.341766, 60.604793], [12.341852, 60.604793], [12.341938, 60.604708], [12.342796, 60.604708], [12.342882, 60.604793], [12.34314, 60.604793], [12.34314, 60.604835], [12.343397, 60.604919], [12.343311, 60.605003], [12.342882, 60.605003], [12.342882, 60.605045], [12.34271, 60.605087], [12.34271, 60.605172], [12.342625, 60.605172], [12.342625, 60.605298], [12.342539, 60.605298], [12.342539, 60.60534], [12.342024, 60.60534]]]}, "properties": {"periode": "host_2024_til_host_2025", "areal_ha": 0.4, "andel_innenfor_jaktfelt": 0.0, "jaktfelt": "Dulpetorpet", "grunnlinje": "2024-09-15", "observert": "2026-09-03", "bekreftet": "2026-09-13"}}, {"type": "Feature", "geometry": {"type": "Polygon", "coordinates": [[[12.430086, 60.604877], [12.430086, 60.604708], [12.430172, 60.604708], [12.430172, 60.604666], [12.430344, 60.604666], [12.430344, 60.604708], [12.430429, 60.604708], [12.430429, 60.604793], [12.430344, 60.604793], [12.430258, 60.604877], [12.430086, 60.604877]]]}, "properties": {"periode": "host_2024_til_host_2025", "areal_ha": 0.03, "andel_innenfor_jaktfelt": 0.0, "jaktfelt": "Dulpetorpet", "grunnlinje": "2024-09-15", "observert": "2026-09-03", "bekreftet": "2026-09-13"}}, {"type": "Feature", "geometry": {"type": "Polygon", "coordinates": [[[12.345715, 60.603866], [12.345629, 60.603781], [12.345371, 60.603781], [12.345285, 60.603697], [12.345371, 60.603697], [12.345457, 60.603613], [12.345629, 60.603613], [12.345715, 60.603529], [12.346144, 60.603529], [12.34623, 60.603613], [12.346144, 60.603613], [12.346144, 60.603655], [12.346058, 60.603655], [12.346058, 60.603739], [12.345715, 60.603866]]]}, "properties": {"periode": "host_2024_til_host_2025", "areal_ha": 0.11, "andel_innenfor_jaktfelt": 0.0, "jaktfelt": "Dulpetorpet", "grunnlinje": "2024-09-15", "observert": "2026-09-03", "bekreftet": "2026-09-13"}}, {"type": "Feature", "geometry": {"type": "Polygon", "coordinates": [[[12.434464, 60.602812], [12.434464, 60.602728], [12.434635, 60.602728], [12.434635, 60.602686], [12.434807, 60.602686], [12.434807, 60.602644], [12.434893, 60.602644], [12.434893, 60.602686], [12.434978, 60.602686], [12.434978, 60.602644], [12.435322, 60.602644], [12.435322, 60.602602], [12.436523, 60.602602], [12.436523, 60.602644], [12.436695, 60.602686], [12.436609, 60.60277], [12.435837, 60.60277], [12.435751, 60.602686], [12.435408, 60.602686], [12.435408, 60.60277], [12.435322, 60.60277], [12.435322, 60.602812], [12.434464, 60.602812]]]}, "properties": {"periode": "host_2024_til_host_2025", "areal_ha": 0.18, "andel_innenfor_jaktfelt": 0.0, "jaktfelt": "Dulpetorpet", "grunnlinje": "2024-09-15", "observert": "2026-09-03", "bekreftet": "2026-09-13"}}, {"type": "Feature", "geometry": {"type": "Polygon", "coordinates": [[[12.343655, 60.602855], [12.343655, 60.602812], [12.343569, 60.602812], [12.343569, 60.602686], [12.343483, 60.602686], [12.343483, 60.602644], [12.343225, 60.602644], [12.343225, 60.60256], [12.343569, 60.60256], [12.343569, 60.602602], [12.34417, 60.602602], [12.34417, 60.602686], [12.343998, 60.602686], [12.343998, 60.602728], [12.343912, 60.602728], [12.343912, 60.602812], [12.343826, 60.602812], [12.343826, 60.602855], [12.343655, 60.602855]]]}, "properties": {"periode": "host_2024_til_host_2025", "areal_ha": 0.08, "andel_innenfor_jaktfelt": 0.05, "jaktfelt": "Dulpetorpet", "grunnlinje": "2024-09-15", "observert": "2026-09-03", "bekreftet": "2026-09-13"}}, {"type": "Feature", "geometry": {"type": "MultiPolygon", "coordinates": [[[[12.344084, 60.602223], [12.344341, 60.602223], [12.344341, 60.60218], [12.344513, 60.602138], [12.344427, 60.602054], [12.344513, 60.602054], [12.344599, 60.602138], [12.344942, 60.602138], [12.345114, 60.602265], [12.345285, 60.602265], [12.345285, 60.602307], [12.345371, 60.602307], [12.345371, 60.602475], [12.345285, 60.602475], [12.3452, 60.60256], [12.345028, 60.60256], [12.345028, 60.602602], [12.34477, 60.602686], [12.34477, 60.602644], [12.344685, 60.602644], [12.344685, 60.602433], [12.344599, 60.602433], [12.344599, 60.602391], [12.34417, 60.602391], [12.34417, 60.602349], [12.344084, 60.602349], [12.344084, 60.602223]]], [[[12.344084, 60.602223], [12.343998, 60.602223], [12.343998, 60.60218], [12.344084, 60.60218], [12.344084, 60.602223]]]]}, "properties": {"periode": "host_2024_til_host_2025", "areal_ha": 0.24, "andel_innenfor_jaktfelt": 0.99, "jaktfelt": "Dulpetorpet", "grunnlinje": "2024-09-15", "observert": "2026-09-03", "bekreftet": "2026-09-13"}}, {"type": "Feature", "geometry": {"type": "Polygon", "coordinates": [[[12.328119, 60.602054], [12.328119, 60.601843], [12.328291, 60.601843], [12.328291, 60.602054], [12.328119, 60.602054]]]}, "properties": {"periode": "host_2024_til_host_2025", "areal_ha": 0.02, "andel_innenfor_jaktfelt": 0.0, "jaktfelt": "Dulpetorpet", "grunnlinje": "2024-09-15", "observert": "2026-09-03", "bekreftet": "2026-09-13"}}, {"type": "Feature", "geometry": {"type": "Polygon", "coordinates": [[[12.335415, 60.601843], [12.335415, 60.601633], [12.335587, 60.601633], [12.335587, 60.601843], [12.335415, 60.601843]]]}, "properties": {"periode": "host_2024_til_host_2025", "areal_ha": 0.02, "andel_innenfor_jaktfelt": 0.0, "jaktfelt": "Dulpetorpet", "grunnlinje": "2024-09-15", "observert": "2026-09-03", "bekreftet": "2026-09-13"}}, {"type": "Feature", "geometry": {"type": "Polygon", "coordinates": [[[12.328634, 60.599737], [12.328548, 60.599652], [12.328291, 60.599652], [12.328291, 60.59961], [12.328119, 60.599568], [12.328119, 60.599484], [12.328291, 60.599484], [12.328377, 60.599568], [12.328548, 60.599568], [12.328548, 60.599526], [12.328634, 60.599526], [12.328634, 60.5994], [12.328548, 60.5994], [12.328548, 60.598894], [12.328634, 60.598894], [12.328634, 60.598852], [12.328806, 60.598852], [12.328806, 60.598894], [12.328892, 60.598894], [12.328892, 60.59902], [12.32872, 60.599063], [12.32872, 60.599189], [12.328806, 60.599189], [12.328806, 60.599231], [12.329235, 60.599189], [12.329235, 60.599231], [12.329321, 60.599231], [12.329321, 60.599315], [12.329235, 60.599315], [12.329149, 60.5994], [12.328892, 60.5994], [12.328892, 60.599442], [12.328806, 60.599442], [12.328806, 60.599695], [12.328634, 60.599737]]]}, "properties": {"periode": "host_2024_til_host_2025", "areal_ha": 0.21, "andel_innenfor_jaktfelt": 0.0, "jaktfelt": "Dulpetorpet", "grunnlinje": "2024-09-15", "observert": "2026-09-03", "bekreftet": "2026-09-13"}}, {"type": "Feature", "geometry": {"type": "Polygon", "coordinates": [[[12.357302, 60.598768], [12.357302, 60.598726], [12.35713, 60.598683], [12.35713, 60.598599], [12.357216, 60.598599], [12.357216, 60.598641], [12.357731, 60.598641], [12.357731, 60.598683], [12.357817, 60.598683], [12.357817, 60.598726], [12.357473, 60.598726], [12.357473, 60.598768], [12.357302, 60.598768]]]}, "properties": {"periode": "host_2024_til_host_2025", "areal_ha": 0.04, "andel_innenfor_jaktfelt": 0.0, "jaktfelt": "Dulpetorpet", "grunnlinje": "2024-09-15", "observert": "2026-09-03", "bekreftet": "2026-09-13"}}, {"type": "Feature", "geometry": {"type": "Polygon", "coordinates": [[[12.360563, 60.598726], [12.360563, 60.598683], [12.36022, 60.598683], [12.360134, 60.598599], [12.360563, 60.598599], [12.360563, 60.598641], [12.360649, 60.598641], [12.360649, 60.598726], [12.360563, 60.598726]]]}, "properties": {"periode": "host_2024_til_host_2025", "areal_ha": 0.02, "andel_innenfor_jaktfelt": 0.0, "jaktfelt": "Dulpetorpet", "grunnlinje": "2024-09-15", "observert": "2026-09-03", "bekreftet": "2026-09-13"}}, {"type": "Feature", "geometry": {"type": "Polygon", "coordinates": [[[12.359619, 60.598641], [12.359533, 60.598557], [12.359791, 60.598557], [12.359791, 60.598515], [12.359962, 60.598515], [12.359962, 60.598557], [12.360048, 60.598557], [12.360048, 60.598599], [12.359619, 60.598641]]]}, "properties": {"periode": "host_2024_til_host_2025", "areal_ha": 0.02, "andel_innenfor_jaktfelt": 0.0, "jaktfelt": "Dulpetorpet", "grunnlinje": "2024-09-15", "observert": "2026-09-03", "bekreftet": "2026-09-13"}}, {"type": "Feature", "geometry": {"type": "Polygon", "coordinates": [[[12.359447, 60.598473], [12.359447, 60.598431], [12.359362, 60.598431], [12.359362, 60.598304], [12.359276, 60.598304], [12.359018, 60.598136], [12.359104, 60.598136], [12.35919, 60.59822], [12.359362, 60.59822], [12.359362, 60.598262], [12.359447, 60.598262], [12.359447, 60.598388], [12.359533, 60.598388], [12.359533, 60.598473], [12.359447, 60.598473]]]}, "properties": {"periode": "host_2024_til_host_2025", "areal_ha": 0.02, "andel_innenfor_jaktfelt": 0.0, "jaktfelt": "Dulpetorpet", "grunnlinje": "2024-09-15", "observert": "2026-09-03", "bekreftet": "2026-09-13"}}, {"type": "Feature", "geometry": {"type": "MultiPolygon", "coordinates": [[[[12.358074, 60.598726], [12.358074, 60.598431], [12.35816, 60.598431], [12.35816, 60.598388], [12.358332, 60.598388], [12.358332, 60.598304], [12.358418, 60.598304], [12.358418, 60.598136], [12.358503, 60.598136], [12.358503, 60.598431], [12.358332, 60.598473], [12.358332, 60.598683], [12.358246, 60.598683], [12.358246, 60.598726], [12.358074, 60.598726]]], [[[12.358503, 60.598136], [12.358503, 60.598093], [12.358675, 60.598093], [12.358675, 60.598136], [12.358503, 60.598136]]]]}, "properties": {"periode": "host_2024_til_host_2025", "areal_ha": 0.08, "andel_innenfor_jaktfelt": 0.0, "jaktfelt": "Dulpetorpet", "grunnlinje": "2024-09-15", "observert": "2026-09-03", "bekreftet": "2026-09-13"}}, {"type": "Feature", "geometry": {"type": "Polygon", "coordinates": [[[12.350435, 60.597335], [12.350435, 60.597293], [12.350349, 60.597293], [12.350349, 60.597209], [12.350264, 60.597209], [12.350264, 60.597082], [12.350092, 60.59704], [12.350092, 60.596956], [12.350178, 60.596956], [12.350264, 60.596871], [12.350693, 60.596871], [12.350779, 60.596787], [12.351208, 60.596787], [12.351208, 60.596745], [12.351379, 60.596745], [12.351379, 60.596703], [12.352066, 60.596745], [12.352066, 60.596871], [12.35198, 60.596871], [12.35198, 60.596914], [12.351809, 60.596914], [12.351723, 60.596998], [12.351379, 60.596998], [12.351379, 60.59704], [12.351294, 60.59704], [12.351294, 60.597124], [12.351208, 60.597124], [12.351208, 60.597166], [12.351122, 60.597166], [12.350864, 60.597335], [12.350435, 60.597335]], [[12.350864, 60.596914], [12.351036, 60.596914], [12.351036, 60.596829], [12.35095, 60.596829], [12.350864, 60.596914]]]}, "properties": {"periode": "host_2024_til_host_2025", "areal_ha": 0.4, "andel_innenfor_jaktfelt": 1.0, "jaktfelt": "Dulpetorpet", "grunnlinje": "2024-09-15", "observert": "2026-09-03", "bekreftet": "2026-09-13"}}, {"type": "Feature", "geometry": {"type": "Polygon", "coordinates": [[[12.34005, 60.595144], [12.34005, 60.595102], [12.339964, 60.595102], [12.339964, 60.595017], [12.339792, 60.594975], [12.339792, 60.594722], [12.339878, 60.594722], [12.339878, 60.59468], [12.340221, 60.59468], [12.340393, 60.594807], [12.340565, 60.594807], [12.340651, 60.594891], [12.340822, 60.594891], [12.340822, 60.594933], [12.340908, 60.594933], [12.340908, 60.594975], [12.340822, 60.594975], [12.340565, 60.595144], [12.34005, 60.595144]]]}, "properties": {"periode": "host_2024_til_host_2025", "areal_ha": 0.21, "andel_innenfor_jaktfelt": 1.0, "jaktfelt": "Dulpetorpet", "grunnlinje": "2024-09-15", "observert": "2026-09-03", "bekreftet": "2026-09-13"}}, {"type": "Feature", "geometry": {"type": "Polygon", "coordinates": [[[12.353354, 60.595523], [12.353354, 60.595481], [12.353268, 60.595481], [12.353268, 60.595397], [12.353182, 60.595397], [12.353268, 60.595144], [12.353182, 60.595144], [12.35301, 60.595017], [12.352667, 60.595059], [12.352667, 60.594933], [12.352839, 60.594891], [12.352839, 60.594807], [12.352924, 60.594807], [12.352924, 60.594764], [12.353182, 60.59468], [12.353182, 60.594596], [12.353354, 60.594554], [12.353268, 60.594343], [12.353354, 60.594343], [12.353439, 60.594259], [12.354126, 60.594259], [12.354126, 60.594301], [12.354212, 60.594301], [12.354212, 60.594385], [12.353868, 60.594469], [12.353868, 60.594554], [12.35404, 60.594596], [12.35404, 60.594849], [12.354126, 60.594849], [12.354126, 60.595144], [12.35404, 60.595144], [12.35404, 60.595228], [12.353954, 60.595228], [12.353954, 60.595439], [12.353611, 60.595439], [12.353611, 60.595481], [12.353439, 60.595481], [12.353439, 60.595523], [12.353354, 60.595523]]]}, "properties": {"periode": "host_2024_til_host_2025", "areal_ha": 0.67, "andel_innenfor_jaktfelt": 0.97, "jaktfelt": "Dulpetorpet", "grunnlinje": "2024-09-15", "observert": "2026-09-03", "bekreftet": "2026-09-13"}}, {"type": "Feature", "geometry": {"type": "Polygon", "coordinates": [[[12.349234, 60.593289], [12.349234, 60.593247], [12.349148, 60.593247], [12.349148, 60.593037], [12.349234, 60.593037], [12.349319, 60.592952], [12.349491, 60.592952], [12.349491, 60.59291], [12.349577, 60.59291], [12.349577, 60.592994], [12.349491, 60.592994], [12.349491, 60.593205], [12.349234, 60.593289]]]}, "properties": {"periode": "host_2024_til_host_2025", "areal_ha": 0.06, "andel_innenfor_jaktfelt": 1.0, "jaktfelt": "Dulpetorpet", "grunnlinje": "2024-09-15", "observert": "2026-09-03", "bekreftet": "2026-09-13"}}, {"type": "Feature", "geometry": {"type": "Polygon", "coordinates": [[[12.331123, 60.592067], [12.331123, 60.591857], [12.331295, 60.591857], [12.331295, 60.592067], [12.331123, 60.592067]]]}, "properties": {"periode": "host_2024_til_host_2025", "areal_ha": 0.02, "andel_innenfor_jaktfelt": 0.0, "jaktfelt": "Dulpetorpet", "grunnlinje": "2024-09-15", "observert": "2026-09-03", "bekreftet": "2026-09-13"}}, {"type": "Feature", "geometry": {"type": "Polygon", "coordinates": [[[12.330008, 60.589707], [12.330008, 60.589665], [12.329836, 60.589623], [12.329836, 60.589538], [12.329922, 60.589538], [12.329922, 60.589496], [12.330179, 60.589496], [12.330179, 60.589707], [12.330008, 60.589707]]]}, "properties": {"periode": "host_2024_til_host_2025", "areal_ha": 0.04, "andel_innenfor_jaktfelt": 0.0, "jaktfelt": "Dulpetorpet", "grunnlinje": "2024-09-15", "observert": "2026-09-03", "bekreftet": "2026-09-13"}}, {"type": "Feature", "geometry": {"type": "Polygon", "coordinates": [[[12.342882, 60.588864], [12.342882, 60.588822], [12.342625, 60.588738], [12.342625, 60.588569], [12.34271, 60.588569], [12.34271, 60.588527], [12.343054, 60.588527], [12.343054, 60.588569], [12.343483, 60.588569], [12.343483, 60.588611], [12.343569, 60.588611], [12.343569, 60.588653], [12.343483, 60.588653], [12.343483, 60.58878], [12.343225, 60.58878], [12.343225, 60.588822], [12.342882, 60.588864]]]}, "properties": {"periode": "host_2024_til_host_2025", "areal_ha": 0.13, "andel_innenfor_jaktfelt": 1.0, "jaktfelt": "Dulpetorpet", "grunnlinje": "2024-09-15", "observert": "2026-09-03", "bekreftet": "2026-09-13"}}, {"type": "Feature", "geometry": {"type": "Polygon", "coordinates": [[[12.369146, 60.58819], [12.369146, 60.588148], [12.369232, 60.588148], [12.369232, 60.587979], [12.369404, 60.587979], [12.369576, 60.588105], [12.369404, 60.588105], [12.369318, 60.58819], [12.369146, 60.58819]]]}, "properties": {"periode": "host_2024_til_host_2025", "areal_ha": 0.03, "andel_innenfor_jaktfelt": 0.0, "jaktfelt": "Dulpetorpet", "grunnlinje": "2024-09-15", "observert": "2026-09-03", "bekreftet": "2026-09-13"}}, {"type": "Feature", "geometry": {"type": "Polygon", "coordinates": [[[12.358418, 60.587768], [12.358589, 60.5876], [12.359018, 60.5876], [12.358761, 60.587768], [12.358418, 60.587768]]]}, "properties": {"periode": "host_2024_til_host_2025", "areal_ha": 0.04, "andel_innenfor_jaktfelt": 0.0, "jaktfelt": "Dulpetorpet", "grunnlinje": "2024-09-15", "observert": "2026-09-03", "bekreftet": "2026-09-13"}}, {"type": "Feature", "geometry": {"type": "Polygon", "coordinates": [[[12.357817, 60.587768], [12.357817, 60.587726], [12.357731, 60.587726], [12.357731, 60.587557], [12.357817, 60.587557], [12.357817, 60.587515], [12.357903, 60.587515], [12.357903, 60.587557], [12.358246, 60.587515], [12.358246, 60.587557], [12.358074, 60.587557], [12.358074, 60.5876], [12.357817, 60.5876], [12.357817, 60.587684], [12.357988, 60.587684], [12.357988, 60.587726], [12.358074, 60.587726], [12.358074, 60.587768], [12.357817, 60.587768]]]}, "properties": {"periode": "host_2024_til_host_2025", "areal_ha": 0.03, "andel_innenfor_jaktfelt": 0.0, "jaktfelt": "Dulpetorpet", "grunnlinje": "2024-09-15", "observert": "2026-09-03", "bekreftet": "2026-09-13"}}, {"type": "Feature", "geometry": {"type": "Polygon", "coordinates": [[[12.353611, 60.588274], [12.353611, 60.588232], [12.353439, 60.588232], [12.353439, 60.58819], [12.353354, 60.58819], [12.353354, 60.588148], [12.353439, 60.588148], [12.353439, 60.588021], [12.353268, 60.588021], [12.353268, 60.587979], [12.353182, 60.587979], [12.353182, 60.5876], [12.352924, 60.587515], [12.352924, 60.587305], [12.35301, 60.587305], [12.35301, 60.587262], [12.353439, 60.587262], [12.353439, 60.587305], [12.353611, 60.587347], [12.353611, 60.587431], [12.353525, 60.587431], [12.353525, 60.587937], [12.353783, 60.588021], [12.353783, 60.588274], [12.353611, 60.588274]]]}, "properties": {"periode": "host_2024_til_host_2025", "areal_ha": 0.26, "andel_innenfor_jaktfelt": 0.82, "jaktfelt": "Dulpetorpet", "grunnlinje": "2024-09-15", "observert": "2026-09-03", "bekreftet": "2026-09-13"}}, {"type": "Feature", "geometry": {"type": "Polygon", "coordinates": [[[12.373352, 60.587979], [12.373352, 60.587937], [12.373438, 60.587937], [12.373438, 60.58781], [12.373266, 60.587768], [12.373266, 60.587347], [12.372923, 60.58722], [12.372923, 60.587136], [12.373009, 60.587136], [12.373009, 60.587178], [12.373095, 60.587178], [12.373095, 60.587262], [12.37318, 60.587262], [12.37318, 60.587305], [12.373352, 60.587305], [12.373352, 60.587347], [12.373438, 60.587347], [12.373438, 60.587431], [12.37361, 60.587473], [12.373524, 60.587642], [12.37361, 60.587642], [12.373695, 60.587726], [12.373953, 60.587726], [12.373953, 60.587684], [12.374125, 60.587684], [12.374125, 60.587726], [12.37421, 60.587726], [12.374125, 60.58781], [12.373867, 60.58781], [12.37361, 60.587979], [12.373352, 60.587979]]]}, "properties": {"periode": "host_2024_til_host_2025", "areal_ha": 0.16, "andel_innenfor_jaktfelt": 0.96, "jaktfelt": "Dulpetorpet", "grunnlinje": "2024-09-15", "observert": "2026-09-03", "bekreftet": "2026-09-13"}}, {"type": "Feature", "geometry": {"type": "Polygon", "coordinates": [[[12.343655, 60.587136], [12.343569, 60.587052], [12.343397, 60.587094], [12.343569, 60.586967], [12.34374, 60.587009], [12.34374, 60.587094], [12.343912, 60.587094], [12.343912, 60.587136], [12.343655, 60.587136]]]}, "properties": {"periode": "host_2024_til_host_2025", "areal_ha": 0.02, "andel_innenfor_jaktfelt": 1.0, "jaktfelt": "Dulpetorpet", "grunnlinje": "2024-09-15", "observert": "2026-09-03", "bekreftet": "2026-09-13"}}, {"type": "Feature", "geometry": {"type": "Polygon", "coordinates": [[[12.372065, 60.587136], [12.372065, 60.587094], [12.371893, 60.587052], [12.371893, 60.586883], [12.371807, 60.586883], [12.371807, 60.586799], [12.37215, 60.586799], [12.372065, 60.586883], [12.372236, 60.586883], [12.372236, 60.586925], [12.372322, 60.586925], [12.372322, 60.586967], [12.372236, 60.586967], [12.372236, 60.587094], [12.372065, 60.587136]]]}, "properties": {"periode": "host_2024_til_host_2025", "areal_ha": 0.06, "andel_innenfor_jaktfelt": 0.0, "jaktfelt": "Dulpetorpet", "grunnlinje": "2024-09-15", "observert": "2026-09-03", "bekreftet": "2026-09-13"}}, {"type": "Feature", "geometry": {"type": "Polygon", "coordinates": [[[12.357817, 60.586714], [12.357817, 60.586672], [12.357645, 60.58663], [12.357645, 60.586546], [12.357731, 60.586546], [12.357731, 60.586504], [12.357817, 60.586504], [12.357903, 60.586588], [12.358246, 60.586588], [12.358074, 60.586714], [12.357817, 60.586714]]]}, "properties": {"periode": "host_2024_til_host_2025", "areal_ha": 0.04, "andel_innenfor_jaktfelt": 1.0, "jaktfelt": "Dulpetorpet", "grunnlinje": "2024-09-15", "observert": "2026-09-03", "bekreftet": "2026-09-13"}}, {"type": "Feature", "geometry": {"type": "MultiPolygon", "coordinates": [[[[12.357645, 60.586209], [12.357645, 60.586166], [12.357903, 60.586166], [12.357988, 60.586082], [12.358418, 60.586082], [12.358418, 60.586335], [12.35816, 60.586335], [12.35816, 60.586377], [12.357988, 60.586419], [12.357988, 60.586377], [12.357903, 60.586377], [12.357903, 60.586209], [12.357645, 60.586209]]], [[[12.357645, 60.586209], [12.357645, 60.586251], [12.357559, 60.586251], [12.357559, 60.586209], [12.357645, 60.586209]]]]}, "properties": {"periode": "host_2024_til_host_2025", "areal_ha": 0.09, "andel_innenfor_jaktfelt": 1.0, "jaktfelt": "Dulpetorpet", "grunnlinje": "2024-09-15", "observert": "2026-09-03", "bekreftet": "2026-09-13"}}, {"type": "Feature", "geometry": {"type": "Polygon", "coordinates": [[[12.358589, 60.586588], [12.358589, 60.586546], [12.358847, 60.586462], [12.358847, 60.586293], [12.358932, 60.586293], [12.358932, 60.586209], [12.358847, 60.586209], [12.358847, 60.586124], [12.358761, 60.586124], [12.358761, 60.586082], [12.358847, 60.586082], [12.358761, 60.585998], [12.359018, 60.585998], [12.359018, 60.58604], [12.359276, 60.586124], [12.35919, 60.586209], [12.359018, 60.586209], [12.359018, 60.586293], [12.359104, 60.586293], [12.35919, 60.586377], [12.359104, 60.586377], [12.359104, 60.586419], [12.358932, 60.586419], [12.358932, 60.586462], [12.358589, 60.586588]]]}, "properties": {"periode": "host_2024_til_host_2025", "areal_ha": 0.08, "andel_innenfor_jaktfelt": 0.99, "jaktfelt": "Dulpetorpet", "grunnlinje": "2024-09-15", "observert": "2026-09-03", "bekreftet": "2026-09-13"}}, {"type": "Feature", "geometry": {"type": "MultiPolygon", "coordinates": [[[[12.358932, 60.585534], [12.358847, 60.585534], [12.358847, 60.585492], [12.358932, 60.585492], [12.358932, 60.585534]]], [[[12.358932, 60.585534], [12.359104, 60.585576], [12.359104, 60.585661], [12.358932, 60.585618], [12.358932, 60.585534]]], [[[12.359104, 60.585661], [12.35919, 60.585661], [12.35919, 60.585787], [12.359018, 60.585829], [12.359104, 60.585661]]]]}, "properties": {"periode": "host_2024_til_host_2025", "areal_ha": 0.02, "andel_innenfor_jaktfelt": 1.0, "jaktfelt": "Dulpetorpet", "grunnlinje": "2024-09-15", "observert": "2026-09-03", "bekreftet": "2026-09-13"}}, {"type": "Feature", "geometry": {"type": "Polygon", "coordinates": [[[12.360306, 60.585829], [12.360306, 60.585787], [12.360048, 60.585703], [12.360048, 60.585534], [12.360134, 60.585534], [12.360134, 60.585492], [12.360477, 60.58545], [12.360649, 60.585576], [12.360907, 60.585576], [12.360907, 60.585534], [12.360992, 60.585534], [12.36125, 60.585366], [12.361765, 60.585366], [12.361765, 60.585323], [12.362022, 60.585323], [12.362108, 60.585239], [12.363138, 60.585239], [12.363138, 60.585281], [12.363224, 60.585281], [12.363224, 60.585366], [12.363653, 60.585408], [12.363653, 60.58545], [12.363911, 60.585534], [12.363911, 60.585703], [12.363825, 60.585703], [12.363825, 60.585745], [12.361937, 60.585787], [12.361851, 60.585703], [12.361679, 60.585703], [12.361593, 60.585787], [12.361164, 60.585787], [12.361164, 60.585829], [12.360992, 60.585829], [12.360907, 60.585745], [12.360735, 60.585745], [12.360649, 60.585829], [12.360306, 60.585829]]]}, "properties": {"periode": "host_2024_til_host_2025", "areal_ha": 0.92, "andel_innenfor_jaktfelt": 0.22, "jaktfelt": "Dulpetorpet", "grunnlinje": "2024-09-15", "observert": "2026-09-03", "bekreftet": "2026-09-13"}}, {"type": "Feature", "geometry": {"type": "Polygon", "coordinates": [[[12.332325, 60.587642], [12.332325, 60.5876], [12.332153, 60.5876], [12.331982, 60.587473], [12.331638, 60.587473], [12.331638, 60.587431], [12.331553, 60.587431], [12.331295, 60.587262], [12.330952, 60.58722], [12.330952, 60.587094], [12.330608, 60.586967], [12.330608, 60.586588], [12.330523, 60.586588], [12.330523, 60.586504], [12.330608, 60.586504], [12.330608, 60.586293], [12.330694, 60.586293], [12.330694, 60.585829], [12.330523, 60.585787], [12.330437, 60.585576], [12.330523, 60.585576], [12.330523, 60.585618], [12.330608, 60.585618], [12.330608, 60.585576], [12.330952, 60.585576], [12.331123, 60.58545], [12.331295, 60.58545], [12.331295, 60.585534], [12.331209, 60.585534], [12.331209, 60.585787], [12.330866, 60.585745], [12.330866, 60.585914], [12.331123, 60.585914], [12.331123, 60.585956], [12.331209, 60.585956], [12.331123, 60.586166], [12.331295, 60.586209], [12.331295, 60.586293], [12.331381, 60.586293], [12.331381, 60.586377], [12.331467, 60.586377], [12.331467, 60.586462], [12.331553, 60.586462], [12.331553, 60.586546], [12.331638, 60.586546], [12.331638, 60.586672], [12.331724, 60.586672], [12.331724, 60.586714], [12.331896, 60.586714], [12.331982, 60.586799], [12.332411, 60.586799], [12.332497, 60.586883], [12.332668, 60.586883], [12.332668, 60.586841], [12.332754, 60.586841], [12.332754, 60.586714], [12.33284, 60.586714], [12.33284, 60.586462], [12.332926, 60.586462], [12.332926, 60.586335], [12.332754, 60.586335], [12.332668, 60.586251], [12.332497, 60.586251], [12.332497, 60.586209], [12.332325, 60.586166], [12.332325, 60.586082], [12.332668, 60.585956], [12.332668, 60.585661], [12.332754, 60.585661], [12.33284, 60.585576], [12.333012, 60.585576], [12.333012, 60.585534], [12.333355, 60.585576], [12.333355, 60.585534], [12.333698, 60.585492], [12.333698, 60.58545], [12.334042, 60.585323], [12.333956, 60.585239], [12.333784, 60.585239], [12.333784, 60.585281], [12.333698, 60.585281], [12.333698, 60.585366], [12.333355, 60.585366], [12.333183, 60.585492], [12.333097, 60.585492], [12.333097, 60.58545], [12.333183, 60.58545], [12.333355, 60.585323], [12.333612, 60.585323], [12.33387, 60.585155], [12.334127, 60.585155], [12.334127, 60.585197], [12.334213, 60.585197], [12.334213, 60.585239], [12.334299, 60.585239], [12.334557, 60.585408], [12.334728, 60.585408], [12.334728, 60.58545], [12.334814, 60.58545], [12.334814, 60.585703], [12.3349, 60.585703], [12.3349, 60.585745], [12.334728, 60.585745], [12.334728, 60.585829], [12.3349, 60.585829], [12.3349, 60.585787], [12.334986, 60.585787], [12.335157, 60.585914], [12.335415, 60.585914], [12.335415, 60.586124], [12.335672, 60.586209], [12.335672, 60.586462], [12.335329, 60.586462], [12.335415, 60.58663], [12.335329, 60.58663], [12.335329, 60.586672], [12.334986, 60.586799], [12.334986, 60.587431], [12.3349, 60.587431], [12.3349, 60.587473], [12.334557, 60.587473], [12.334557, 60.587557], [12.334471, 60.587557], [12.334471, 60.5876], [12.333956, 60.5876], [12.333956, 60.587557], [12.33387, 60.587557], [12.333784, 60.587473], [12.333612, 60.587473], [12.333612, 60.587431], [12.333183, 60.587431], [12.333097, 60.587347], [12.33284, 60.587347], [12.33284, 60.587389], [12.332668, 60.587431], [12.332668, 60.587642], [12.332325, 60.587642]], [[12.334299, 60.58545], [12.334471, 60.58545], [12.334471, 60.585408], [12.334299, 60.585408], [12.334299, 60.58545]], [[12.332239, 60.587052], [12.332411, 60.587052], [12.332411, 60.587009], [12.332497, 60.587009], [12.332497, 60.586925], [12.332411, 60.586925], [12.332411, 60.586883], [12.332153, 60.586883], [12.332153, 60.586925], [12.332067, 60.586925], [12.332239, 60.587052]]]}, "properties": {"periode": "host_2024_til_host_2025", "areal_ha": 4.35, "andel_innenfor_jaktfelt": 0.0, "jaktfelt": "Dulpetorpet", "grunnlinje": "2024-09-15", "observert": "2026-09-03", "bekreftet": "2026-09-13"}}, {"type": "Feature", "geometry": {"type": "Polygon", "coordinates": [[[12.336702, 60.586546], [12.336702, 60.586504], [12.336445, 60.586419], [12.336445, 60.586377], [12.336531, 60.586377], [12.336531, 60.586251], [12.336617, 60.586251], [12.336531, 60.586082], [12.336702, 60.58604], [12.336702, 60.58545], [12.336445, 60.585366], [12.336445, 60.585197], [12.336531, 60.585197], [12.336788, 60.585028], [12.33696, 60.585028], [12.33696, 60.584986], [12.337303, 60.584986], [12.337303, 60.585028], [12.337389, 60.585028], [12.337389, 60.585113], [12.337732, 60.585155], [12.337732, 60.585197], [12.337818, 60.585197], [12.337818, 60.585239], [12.337904, 60.585239], [12.338161, 60.585408], [12.338333, 60.585408], [12.338333, 60.58545], [12.338419, 60.58545], [12.338419, 60.585534], [12.338505, 60.585534], [12.338505, 60.585576], [12.338676, 60.585576], [12.338762, 60.585661], [12.338505, 60.585745], [12.338505, 60.585871], [12.338419, 60.585871], [12.338419, 60.585914], [12.338333, 60.585914], [12.338333, 60.585956], [12.33799, 60.586082], [12.33799, 60.586293], [12.337818, 60.586335], [12.337818, 60.586419], [12.337732, 60.586419], [12.337732, 60.586462], [12.33696, 60.586462], [12.336874, 60.586546], [12.336702, 60.586546]]]}, "properties": {"periode": "host_2024_til_host_2025", "areal_ha": 1.34, "andel_innenfor_jaktfelt": 0.99, "jaktfelt": "Dulpetorpet", "grunnlinje": "2024-09-15", "observert": "2026-09-03", "bekreftet": "2026-09-13"}}, {"type": "Feature", "geometry": {"type": "MultiPolygon", "coordinates": [[[[12.345371, 60.587262], [12.3452, 60.587136], [12.344513, 60.587136], [12.344513, 60.587009], [12.344084, 60.586925], [12.344084, 60.586799], [12.34417, 60.586799], [12.34417, 60.586588], [12.344084, 60.586588], [12.343998, 60.586504], [12.344084, 60.586504], [12.34417, 60.586419], [12.344341, 60.586419], [12.344427, 60.586335], [12.344599, 60.586335], [12.344599, 60.586293], [12.344685, 60.586293], [12.344685, 60.586166], [12.344341, 60.586209], [12.344341, 60.586251], [12.344255, 60.586251], [12.344255, 60.586293], [12.343912, 60.586419], [12.343912, 60.586377], [12.343826, 60.586377], [12.343826, 60.586251], [12.343397, 60.586209], [12.343397, 60.586166], [12.343311, 60.586166], [12.343311, 60.58604], [12.343225, 60.58604], [12.34314, 60.585956], [12.34271, 60.585956], [12.34271, 60.585914], [12.342539, 60.585871], [12.342539, 60.585787], [12.342796, 60.585703], [12.342796, 60.585576], [12.342968, 60.585534], [12.342968, 60.58545], [12.342882, 60.58545], [12.342882, 60.585366], [12.342796, 60.585366], [12.342796, 60.585197], [12.342882, 60.585197], [12.342882, 60.585155], [12.34314, 60.585155], [12.34314, 60.585113], [12.343397, 60.585113], [12.343397, 60.58507], [12.343483, 60.58507], [12.343483, 60.584986], [12.343826, 60.584986], [12.343826, 60.584944], [12.343912, 60.584944], [12.343912, 60.584733], [12.343998, 60.584733], [12.343998, 60.584691], [12.34417, 60.584691], [12.34417, 60.584733], [12.344084, 60.584733], [12.344084, 60.584944], [12.343912, 60.584986], [12.343912, 60.585281], [12.344084, 60.585281], [12.344084, 60.585113], [12.344255, 60.58507], [12.344255, 60.584944], [12.344427, 60.584902], [12.344427, 60.584775], [12.344255, 60.584733], [12.344341, 60.584565], [12.344255, 60.584565], [12.344255, 60.584522], [12.343998, 60.584522], [12.343912, 60.584438], [12.343998, 60.584438], [12.344084, 60.584354], [12.344255, 60.584354], [12.344341, 60.58427], [12.344513, 60.58427], [12.344685, 60.584143], [12.344856, 60.584143], [12.344856, 60.584185], [12.344942, 60.584185], [12.344942, 60.584354], [12.345114, 60.584396], [12.345028, 60.584818], [12.3452, 60.58486], [12.3452, 60.584944], [12.345114, 60.584944], [12.345028, 60.585028], [12.344856, 60.585028], [12.344856, 60.584986], [12.344685, 60.584986], [12.344685, 60.585028], [12.344599, 60.585028], [12.344513, 60.585239], [12.344255, 60.585323], [12.344255, 60.585492], [12.34417, 60.585492], [12.34417, 60.585534], [12.343826, 60.585661], [12.343826, 60.585745], [12.343912, 60.585745], [12.343912, 60.585787], [12.344255, 60.585787], [12.344427, 60.585956], [12.34477, 60.585956], [12.344856, 60.58604], [12.345114, 60.58604], [12.345114, 60.585829], [12.3452, 60.585829], [12.345457, 60.585661], [12.345715, 60.585661], [12.345715, 60.585745], [12.346144, 60.585745], [12.346144, 60.585661], [12.346659, 60.585618], [12.346659, 60.585661], [12.346745, 60.585661], [12.346745, 60.585745], [12.347174, 60.585745], [12.347174, 60.585787], [12.347517, 60.585745], [12.347517, 60.585787], [12.347689, 60.585787], [12.347775, 60.585871], [12.347946, 60.585871], [12.348204, 60.585703], [12.348547, 60.585703], [12.348547, 60.585745], [12.348719, 60.585745], [12.348719, 60.585787], [12.348976, 60.585871], [12.348976, 60.585998], [12.349062, 60.585998], [12.349062, 60.58604], [12.349319, 60.58604], [12.349319, 60.585998], [12.349405, 60.585998], [12.349405, 60.585914], [12.349319, 60.585914], [12.349319, 60.585829], [12.349148, 60.585787], [12.349148, 60.585618], [12.349062, 60.585618], [12.349062, 60.585576], [12.348719, 60.58545], [12.348719, 60.585323], [12.348633, 60.585323], [12.348633, 60.585239], [12.348719, 60.585239], [12.348719, 60.584986], [12.348633, 60.584986], [12.348633, 60.584944], [12.348719, 60.584944], [12.348719, 60.584902], [12.349062, 60.584902], [12.349062, 60.584944], [12.349148, 60.584944], [12.349148, 60.584986], [12.349319, 60.584986], [12.349405, 60.58507], [12.349663, 60.58507], [12.349663, 60.585028], [12.349749, 60.585028], [12.349749, 60.584775], [12.349834, 60.584775], [12.349834, 60.584733], [12.350006, 60.584733], [12.350178, 60.584565], [12.350435, 60.584565], [12.350521, 60.584396], [12.35095, 60.584396], [12.35095, 60.584354], [12.351122, 60.584354], [12.351122, 60.584396], [12.351208, 60.584396], [12.351208, 60.584649], [12.351036, 60.584649], [12.351036, 60.584607], [12.350864, 60.584649], [12.350864, 60.584775], [12.35095, 60.584775], [12.35095, 60.584902], [12.350864, 60.584902], [12.350864, 60.585113], [12.351294, 60.585113], [12.351465, 60.584944], [12.351809, 60.584944], [12.351809, 60.58486], [12.351894, 60.58486], [12.35198, 60.584775], [12.352238, 60.584775], [12.352238, 60.584733], [12.352324, 60.584733], [12.352324, 60.584649], [12.352152, 60.584607], [12.352152, 60.584438], [12.352238, 60.584438], [12.352238, 60.584396], [12.352924, 60.584354], [12.352924, 60.584396], [12.352581, 60.584396], [12.352581, 60.58448], [12.352753, 60.58448], [12.352753, 60.584522], [12.353096, 60.584522], [12.353182, 60.584607], [12.353354, 60.584607], [12.353354, 60.584565], [12.353439, 60.584565], [12.353439, 60.58448], [12.353611, 60.58448], [12.353611, 60.584522], [12.353525, 60.584522], [12.353525, 60.584649], [12.353611, 60.584649], [12.353868, 60.584818], [12.354126, 60.584818], [12.354126, 60.584649], [12.354212, 60.584649], [12.354212, 60.584607], [12.354383, 60.584607], [12.354383, 60.584649], [12.354555, 60.584649], [12.354555, 60.584607], [12.354984, 60.584607], [12.354898, 60.584438], [12.355242, 60.584438], [12.355242, 60.584396], [12.355499, 60.584396], [12.355499, 60.584438], [12.355585, 60.584438], [12.355585, 60.584396], [12.355671, 60.584396], [12.355671, 60.58427], [12.355585, 60.58427], [12.355585, 60.584227], [12.355671, 60.584227], [12.355757, 60.584312], [12.356358, 60.584312], [12.356443, 60.584227], [12.357302, 60.584227], [12.357302, 60.584185], [12.357731, 60.584185], [12.357731, 60.584227], [12.357903, 60.58427], [12.357903, 60.584607], [12.358074, 60.584607], [12.358074, 60.584649], [12.35816, 60.584649], [12.35816, 60.585028], [12.358074, 60.585028], [12.358074, 60.58507], [12.357817, 60.58507], [12.357817, 60.585155], [12.357731, 60.585155], [12.357817, 60.585408], [12.357388, 60.585408], [12.357388, 60.585534], [12.356787, 60.585576], [12.356787, 60.585618], [12.356615, 60.585661], [12.356615, 60.585829], [12.356529, 60.585829], [12.356529, 60.585871], [12.356272, 60.585871], [12.356186, 60.585956], [12.356014, 60.585956], [12.356014, 60.585914], [12.354898, 60.585914], [12.354898, 60.585871], [12.354813, 60.585871], [12.354813, 60.585787], [12.354898, 60.585787], [12.354898, 60.585745], [12.35507, 60.585745], [12.35507, 60.585703], [12.355156, 60.585703], [12.355156, 60.585618], [12.355328, 60.585576], [12.355328, 60.58545], [12.355671, 60.585323], [12.355671, 60.585113], [12.355499, 60.585113], [12.355413, 60.585028], [12.35507, 60.585028], [12.35507, 60.58507], [12.354898, 60.58507], [12.354898, 60.585113], [12.354555, 60.585113], [12.354555, 60.585155], [12.354469, 60.585155], [12.354469, 60.585408], [12.354126, 60.585534], [12.354126, 60.585661], [12.353868, 60.585661], [12.353868, 60.585618], [12.353697, 60.585661], [12.353697, 60.585745], [12.35404, 60.585829], [12.35404, 60.586293], [12.354126, 60.586293], [12.354126, 60.586335], [12.354298, 60.586293], [12.354298, 60.586335], [12.354555, 60.586335], [12.354555, 60.586377], [12.354641, 60.586377], [12.354641, 60.586462], [12.354555, 60.586462], [12.354555, 60.586504], [12.354383, 60.586546], [12.354383, 60.58663], [12.354298, 60.58663], [12.354383, 60.586925], [12.354212, 60.586883], [12.354212, 60.586714], [12.353954, 60.586714], [12.353868, 60.58663], [12.353611, 60.58663], [12.353611, 60.586714], [12.353525, 60.586714], [12.353611, 60.586925], [12.353525, 60.586925], [12.353525, 60.586967], [12.353268, 60.586967], [12.353268, 60.586925], [12.353182, 60.586925], [12.353182, 60.586757], [12.352924, 60.586757], [12.352924, 60.586925], [12.352753, 60.586925], [12.352753, 60.586883], [12.352667, 60.586883], [12.352667, 60.586799], [12.352495, 60.586799], [12.352324, 60.586925], [12.352152, 60.586925], [12.352066, 60.586841], [12.351894, 60.586841], [12.351894, 60.586799], [12.351809, 60.586799], [12.351809, 60.58663], [12.351723, 60.58663], [12.351723, 60.586588], [12.351551, 60.586588], [12.351465, 60.586504], [12.350521, 60.586504], [12.350521, 60.586546], [12.34992, 60.586546], [12.34992, 60.586504], [12.349663, 60.586504], [12.349663, 60.586546], [12.349491, 60.586546], [12.349405, 60.58663], [12.348719, 60.586672], [12.348719, 60.58663], [12.348633, 60.58663], [12.348633, 60.586588], [12.348547, 60.586588], [12.348547, 60.586546], [12.348461, 60.586546], [12.348461, 60.586504], [12.348375, 60.586504], [12.348375, 60.586462], [12.348032, 60.586335], [12.348032, 60.586251], [12.347946, 60.586251], [12.34786, 60.586166], [12.347088, 60.586166], [12.347088, 60.586209], [12.346573, 60.586209], [12.346573, 60.586293], [12.346659, 60.586293], [12.346659, 60.586377], [12.346745, 60.586377], [12.346745, 60.586462], [12.346659, 60.586462], [12.346659, 60.586714], [12.34683, 60.586757], [12.34683, 60.587052], [12.346745, 60.587052], [12.346745, 60.587136], [12.346659, 60.587136], [12.346659, 60.587178], [12.346401, 60.587178], [12.346315, 60.587262], [12.345371, 60.587262]], [[12.357216, 60.584354], [12.357302, 60.584354], [12.357302, 60.58427], [12.357216, 60.58427], [12.357216, 60.584354]], [[12.354212, 60.584818], [12.354383, 60.584818], [12.354469, 60.584733], [12.354212, 60.584733], [12.354212, 60.584818]], [[12.350864, 60.584607], [12.35095, 60.584607], [12.35095, 60.584522], [12.350864, 60.584522], [12.350864, 60.584607]], [[12.348804, 60.586588], [12.348976, 60.586588], [12.348976, 60.586462], [12.348804, 60.586462], [12.348804, 60.586588]], [[12.34623, 60.586799], [12.346401, 60.586799], [12.346401, 60.586757], [12.346487, 60.586757], [12.346487, 60.586714], [12.346401, 60.586714], [12.346401, 60.58663], [12.346487, 60.58663], [12.346487, 60.586588], [12.346144, 60.586462], [12.346144, 60.586504], [12.346058, 60.586504], [12.346058, 60.58663], [12.346144, 60.58663], [12.346144, 60.586757], [12.34623, 60.586757], [12.34623, 60.586799]], [[12.3458, 60.587094], [12.34623, 60.587094], [12.34623, 60.587009], [12.3458, 60.587009], [12.3458, 60.587094]], [[12.344427, 60.586082], [12.344513, 60.586082], [12.344513, 60.585998], [12.344341, 60.585998], [12.344427, 60.586082]]], [[[12.346144, 60.585661], [12.345886, 60.585661], [12.345886, 60.585618], [12.346144, 60.585618], [12.346144, 60.585661]]]]}, "properties": {"periode": "host_2024_til_host_2025", "areal_ha": 13.08, "andel_innenfor_jaktfelt": 1.0, "jaktfelt": "Dulpetorpet", "grunnlinje": "2024-09-15", "observert": "2026-09-03", "bekreftet": "2026-09-13"}}, {"type": "Feature", "geometry": {"type": "Polygon", "coordinates": [[[12.347517, 60.584396], [12.347517, 60.584101], [12.347689, 60.584101], [12.347689, 60.584143], [12.347946, 60.584227], [12.347946, 60.584312], [12.34786, 60.584312], [12.34786, 60.584354], [12.347689, 60.584354], [12.347689, 60.584396], [12.347517, 60.584396]]]}, "properties": {"periode": "host_2024_til_host_2025", "areal_ha": 0.06, "andel_innenfor_jaktfelt": 1.0, "jaktfelt": "Dulpetorpet", "grunnlinje": "2024-09-15", "observert": "2026-09-03", "bekreftet": "2026-09-13"}}, {"type": "Feature", "geometry": {"type": "Polygon", "coordinates": [[[12.371721, 60.585366], [12.371635, 60.585281], [12.371378, 60.585281], [12.371292, 60.585197], [12.370777, 60.585197], [12.370777, 60.585155], [12.370605, 60.585155], [12.370605, 60.585113], [12.37052, 60.585113], [12.37052, 60.58507], [12.370348, 60.58507], [12.370262, 60.584986], [12.370005, 60.584986], [12.370005, 60.585028], [12.369919, 60.585028], [12.369919, 60.584986], [12.369833, 60.584986], [12.369833, 60.584818], [12.369919, 60.584818], [12.369919, 60.584775], [12.370262, 60.584775], [12.370348, 60.584691], [12.370691, 60.584691], [12.370691, 60.584607], [12.370777, 60.584607], [12.370777, 60.584565], [12.37112, 60.584565], [12.37112, 60.584522], [12.371292, 60.58448], [12.371292, 60.584396], [12.371378, 60.584396], [12.37155, 60.58427], [12.371721, 60.58427], [12.371807, 60.584185], [12.372408, 60.584185], [12.372408, 60.584143], [12.372494, 60.584143], [12.372494, 60.584101], [12.372665, 60.584101], [12.372665, 60.584059], [12.373266, 60.584059], [12.373352, 60.584143], [12.373524, 60.584143], [12.373524, 60.584101], [12.373695, 60.584059], [12.373695, 60.584101], [12.373781, 60.584101], [12.373781, 60.584143], [12.373695, 60.584143], [12.373695, 60.584227], [12.373781, 60.584227], [12.373781, 60.584522], [12.37361, 60.584522], [12.373695, 60.584775], [12.373524, 60.584818], [12.373524, 60.584986], [12.373438, 60.584986], [12.373438, 60.585028], [12.37318, 60.585028], [12.37318, 60.58507], [12.373095, 60.58507], [12.373095, 60.585113], [12.372923, 60.585113], [12.372923, 60.585155], [12.372665, 60.585155], [12.37258, 60.585239], [12.372236, 60.585239], [12.372065, 60.585366], [12.371721, 60.585366]]]}, "properties": {"periode": "host_2024_til_host_2025", "areal_ha": 1.9, "andel_innenfor_jaktfelt": 1.0, "jaktfelt": "Dulpetorpet", "grunnlinje": "2024-09-15", "observert": "2026-09-03", "bekreftet": "2026-09-13"}}, {"type": "Feature", "geometry": {"type": "Polygon", "coordinates": [[[12.339449, 60.584017], [12.339449, 60.583974], [12.339277, 60.583932], [12.339277, 60.583806], [12.339363, 60.583806], [12.339363, 60.583722], [12.339449, 60.583722], [12.339449, 60.583595], [12.339621, 60.583595], [12.339621, 60.583974], [12.339449, 60.584017]]]}, "properties": {"periode": "host_2024_til_host_2025", "areal_ha": 0.06, "andel_innenfor_jaktfelt": 1.0, "jaktfelt": "Dulpetorpet", "grunnlinje": "2024-09-15", "observert": "2026-09-03", "bekreftet": "2026-09-13"}}, {"type": "Feature", "geometry": {"type": "Polygon", "coordinates": [[[12.379961, 60.586124], [12.379875, 60.58604], [12.379618, 60.58604], [12.379618, 60.586082], [12.379189, 60.586082], [12.379189, 60.58604], [12.379103, 60.58604], [12.379103, 60.585871], [12.378931, 60.585829], [12.378931, 60.585323], [12.378845, 60.585323], [12.378845, 60.585155], [12.378674, 60.585113], [12.378588, 60.58486], [12.378502, 60.58486], [12.378502, 60.584818], [12.378073, 60.584818], [12.378073, 60.58486], [12.377987, 60.58486], [12.377729, 60.584691], [12.377472, 60.584691], [12.377472, 60.584565], [12.377129, 60.58448], [12.377129, 60.584185], [12.376957, 60.584143], [12.376957, 60.584017], [12.377043, 60.584017], [12.3773, 60.583848], [12.377729, 60.583848], [12.377729, 60.58389], [12.377815, 60.58389], [12.377815, 60.583974], [12.377901, 60.583974], [12.377901, 60.584017], [12.378073, 60.584017], [12.37833, 60.584185], [12.378759, 60.584185], [12.378759, 60.584143], [12.379103, 60.584017], [12.379103, 60.583679], [12.379189, 60.583679], [12.37936, 60.583553], [12.380133, 60.583553], [12.380133, 60.583511], [12.38142, 60.583511], [12.38142, 60.583553], [12.381506, 60.583553], [12.381506, 60.583637], [12.381592, 60.583637], [12.381592, 60.583806], [12.382021, 60.58389], [12.382021, 60.584017], [12.381849, 60.584059], [12.381849, 60.584438], [12.381763, 60.584438], [12.381763, 60.58448], [12.381592, 60.58448], [12.381592, 60.584649], [12.381935, 60.584775], [12.381935, 60.58507], [12.381849, 60.58507], [12.381849, 60.585113], [12.381678, 60.585113], [12.381678, 60.585155], [12.381592, 60.585155], [12.381592, 60.585197], [12.381248, 60.585323], [12.381248, 60.585492], [12.381334, 60.585492], [12.381334, 60.585534], [12.381506, 60.585534], [12.381506, 60.585576], [12.381763, 60.585576], [12.381763, 60.585618], [12.381849, 60.585618], [12.381849, 60.585998], [12.381763, 60.585998], [12.381678, 60.586082], [12.381077, 60.586082], [12.381077, 60.586124], [12.380905, 60.586124], [12.380905, 60.586082], [12.380733, 60.586082], [12.380733, 60.586124], [12.379961, 60.586124]]]}, "properties": {"periode": "host_2024_til_host_2025", "areal_ha": 5.14, "andel_innenfor_jaktfelt": 1.0, "jaktfelt": "Dulpetorpet", "grunnlinje": "2024-09-15", "observert": "2026-09-03", "bekreftet": "2026-09-13"}}, {"type": "Feature", "geometry": {"type": "Polygon", "coordinates": [[[12.38554, 60.585113], [12.385454, 60.585028], [12.385283, 60.585028], [12.385283, 60.584986], [12.385197, 60.584986], [12.385283, 60.583848], [12.385368, 60.583848], [12.385197, 60.583426], [12.385283, 60.583426], [12.385283, 60.583469], [12.385712, 60.583469], [12.385712, 60.583384], [12.385798, 60.583384], [12.385798, 60.583426], [12.386055, 60.583426], [12.386055, 60.583384], [12.386827, 60.583384], [12.386827, 60.583342], [12.387686, 60.583342], [12.387686, 60.583384], [12.387857, 60.583426], [12.387857, 60.583511], [12.387943, 60.583511], [12.388029, 60.583806], [12.388201, 60.583848], [12.388201, 60.584227], [12.388115, 60.584227], [12.388115, 60.58486], [12.388029, 60.58486], [12.387943, 60.584944], [12.387686, 60.584944], [12.3876, 60.585113], [12.387171, 60.585113], [12.387171, 60.58507], [12.385712, 60.58507], [12.385712, 60.585113], [12.38554, 60.585113]]]}, "properties": {"periode": "host_2024_til_host_2025", "areal_ha": 2.87, "andel_innenfor_jaktfelt": 1.0, "jaktfelt": "Dulpetorpet", "grunnlinje": "2024-09-15", "observert": "2026-09-03", "bekreftet": "2026-09-13"}}, {"type": "Feature", "geometry": {"type": "Polygon", "coordinates": [[[12.348461, 60.583637], [12.348461, 60.583595], [12.348375, 60.583595], [12.348375, 60.583553], [12.348461, 60.583553], [12.348461, 60.583469], [12.348547, 60.583469], [12.348547, 60.583342], [12.348461, 60.583342], [12.348461, 60.5833], [12.348547, 60.5833], [12.348547, 60.583258], [12.348976, 60.5833], [12.348976, 60.583342], [12.349062, 60.583342], [12.349062, 60.583511], [12.34889, 60.583511], [12.348719, 60.583637], [12.348461, 60.583637]]]}, "properties": {"periode": "host_2024_til_host_2025", "areal_ha": 0.1, "andel_innenfor_jaktfelt": 1.0, "jaktfelt": "Dulpetorpet", "grunnlinje": "2024-09-15", "observert": "2026-09-03", "bekreftet": "2026-09-13"}}, {"type": "Feature", "geometry": {"type": "Polygon", "coordinates": [[[12.344513, 60.583553], [12.344513, 60.583511], [12.344427, 60.583511], [12.344427, 60.583426], [12.344255, 60.583384], [12.344255, 60.5833], [12.344084, 60.583258], [12.34417, 60.583089], [12.343912, 60.583005], [12.343912, 60.582921], [12.343998, 60.582921], [12.344084, 60.582836], [12.344255, 60.582836], [12.344255, 60.582878], [12.344341, 60.582878], [12.344341, 60.582921], [12.344255, 60.582921], [12.344255, 60.583131], [12.344427, 60.583131], [12.344427, 60.582963], [12.344513, 60.582963], [12.344513, 60.583005], [12.344599, 60.583005], [12.344599, 60.583131], [12.34477, 60.583173], [12.34477, 60.583469], [12.344513, 60.583553]]]}, "properties": {"periode": "host_2024_til_host_2025", "areal_ha": 0.18, "andel_innenfor_jaktfelt": 1.0, "jaktfelt": "Dulpetorpet", "grunnlinje": "2024-09-15", "observert": "2026-09-03", "bekreftet": "2026-09-13"}}, {"type": "Feature", "geometry": {"type": "Polygon", "coordinates": [[[12.349319, 60.583342], [12.349319, 60.5833], [12.349234, 60.5833], [12.349234, 60.583047], [12.349319, 60.583047], [12.349319, 60.583005], [12.349405, 60.583005], [12.349405, 60.582963], [12.349491, 60.582963], [12.349491, 60.582921], [12.349577, 60.582921], [12.349834, 60.582752], [12.350092, 60.582752], [12.350264, 60.582878], [12.350178, 60.582878], [12.350178, 60.582921], [12.34992, 60.582921], [12.34992, 60.582963], [12.349834, 60.582963], [12.349834, 60.583047], [12.34992, 60.583047], [12.34992, 60.583089], [12.349834, 60.583089], [12.349834, 60.583131], [12.349663, 60.583131], [12.349663, 60.583173], [12.349577, 60.583173], [12.349577, 60.583258], [12.349319, 60.583342]]]}, "properties": {"periode": "host_2024_til_host_2025", "areal_ha": 0.15, "andel_innenfor_jaktfelt": 1.0, "jaktfelt": "Dulpetorpet", "grunnlinje": "2024-09-15", "observert": "2026-09-03", "bekreftet": "2026-09-13"}}, {"type": "Feature", "geometry": {"type": "Polygon", "coordinates": [[[12.350349, 60.582752], [12.350264, 60.582668], [12.350349, 60.582668], [12.350435, 60.582583], [12.350693, 60.582583], [12.350864, 60.582457], [12.351465, 60.582457], [12.351465, 60.582499], [12.351551, 60.582499], [12.351551, 60.582583], [12.351465, 60.582583], [12.351465, 60.582625], [12.351379, 60.582625], [12.351294, 60.582541], [12.350864, 60.582541], [12.350864, 60.582583], [12.350779, 60.582583], [12.350521, 60.582752], [12.350349, 60.582752]]]}, "properties": {"periode": "host_2024_til_host_2025", "areal_ha": 0.08, "andel_innenfor_jaktfelt": 1.0, "jaktfelt": "Dulpetorpet", "grunnlinje": "2024-09-15", "observert": "2026-09-03", "bekreftet": "2026-09-13"}}, {"type": "Feature", "geometry": {"type": "MultiPolygon", "coordinates": [[[[12.346745, 60.584101], [12.346745, 60.584059], [12.346401, 60.583932], [12.346401, 60.583806], [12.34623, 60.583764], [12.34623, 60.583679], [12.346315, 60.583679], [12.346315, 60.583258], [12.346144, 60.583216], [12.346144, 60.583089], [12.346058, 60.583089], [12.346058, 60.582963], [12.34623, 60.582921], [12.34623, 60.582794], [12.346058, 60.582752], [12.346058, 60.582415], [12.346144, 60.582415], [12.34623, 60.58233], [12.346573, 60.58233], [12.346659, 60.582246], [12.347088, 60.582246], [12.347088, 60.582288], [12.346745, 60.582288], [12.346745, 60.582372], [12.34683, 60.582372], [12.34683, 60.582415], [12.347088, 60.582415], [12.347174, 60.58233], [12.347431, 60.58233], [12.347431, 60.582288], [12.347517, 60.582288], [12.347517, 60.582204], [12.347345, 60.582204], [12.347431, 60.58212], [12.348032, 60.582162], [12.348032, 60.582077], [12.348118, 60.582077], [12.348204, 60.581993], [12.349148, 60.581993], [12.349148, 60.581951], [12.349319, 60.581909], [12.349234, 60.581993], [12.349319, 60.581993], [12.349319, 60.582035], [12.349491, 60.581993], [12.349405, 60.582077], [12.349234, 60.582077], [12.349234, 60.58212], [12.349319, 60.58212], [12.349319, 60.582204], [12.348976, 60.582204], [12.348976, 60.58233], [12.349062, 60.58233], [12.349148, 60.582415], [12.349062, 60.582415], [12.349062, 60.582457], [12.34889, 60.582457], [12.348804, 60.582541], [12.348547, 60.582541], [12.348461, 60.582625], [12.348204, 60.582625], [12.348118, 60.58271], [12.34786, 60.58271], [12.347775, 60.582794], [12.347603, 60.582794], [12.347603, 60.582836], [12.347431, 60.582878], [12.347431, 60.582963], [12.347603, 60.582963], [12.347775, 60.583089], [12.348032, 60.583089], [12.348032, 60.583131], [12.348118, 60.583131], [12.348118, 60.583384], [12.348032, 60.583384], [12.348032, 60.583426], [12.347775, 60.583426], [12.347775, 60.583595], [12.347689, 60.583595], [12.347689, 60.583974], [12.347603, 60.583974], [12.347603, 60.584017], [12.34726, 60.583974], [12.34726, 60.584017], [12.347088, 60.584017], [12.347088, 60.584059], [12.346745, 60.584101]], [[12.347775, 60.583258], [12.34786, 60.583258], [12.34786, 60.583216], [12.347775, 60.583216], [12.347775, 60.583258]], [[12.347431, 60.58271], [12.347517, 60.58271], [12.347517, 60.582668], [12.347431, 60.582668], [12.347431, 60.58271]], [[12.347345, 60.583848], [12.347431, 60.583848], [12.347431, 60.583806], [12.347345, 60.583806], [12.347345, 60.583848]]], [[[12.347088, 60.582246], [12.347088, 60.582204], [12.34726, 60.582204], [12.34726, 60.582246], [12.347088, 60.582246]]]]}, "properties": {"periode": "host_2024_til_host_2025", "areal_ha": 2.13, "andel_innenfor_jaktfelt": 1.0, "jaktfelt": "Dulpetorpet", "grunnlinje": "2024-09-15", "observert": "2026-09-03", "bekreftet": "2026-09-13"}}, {"type": "Feature", "geometry": {"type": "Polygon", "coordinates": [[[12.336874, 60.581192], [12.336874, 60.58115], [12.336617, 60.58115], [12.336617, 60.581108], [12.336359, 60.581023], [12.336359, 60.580855], [12.336445, 60.580855], [12.336702, 60.580686], [12.336874, 60.580686], [12.336874, 60.580644], [12.337217, 60.580644], [12.337217, 60.580686], [12.337303, 60.580686], [12.337303, 60.580728], [12.337217, 60.580728], [12.337303, 60.581023], [12.337132, 60.581066], [12.337132, 60.58115], [12.337046, 60.58115], [12.337046, 60.581192], [12.336874, 60.581192]]]}, "properties": {"periode": "host_2024_til_host_2025", "areal_ha": 0.23, "andel_innenfor_jaktfelt": 0.85, "jaktfelt": "Dulpetorpet", "grunnlinje": "2024-09-15", "observert": "2026-09-03", "bekreftet": "2026-09-13"}}, {"type": "Feature", "geometry": {"type": "MultiPolygon", "coordinates": [[[[12.344599, 60.58077], [12.344599, 60.580686], [12.344685, 60.580686], [12.34477, 60.580602], [12.344942, 60.580602], [12.344942, 60.580728], [12.344685, 60.580728], [12.344685, 60.58077], [12.344599, 60.58077]]], [[[12.344942, 60.580602], [12.344942, 60.58056], [12.345028, 60.58056], [12.345028, 60.580602], [12.344942, 60.580602]]]]}, "properties": {"periode": "host_2024_til_host_2025", "areal_ha": 0.02, "andel_innenfor_jaktfelt": 1.0, "jaktfelt": "Dulpetorpet", "grunnlinje": "2024-09-15", "observert": "2026-09-03", "bekreftet": "2026-09-13"}}, {"type": "Feature", "geometry": {"type": "Polygon", "coordinates": [[[12.344599, 60.581909], [12.344599, 60.581867], [12.344513, 60.581867], [12.344513, 60.581614], [12.344427, 60.581614], [12.344427, 60.581571], [12.344255, 60.581571], [12.344255, 60.581529], [12.34417, 60.581529], [12.34417, 60.581403], [12.344084, 60.581403], [12.344084, 60.581023], [12.344255, 60.580981], [12.344255, 60.580897], [12.344341, 60.580897], [12.344341, 60.580855], [12.344427, 60.580855], [12.344513, 60.580939], [12.344599, 60.580939], [12.344599, 60.580897], [12.34477, 60.580897], [12.34477, 60.581276], [12.344685, 60.581276], [12.344685, 60.581403], [12.345028, 60.581403], [12.345028, 60.581445], [12.3452, 60.581445], [12.3452, 60.581403], [12.345371, 60.581361], [12.345371, 60.580855], [12.345715, 60.580897], [12.345715, 60.580855], [12.345886, 60.580813], [12.345886, 60.580728], [12.346058, 60.580686], [12.346058, 60.58056], [12.346144, 60.58056], [12.346144, 60.580518], [12.346315, 60.580518], [12.346315, 60.58056], [12.34683, 60.58056], [12.34683, 60.580518], [12.346916, 60.580518], [12.346916, 60.580349], [12.347088, 60.580349], [12.347088, 60.580265], [12.346916, 60.580265], [12.346916, 60.580138], [12.347174, 60.580138], [12.347174, 60.580054], [12.34726, 60.580054], [12.34726, 60.580096], [12.347431, 60.580138], [12.347431, 60.580475], [12.347517, 60.580475], [12.347517, 60.58056], [12.347345, 60.580602], [12.347345, 60.581403], [12.347431, 60.581403], [12.347431, 60.581445], [12.347345, 60.581445], [12.347345, 60.581487], [12.347174, 60.581487], [12.347088, 60.581571], [12.346487, 60.581571], [12.346401, 60.581487], [12.34623, 60.581487], [12.34623, 60.581529], [12.345886, 60.581529], [12.345886, 60.581571], [12.3458, 60.581571], [12.3458, 60.581614], [12.345715, 60.581614], [12.345715, 60.581656], [12.345371, 60.581782], [12.345371, 60.581909], [12.344856, 60.581909], [12.344856, 60.581867], [12.344685, 60.581867], [12.344685, 60.581909], [12.344599, 60.581909]], [[12.346916, 60.581023], [12.347088, 60.581023], [12.347088, 60.580981], [12.347174, 60.580981], [12.347174, 60.580897], [12.347002, 60.580897], [12.347002, 60.580939], [12.346916, 60.580939], [12.346916, 60.581023]], [[12.346573, 60.581319], [12.346916, 60.581319], [12.346916, 60.58115], [12.34683, 60.58115], [12.34683, 60.581108], [12.346659, 60.581108], [12.346659, 60.58115], [12.346487, 60.581192], [12.346487, 60.581276], [12.346573, 60.581276], [12.346573, 60.581319]]]}, "properties": {"periode": "host_2024_til_host_2025", "areal_ha": 1.68, "andel_innenfor_jaktfelt": 1.0, "jaktfelt": "Dulpetorpet", "grunnlinje": "2024-09-15", "observert": "2026-09-03", "bekreftet": "2026-09-13"}}, {"type": "Feature", "geometry": {"type": "Polygon", "coordinates": [[[12.345715, 60.58018], [12.3458, 60.580096], [12.346144, 60.580138], [12.34623, 60.580054], [12.346401, 60.580054], [12.34623, 60.58018], [12.345715, 60.58018]]]}, "properties": {"periode": "host_2024_til_host_2025", "areal_ha": 0.03, "andel_innenfor_jaktfelt": 1.0, "jaktfelt": "Dulpetorpet", "grunnlinje": "2024-09-15", "observert": "2026-09-03", "bekreftet": "2026-09-13"}}, {"type": "Feature", "geometry": {"type": "Polygon", "coordinates": [[[12.33696, 60.580518], [12.33696, 60.580475], [12.336702, 60.580475], [12.336702, 60.580433], [12.336531, 60.580391], [12.336531, 60.580307], [12.336617, 60.580307], [12.336617, 60.580265], [12.33696, 60.580265], [12.336874, 60.580096], [12.336788, 60.580096], [12.336617, 60.579969], [12.336702, 60.579969], [12.336702, 60.579927], [12.337046, 60.579927], [12.337046, 60.579885], [12.337132, 60.579885], [12.337132, 60.579927], [12.337389, 60.580012], [12.337389, 60.580138], [12.337475, 60.580138], [12.337561, 60.580222], [12.337475, 60.580222], [12.337389, 60.580307], [12.337217, 60.580307], [12.337217, 60.580349], [12.337132, 60.580349], [12.337132, 60.580518], [12.33696, 60.580518]]]}, "properties": {"periode": "host_2024_til_host_2025", "areal_ha": 0.2, "andel_innenfor_jaktfelt": 0.0, "jaktfelt": "Dulpetorpet", "grunnlinje": "2024-09-15", "observert": "2026-09-03", "bekreftet": "2026-09-13"}}, {"type": "Feature", "geometry": {"type": "Polygon", "coordinates": [[[12.335758, 60.579843], [12.335758, 60.579801], [12.335329, 60.579801], [12.335243, 60.579716], [12.335072, 60.579716], [12.335072, 60.579674], [12.334986, 60.579674], [12.334986, 60.579548], [12.335072, 60.579548], [12.335072, 60.579463], [12.335157, 60.579463], [12.335157, 60.579421], [12.335587, 60.579421], [12.335844, 60.57959], [12.336016, 60.57959], [12.336016, 60.579632], [12.336102, 60.579632], [12.336102, 60.579716], [12.33593, 60.579759], [12.33593, 60.579843], [12.335758, 60.579843]]]}, "properties": {"periode": "host_2024_til_host_2025", "areal_ha": 0.19, "andel_innenfor_jaktfelt": 0.0, "jaktfelt": "Dulpetorpet", "grunnlinje": "2024-09-15", "observert": "2026-09-03", "bekreftet": "2026-09-13"}}, {"type": "Feature", "geometry": {"type": "Polygon", "coordinates": [[[12.337217, 60.579801], [12.337217, 60.579759], [12.337132, 60.579759], [12.337132, 60.579506], [12.336874, 60.579421], [12.336874, 60.579211], [12.336788, 60.579211], [12.336788, 60.579126], [12.336702, 60.579126], [12.336702, 60.579], [12.336788, 60.579], [12.336874, 60.578915], [12.337046, 60.578915], [12.337046, 60.578662], [12.337132, 60.578662], [12.337217, 60.578578], [12.337475, 60.578578], [12.337475, 60.57862], [12.337561, 60.57862], [12.337561, 60.578578], [12.33799, 60.578578], [12.33799, 60.57862], [12.338333, 60.578747], [12.338333, 60.578873], [12.338419, 60.578873], [12.338419, 60.578747], [12.338505, 60.578747], [12.338591, 60.578662], [12.338762, 60.578662], [12.338762, 60.57862], [12.338848, 60.57862], [12.338848, 60.578662], [12.338934, 60.578662], [12.338934, 60.578789], [12.339277, 60.578915], [12.339277, 60.579], [12.339191, 60.579], [12.339191, 60.579042], [12.338848, 60.579042], [12.338848, 60.579084], [12.338762, 60.579084], [12.338762, 60.579168], [12.338934, 60.579211], [12.338934, 60.579421], [12.338848, 60.579421], [12.338848, 60.579463], [12.338762, 60.579463], [12.338676, 60.579379], [12.338419, 60.579379], [12.338419, 60.579421], [12.33799, 60.579421], [12.33799, 60.579463], [12.337904, 60.579463], [12.337904, 60.579548], [12.33799, 60.579548], [12.338076, 60.579632], [12.33799, 60.579632], [12.337818, 60.579759], [12.337389, 60.579759], [12.337389, 60.579801], [12.337217, 60.579801]]]}, "properties": {"periode": "host_2024_til_host_2025", "areal_ha": 1.16, "andel_innenfor_jaktfelt": 0.0, "jaktfelt": "Dulpetorpet", "grunnlinje": "2024-09-15", "observert": "2026-09-03", "bekreftet": "2026-09-13"}}, {"type": "Feature", "geometry": {"type": "Polygon", "coordinates": [[[12.338076, 60.57706], [12.33799, 60.576976], [12.338076, 60.576976], [12.338076, 60.576934], [12.338247, 60.576934], [12.338333, 60.576849], [12.33902, 60.576849], [12.33902, 60.576934], [12.338934, 60.576934], [12.338934, 60.576976], [12.338505, 60.576976], [12.338505, 60.577018], [12.338161, 60.577018], [12.338161, 60.57706], [12.338076, 60.57706]]]}, "properties": {"periode": "host_2024_til_host_2025", "areal_ha": 0.07, "andel_innenfor_jaktfelt": 0.0, "jaktfelt": "Dulpetorpet", "grunnlinje": "2024-09-15", "observert": "2026-09-03", "bekreftet": "2026-09-13"}}, {"type": "Feature", "geometry": {"type": "Polygon", "coordinates": [[[12.33284, 60.578578], [12.33284, 60.578536], [12.332582, 60.578536], [12.332582, 60.578494], [12.332411, 60.578452], [12.332411, 60.578114], [12.332239, 60.578072], [12.332239, 60.577566], [12.332497, 60.577482], [12.332497, 60.57706], [12.332582, 60.57706], [12.332668, 60.576976], [12.333012, 60.576976], [12.333097, 60.576892], [12.333956, 60.576849], [12.334213, 60.576681], [12.334642, 60.576681], [12.334728, 60.576596], [12.335157, 60.576596], [12.335157, 60.576554], [12.335243, 60.576554], [12.335243, 60.576596], [12.335329, 60.576596], [12.335329, 60.576639], [12.335243, 60.576639], [12.335243, 60.576723], [12.335415, 60.576765], [12.335415, 60.576976], [12.335329, 60.576976], [12.335329, 60.577018], [12.335243, 60.577018], [12.335243, 60.57706], [12.335157, 60.57706], [12.335157, 60.577102], [12.334814, 60.577229], [12.334814, 60.577355], [12.3349, 60.577355], [12.3349, 60.57744], [12.334986, 60.57744], [12.334986, 60.577566], [12.334814, 60.577608], [12.334814, 60.577693], [12.334642, 60.577735], [12.334642, 60.577819], [12.334471, 60.577819], [12.334385, 60.577735], [12.334213, 60.577735], [12.334213, 60.577777], [12.334127, 60.577777], [12.334127, 60.577819], [12.334042, 60.577819], [12.334042, 60.577861], [12.333956, 60.577861], [12.333698, 60.57803], [12.333269, 60.578072], [12.333269, 60.578114], [12.333183, 60.578114], [12.333183, 60.578241], [12.333012, 60.578283], [12.333012, 60.578578], [12.33284, 60.578578]], [[12.334213, 60.576892], [12.334557, 60.576849], [12.334557, 60.576765], [12.334213, 60.576765], [12.334213, 60.576807], [12.334127, 60.576807], [12.334213, 60.576892]]]}, "properties": {"periode": "host_2024_til_host_2025", "areal_ha": 2.01, "andel_innenfor_jaktfelt": 0.0, "jaktfelt": "Dulpetorpet", "grunnlinje": "2024-09-15", "observert": "2026-09-03", "bekreftet": "2026-09-13"}}, {"type": "Feature", "geometry": {"type": "Polygon", "coordinates": [[[12.336617, 60.57706], [12.336617, 60.577018], [12.336531, 60.577018], [12.336531, 60.576596], [12.336617, 60.576596], [12.336617, 60.576554], [12.336788, 60.576554], [12.33696, 60.576386], [12.337646, 60.576386], [12.337646, 60.576343], [12.337904, 60.576343], [12.337904, 60.576386], [12.338247, 60.576512], [12.338161, 60.576596], [12.337217, 60.576596], [12.337217, 60.576639], [12.337046, 60.576681], [12.337046, 60.576849], [12.337303, 60.576849], [12.337389, 60.576934], [12.337561, 60.576934], [12.337561, 60.577018], [12.337475, 60.577018], [12.337475, 60.57706], [12.337046, 60.57706], [12.337046, 60.577018], [12.336702, 60.577018], [12.336702, 60.57706], [12.336617, 60.57706]]]}, "properties": {"periode": "host_2024_til_host_2025", "areal_ha": 0.37, "andel_innenfor_jaktfelt": 0.0, "jaktfelt": "Dulpetorpet", "grunnlinje": "2024-09-15", "observert": "2026-09-03", "bekreftet": "2026-09-13"}}, {"type": "Feature", "geometry": {"type": "Polygon", "coordinates": [[[12.342968, 60.576892], [12.342968, 60.576849], [12.342882, 60.576849], [12.342882, 60.576765], [12.342796, 60.576765], [12.342796, 60.576681], [12.34271, 60.576681], [12.34271, 60.576596], [12.342796, 60.576596], [12.34271, 60.576428], [12.342625, 60.576428], [12.342625, 60.576386], [12.342453, 60.576386], [12.342367, 60.576301], [12.34211, 60.576301], [12.34211, 60.576259], [12.341938, 60.576217], [12.341938, 60.575964], [12.341852, 60.575964], [12.341852, 60.57588], [12.342024, 60.575837], [12.342024, 60.575669], [12.34211, 60.575669], [12.342196, 60.575584], [12.342539, 60.575584], [12.342539, 60.575627], [12.34271, 60.575627], [12.342882, 60.575753], [12.343054, 60.575753], [12.343054, 60.575711], [12.34314, 60.575711], [12.34314, 60.575627], [12.342968, 60.575584], [12.342882, 60.575078], [12.342968, 60.575078], [12.342968, 60.574994], [12.34314, 60.574952], [12.343225, 60.574783], [12.343311, 60.574783], [12.343311, 60.574741], [12.343483, 60.574741], [12.343483, 60.574572], [12.343569, 60.574572], [12.343569, 60.57453], [12.343826, 60.57453], [12.343826, 60.574572], [12.343912, 60.574572], [12.343912, 60.574741], [12.34417, 60.574741], [12.344255, 60.574825], [12.344685, 60.574825], [12.34477, 60.57491], [12.345114, 60.57491], [12.345114, 60.574868], [12.345285, 60.57491], [12.345285, 60.575036], [12.345457, 60.575078], [12.345457, 60.575458], [12.345371, 60.575458], [12.345371, 60.5755], [12.3452, 60.5755], [12.3452, 60.575542], [12.345114, 60.575542], [12.345114, 60.575627], [12.344942, 60.575627], [12.344942, 60.575669], [12.344599, 60.575669], [12.344599, 60.575627], [12.344084, 60.575584], [12.344084, 60.575795], [12.343912, 60.575837], [12.343912, 60.576006], [12.34374, 60.576048], [12.34374, 60.576301], [12.343483, 60.576386], [12.343483, 60.576639], [12.343397, 60.576639], [12.343397, 60.576681], [12.343225, 60.576681], [12.343225, 60.576807], [12.343397, 60.576807], [12.343397, 60.576892], [12.342968, 60.576892]]]}, "properties": {"periode": "host_2024_til_host_2025", "areal_ha": 2.25, "andel_innenfor_jaktfelt": 1.0, "jaktfelt": "Dulpetorpet", "grunnlinje": "2024-09-15", "observert": "2026-09-03", "bekreftet": "2026-09-13"}}, {"type": "Feature", "geometry": {"type": "Polygon", "coordinates": [[[12.350779, 60.577398], [12.350779, 60.577355], [12.350693, 60.577355], [12.350693, 60.577313], [12.350521, 60.577313], [12.350521, 60.577271], [12.350349, 60.577271], [12.350349, 60.577313], [12.350178, 60.577355], [12.350006, 60.577187], [12.349749, 60.577187], [12.349749, 60.577145], [12.349663, 60.577145], [12.349663, 60.577018], [12.349319, 60.577018], [12.349234, 60.576934], [12.349062, 60.576934], [12.349062, 60.576892], [12.348719, 60.576765], [12.348719, 60.576681], [12.348633, 60.576681], [12.348633, 60.576512], [12.348547, 60.576512], [12.348461, 60.576133], [12.348804, 60.576006], [12.348804, 60.575711], [12.34889, 60.575711], [12.34889, 60.575542], [12.348976, 60.575542], [12.349234, 60.575374], [12.349405, 60.575374], [12.349405, 60.575331], [12.349491, 60.575331], [12.349491, 60.575247], [12.349577, 60.575247], [12.349577, 60.575205], [12.349749, 60.575205], [12.34992, 60.575036], [12.350092, 60.575036], [12.350178, 60.574952], [12.350349, 60.574952], [12.350349, 60.57491], [12.350435, 60.57491], [12.350349, 60.574741], [12.350435, 60.574741], [12.350435, 60.574783], [12.350607, 60.574783], [12.350607, 60.574741], [12.350864, 60.574657], [12.350864, 60.574572], [12.35095, 60.574572], [12.351036, 60.574488], [12.351208, 60.574488], [12.351379, 60.574362], [12.351809, 60.574362], [12.351809, 60.574404], [12.351894, 60.574404], [12.351894, 60.574446], [12.351809, 60.574446], [12.351809, 60.57453], [12.351894, 60.57453], [12.351894, 60.574615], [12.35198, 60.574615], [12.35198, 60.574699], [12.352066, 60.574699], [12.352066, 60.574783], [12.352152, 60.574783], [12.352152, 60.574825], [12.352066, 60.574825], [12.352066, 60.57491], [12.352152, 60.57491], [12.352238, 60.574994], [12.352409, 60.574952], [12.352409, 60.575121], [12.352495, 60.575121], [12.352495, 60.575163], [12.352924, 60.575163], [12.352924, 60.575205], [12.353096, 60.575205], [12.353182, 60.575121], [12.353354, 60.575121], [12.353525, 60.575247], [12.353868, 60.575205], [12.353868, 60.575247], [12.35404, 60.575289], [12.35404, 60.575584], [12.353954, 60.575584], [12.353954, 60.57609], [12.353868, 60.57609], [12.353783, 60.576175], [12.353611, 60.576175], [12.353611, 60.576133], [12.353096, 60.576133], [12.352924, 60.575964], [12.352238, 60.575964], [12.352238, 60.576006], [12.352152, 60.576006], [12.352152, 60.57609], [12.352238, 60.57609], [12.352238, 60.576133], [12.352409, 60.576133], [12.352324, 60.576343], [12.352238, 60.576343], [12.352238, 60.576512], [12.35198, 60.576512], [12.35198, 60.576554], [12.351809, 60.576596], [12.351809, 60.576681], [12.351637, 60.576723], [12.351637, 60.576807], [12.351551, 60.576807], [12.351551, 60.576892], [12.351465, 60.576892], [12.351465, 60.576976], [12.351379, 60.576976], [12.351379, 60.57706], [12.351294, 60.57706], [12.351294, 60.577271], [12.351208, 60.577271], [12.351036, 60.577398], [12.350779, 60.577398]], [[12.353268, 60.575289], [12.353439, 60.575289], [12.353439, 60.575205], [12.353268, 60.575205], [12.353268, 60.575289]]]}, "properties": {"periode": "host_2024_til_host_2025", "areal_ha": 5.58, "andel_innenfor_jaktfelt": 1.0, "jaktfelt": "Dulpetorpet", "grunnlinje": "2024-09-15", "observert": "2026-09-03", "bekreftet": "2026-09-13"}}, {"type": "Feature", "geometry": {"type": "Polygon", "coordinates": [[[12.3561, 60.570946], [12.3561, 60.570904], [12.356014, 60.570904], [12.3561, 60.570819], [12.356358, 60.570819], [12.356358, 60.570777], [12.356529, 60.570777], [12.356529, 60.570819], [12.356873, 60.570819], [12.356873, 60.570904], [12.356787, 60.570904], [12.356787, 60.570946], [12.3561, 60.570946]]]}, "properties": {"periode": "host_2024_til_host_2025", "areal_ha": 0.06, "andel_innenfor_jaktfelt": 1.0, "jaktfelt": "Dulpetorpet", "grunnlinje": "2024-09-15", "observert": "2026-09-03", "bekreftet": "2026-09-13"}}, {"type": "Feature", "geometry": {"type": "Polygon", "coordinates": [[[12.354212, 60.571789], [12.354212, 60.571747], [12.35404, 60.571705], [12.35404, 60.571536], [12.353954, 60.571536], [12.353954, 60.571452], [12.35404, 60.571452], [12.35404, 60.57141], [12.354383, 60.571283], [12.354383, 60.570946], [12.354126, 60.570861], [12.354126, 60.570693], [12.354383, 60.570608], [12.354469, 60.570229], [12.354641, 60.570187], [12.354641, 60.570102], [12.354727, 60.570102], [12.354898, 60.569976], [12.355499, 60.569976], [12.355499, 60.570018], [12.355928, 60.570018], [12.355928, 60.57006], [12.356615, 60.570102], [12.356615, 60.570144], [12.356787, 60.570187], [12.356787, 60.570271], [12.356615, 60.570313], [12.356615, 60.570482], [12.355413, 60.570482], [12.355413, 60.570524], [12.355328, 60.570524], [12.355328, 60.570777], [12.355242, 60.570777], [12.355242, 60.570819], [12.355328, 60.570819], [12.355328, 60.570904], [12.355413, 60.570904], [12.355413, 60.571199], [12.355328, 60.571199], [12.355242, 60.571705], [12.355156, 60.571705], [12.355156, 60.571747], [12.354898, 60.571747], [12.354898, 60.571789], [12.354212, 60.571789]], [[12.355843, 60.570229], [12.3561, 60.570229], [12.3561, 60.570187], [12.356186, 60.570187], [12.356186, 60.570102], [12.355928, 60.570102], [12.355928, 60.570144], [12.355843, 60.570144], [12.355843, 60.570229]]]}, "properties": {"periode": "host_2024_til_host_2025", "areal_ha": 1.43, "andel_innenfor_jaktfelt": 1.0, "jaktfelt": "Dulpetorpet", "grunnlinje": "2024-09-15", "observert": "2026-09-03", "bekreftet": "2026-09-13"}}, {"type": "Feature", "geometry": {"type": "Polygon", "coordinates": [[[12.362881, 60.568078], [12.362881, 60.567994], [12.362967, 60.567994], [12.362967, 60.567951], [12.363138, 60.567951], [12.363138, 60.567909], [12.363224, 60.567909], [12.363224, 60.567867], [12.36331, 60.567867], [12.363567, 60.567698], [12.363825, 60.567698], [12.363825, 60.56774], [12.364082, 60.567825], [12.364082, 60.567909], [12.363997, 60.567909], [12.363997, 60.567951], [12.363911, 60.567951], [12.363825, 60.567867], [12.363653, 60.567867], [12.363482, 60.568036], [12.363052, 60.568036], [12.363052, 60.568078], [12.362881, 60.568078]]]}, "properties": {"periode": "host_2024_til_host_2025", "areal_ha": 0.12, "andel_innenfor_jaktfelt": 0.0, "jaktfelt": "Dulpetorpet", "grunnlinje": "2024-09-15", "observert": "2026-09-03", "bekreftet": "2026-09-13"}}, {"type": "Feature", "geometry": {"type": "Polygon", "coordinates": [[[12.360134, 60.56715], [12.360134, 60.567108], [12.359962, 60.567066], [12.359962, 60.566897], [12.359705, 60.566897], [12.359705, 60.566855], [12.359533, 60.566813], [12.359533, 60.566686], [12.359877, 60.56656], [12.359877, 60.566475], [12.359962, 60.566475], [12.359962, 60.566433], [12.36022, 60.566433], [12.360306, 60.566517], [12.360563, 60.566517], [12.360563, 60.56656], [12.360649, 60.56656], [12.360649, 60.567108], [12.360563, 60.567108], [12.360563, 60.56715], [12.360134, 60.56715]]]}, "properties": {"periode": "host_2024_til_host_2025", "areal_ha": 0.34, "andel_innenfor_jaktfelt": 0.0, "jaktfelt": "Dulpetorpet", "grunnlinje": "2024-09-15", "observert": "2026-09-03", "bekreftet": "2026-09-13"}}, {"type": "Feature", "geometry": {"type": "Polygon", "coordinates": [[[12.363138, 60.56618], [12.363138, 60.566138], [12.362967, 60.566138], [12.362967, 60.566096], [12.362795, 60.566053], [12.362795, 60.565969], [12.362452, 60.565927], [12.362452, 60.565885], [12.36228, 60.565842], [12.36228, 60.565758], [12.361851, 60.565758], [12.361851, 60.565716], [12.361765, 60.565716], [12.361765, 60.565674], [12.361593, 60.565674], [12.361507, 60.565589], [12.360992, 60.565589], [12.360992, 60.565547], [12.360907, 60.565547], [12.360907, 60.565463], [12.36125, 60.565463], [12.36125, 60.565547], [12.361593, 60.565547], [12.361851, 60.565379], [12.36228, 60.565379], [12.36228, 60.565547], [12.362366, 60.565547], [12.362366, 60.565589], [12.362452, 60.565589], [12.362452, 60.565547], [12.362623, 60.565547], [12.362623, 60.565589], [12.362967, 60.565589], [12.362967, 60.565505], [12.362709, 60.565505], [12.362709, 60.565379], [12.363052, 60.565379], [12.363052, 60.565421], [12.363653, 60.565421], [12.363653, 60.565379], [12.363739, 60.565379], [12.363739, 60.565168], [12.364168, 60.565168], [12.364254, 60.565083], [12.364426, 60.565083], [12.364426, 60.564957], [12.364511, 60.564957], [12.364511, 60.564915], [12.364769, 60.564915], [12.364769, 60.564872], [12.364855, 60.564872], [12.364769, 60.564788], [12.365026, 60.564788], [12.365026, 60.56483], [12.365284, 60.564915], [12.36537, 60.565083], [12.365456, 60.565083], [12.365456, 60.565294], [12.36537, 60.565294], [12.365284, 60.565379], [12.365112, 60.565379], [12.364941, 60.565505], [12.364511, 60.565547], [12.364426, 60.565716], [12.36434, 60.565716], [12.364254, 60.5658], [12.364082, 60.5658], [12.363997, 60.565885], [12.363396, 60.565885], [12.363396, 60.565927], [12.36331, 60.565927], [12.36331, 60.566138], [12.363138, 60.56618]]]}, "properties": {"periode": "host_2024_til_host_2025", "areal_ha": 1.26, "andel_innenfor_jaktfelt": 0.15, "jaktfelt": "Dulpetorpet", "grunnlinje": "2024-09-15", "observert": "2026-09-03", "bekreftet": "2026-09-13"}}, {"type": "Feature", "geometry": {"type": "Polygon", "coordinates": [[[12.367773, 60.567698], [12.367773, 60.567656], [12.367687, 60.567656], [12.367687, 60.567572], [12.367601, 60.567572], [12.367601, 60.567487], [12.367258, 60.567445], [12.367258, 60.567108], [12.366915, 60.567023], [12.366915, 60.566813], [12.366743, 60.566813], [12.366743, 60.56677], [12.366657, 60.56677], [12.366657, 60.566517], [12.366571, 60.566517], [12.366571, 60.566391], [12.366657, 60.566391], [12.366657, 60.566349], [12.366571, 60.566349], [12.366571, 60.566306], [12.366657, 60.566306], [12.366657, 60.566264], [12.367258, 60.566264], [12.367258, 60.566222], [12.367601, 60.566222], [12.367687, 60.566138], [12.367859, 60.566138], [12.367945, 60.566222], [12.368202, 60.566222], [12.368202, 60.56618], [12.368288, 60.56618], [12.368288, 60.566096], [12.368374, 60.566096], [12.368631, 60.565927], [12.368889, 60.565927], [12.368889, 60.565885], [12.368975, 60.565885], [12.368975, 60.5658], [12.369404, 60.565842], [12.369576, 60.565716], [12.369833, 60.565716], [12.369919, 60.565632], [12.370348, 60.565632], [12.370348, 60.56521], [12.370434, 60.56521], [12.370605, 60.565083], [12.371206, 60.565083], [12.371206, 60.565041], [12.371292, 60.565041], [12.371292, 60.564957], [12.371378, 60.564957], [12.371464, 60.564872], [12.372065, 60.564872], [12.372065, 60.56483], [12.372322, 60.564746], [12.372322, 60.564661], [12.372408, 60.564661], [12.372494, 60.564577], [12.372751, 60.564577], [12.372751, 60.564619], [12.372665, 60.564619], [12.372665, 60.564704], [12.372494, 60.564746], [12.372494, 60.564999], [12.37258, 60.564999], [12.37258, 60.565041], [12.372923, 60.565168], [12.372923, 60.565336], [12.373009, 60.565336], [12.373009, 60.565379], [12.373352, 60.565505], [12.373352, 60.565547], [12.37318, 60.565547], [12.37318, 60.565632], [12.37361, 60.565632], [12.37361, 60.565547], [12.373695, 60.565547], [12.373695, 60.565589], [12.373953, 60.565674], [12.373953, 60.565885], [12.373867, 60.565885], [12.373867, 60.566096], [12.373781, 60.566096], [12.373781, 60.566222], [12.373695, 60.566222], [12.373695, 60.566264], [12.37361, 60.566264], [12.373352, 60.566433], [12.37318, 60.566433], [12.37318, 60.566475], [12.373009, 60.566475], [12.373009, 60.566517], [12.372751, 60.566517], [12.37258, 60.566644], [12.372408, 60.566644], [12.372408, 60.566686], [12.372322, 60.566686], [12.372322, 60.566813], [12.372065, 60.566813], [12.371893, 60.567023], [12.371721, 60.567023], [12.371721, 60.566981], [12.371635, 60.566981], [12.371635, 60.566855], [12.371206, 60.566855], [12.37112, 60.566939], [12.370863, 60.566939], [12.370863, 60.566981], [12.370777, 60.566981], [12.370777, 60.56715], [12.370691, 60.56715], [12.370691, 60.567192], [12.370605, 60.567192], [12.370605, 60.567234], [12.37052, 60.567234], [12.37052, 60.567277], [12.370434, 60.567277], [12.370434, 60.567319], [12.370348, 60.567319], [12.370348, 60.567361], [12.370262, 60.567361], [12.370005, 60.56753], [12.369833, 60.567487], [12.369833, 60.567361], [12.370176, 60.567234], [12.370176, 60.566981], [12.370262, 60.566981], [12.370262, 60.566897], [12.370176, 60.566897], [12.37009, 60.566813], [12.369833, 60.566813], [12.369833, 60.56677], [12.368975, 60.56677], [12.368975, 60.566728], [12.368546, 60.566728], [12.368546, 60.56677], [12.36846, 60.56677], [12.368202, 60.566939], [12.368031, 60.566939], [12.368031, 60.567234], [12.367859, 60.567277], [12.367859, 60.567445], [12.367945, 60.567445], [12.367945, 60.567487], [12.368288, 60.567487], [12.368288, 60.567572], [12.368031, 60.567572], [12.368031, 60.567614], [12.367773, 60.567698]], [[12.371292, 60.565041], [12.371292, 60.565125], [12.371378, 60.565125], [12.371378, 60.565041], [12.371292, 60.565041]], [[12.37215, 60.566349], [12.372322, 60.566349], [12.372322, 60.566264], [12.372408, 60.566264], [12.372408, 60.566222], [12.372665, 60.566222], [12.372837, 60.566096], [12.373095, 60.566096], [12.373095, 60.566053], [12.37318, 60.566053], [12.37318, 60.5658], [12.373009, 60.5658], [12.372837, 60.565674], [12.37258, 60.565758], [12.372494, 60.566011], [12.372322, 60.566053], [12.372322, 60.56618], [12.372065, 60.566264], [12.37215, 60.566349]], [[12.370777, 60.566517], [12.371292, 60.566475], [12.371292, 60.566433], [12.371378, 60.566433], [12.371378, 60.56618], [12.371721, 60.566096], [12.371721, 60.566011], [12.371378, 60.565885], [12.371378, 60.565758], [12.371721, 60.565758], [12.371721, 60.565716], [12.371807, 60.565716], [12.371807, 60.565336], [12.371721, 60.565336], [12.371721, 60.565294], [12.371464, 60.565294], [12.371464, 60.565252], [12.371292, 60.565294], [12.371292, 60.565379], [12.371378, 60.565379], [12.371378, 60.565463], [12.371292, 60.565463], [12.371292, 60.565505], [12.371206, 60.565505], [12.371206, 60.565463], [12.371035, 60.565463], [12.371035, 60.565336], [12.370863, 60.565336], [12.370863, 60.565421], [12.370777, 60.565421], [12.370863, 60.565927], [12.370691, 60.565969], [12.370691, 60.566053], [12.370777, 60.566053], [12.370777, 60.566096], [12.37112, 60.566096], [12.37112, 60.566138], [12.371206, 60.566138], [12.371206, 60.566264], [12.37112, 60.566264], [12.370949, 60.566391], [12.370691, 60.566391], [12.370691, 60.566475], [12.370777, 60.566475], [12.370777, 60.566517]], [[12.369747, 60.566349], [12.369919, 60.566306], [12.369919, 60.566096], [12.369833, 60.566096], [12.369833, 60.566011], [12.369919, 60.566011], [12.369919, 60.565969], [12.369833, 60.565969], [12.369833, 60.565927], [12.369404, 60.565927], [12.369318, 60.566011], [12.369061, 60.566011], [12.369061, 60.566053], [12.368975, 60.566053], [12.368975, 60.566138], [12.369318, 60.566138], [12.369318, 60.56618], [12.369404, 60.56618], [12.369404, 60.566306], [12.369747, 60.566306], [12.369747, 60.566349]], [[12.366829, 60.56677], [12.367516, 60.56677], [12.367516, 60.566728], [12.367601, 60.566728], [12.367601, 60.566517], [12.367172, 60.566517], [12.367172, 60.566475], [12.367001, 60.566475], [12.367001, 60.566433], [12.366915, 60.566433], [12.366915, 60.566475], [12.366829, 60.566475], [12.366829, 60.56677]]]}, "properties": {"periode": "host_2024_til_host_2025", "areal_ha": 4.85, "andel_innenfor_jaktfelt": 1.0, "jaktfelt": "Dulpetorpet", "grunnlinje": "2024-09-15", "observert": "2026-09-03", "bekreftet": "2026-09-13"}}, {"type": "Feature", "geometry": {"type": "MultiPolygon", "coordinates": [[[[12.364941, 60.562468], [12.364941, 60.562299], [12.365026, 60.562299], [12.365026, 60.562215], [12.365112, 60.562215], [12.365112, 60.561962], [12.365284, 60.56192], [12.365284, 60.562426], [12.365026, 60.562426], [12.365026, 60.562468], [12.364941, 60.562468]]], [[[12.365284, 60.56192], [12.365284, 60.561751], [12.36537, 60.561751], [12.36537, 60.561709], [12.365541, 60.561666], [12.365541, 60.561582], [12.365627, 60.561582], [12.365627, 60.561498], [12.365541, 60.561498], [12.365541, 60.56116], [12.365713, 60.561118], [12.365713, 60.560992], [12.365885, 60.560949], [12.365885, 60.560781], [12.365971, 60.560781], [12.365971, 60.560696], [12.366056, 60.560696], [12.366056, 60.560527], [12.366142, 60.560527], [12.366142, 60.560443], [12.366228, 60.560443], [12.366228, 60.560992], [12.366314, 60.560992], [12.366314, 60.561202], [12.365971, 60.561287], [12.365971, 60.561329], [12.366056, 60.561329], [12.366056, 60.561413], [12.365799, 60.561413], [12.365799, 60.561456], [12.365713, 60.561456], [12.365713, 60.561624], [12.365627, 60.561624], [12.365713, 60.561793], [12.365627, 60.561793], [12.365627, 60.56192], [12.365284, 60.56192]]]]}, "properties": {"periode": "host_2024_til_host_2025", "areal_ha": 0.38, "andel_innenfor_jaktfelt": 0.0, "jaktfelt": "Dulpetorpet", "grunnlinje": "2024-09-15", "observert": "2026-09-03", "bekreftet": "2026-09-13"}}, {"type": "Feature", "geometry": {"type": "Polygon", "coordinates": [[[12.36331, 60.560232], [12.36331, 60.56019], [12.362967, 60.560148], [12.362881, 60.560063], [12.362709, 60.560063], [12.362709, 60.560021], [12.362623, 60.560021], [12.362452, 60.559895], [12.36228, 60.559895], [12.362022, 60.559726], [12.361765, 60.559726], [12.361679, 60.559642], [12.361422, 60.559642], [12.361422, 60.559599], [12.361336, 60.559599], [12.361336, 60.559515], [12.360992, 60.559388], [12.360992, 60.559262], [12.360907, 60.559262], [12.360821, 60.559093], [12.360649, 60.559093], [12.360649, 60.559051], [12.360477, 60.559051], [12.360477, 60.559009], [12.360306, 60.559009], [12.360306, 60.559051], [12.36022, 60.559051], [12.360134, 60.559135], [12.359962, 60.559135], [12.359791, 60.559262], [12.358847, 60.559262], [12.358675, 60.559135], [12.358503, 60.559135], [12.358503, 60.559093], [12.358418, 60.559093], [12.358418, 60.558713], [12.358503, 60.558713], [12.358503, 60.558502], [12.358589, 60.558502], [12.358589, 60.55846], [12.358675, 60.55846], [12.358675, 60.558418], [12.359018, 60.558292], [12.359018, 60.558207], [12.359104, 60.558207], [12.359104, 60.558165], [12.360735, 60.558165], [12.360735, 60.558207], [12.360821, 60.558207], [12.360821, 60.558292], [12.360907, 60.558292], [12.360907, 60.55846], [12.360992, 60.55846], [12.360992, 60.558502], [12.361164, 60.558502], [12.361164, 60.558587], [12.361078, 60.558587], [12.361078, 60.558882], [12.361164, 60.558882], [12.361164, 60.558924], [12.361336, 60.558924], [12.361507, 60.559051], [12.361851, 60.559051], [12.361851, 60.559093], [12.362108, 60.559177], [12.362108, 60.559304], [12.362194, 60.559304], [12.362194, 60.559346], [12.362452, 60.559346], [12.362452, 60.559304], [12.362795, 60.559346], [12.362795, 60.55922], [12.362709, 60.55922], [12.362452, 60.559051], [12.362537, 60.559051], [12.362537, 60.559009], [12.362967, 60.559009], [12.362967, 60.558967], [12.363138, 60.558967], [12.363224, 60.559051], [12.363911, 60.559051], [12.363997, 60.559135], [12.364683, 60.559135], [12.364683, 60.559177], [12.365026, 60.559177], [12.365026, 60.559135], [12.365198, 60.559093], [12.365456, 60.559262], [12.365627, 60.559262], [12.365627, 60.559304], [12.365713, 60.559304], [12.365713, 60.559431], [12.365627, 60.559431], [12.365627, 60.559473], [12.365456, 60.559473], [12.365284, 60.559642], [12.365026, 60.559642], [12.365026, 60.559684], [12.364941, 60.559684], [12.364941, 60.55981], [12.365026, 60.55981], [12.365026, 60.559852], [12.364941, 60.559852], [12.364941, 60.559895], [12.364683, 60.559895], [12.364683, 60.560021], [12.36434, 60.560021], [12.36434, 60.56019], [12.364168, 60.56019], [12.364168, 60.560232], [12.36331, 60.560232]]]}, "properties": {"periode": "host_2024_til_host_2025", "areal_ha": 3.71, "andel_innenfor_jaktfelt": 0.0, "jaktfelt": "Dulpetorpet", "grunnlinje": "2024-09-15", "observert": "2026-09-03", "bekreftet": "2026-09-13"}}, {"type": "Feature", "geometry": {"type": "Polygon", "coordinates": [[[12.370176, 60.558798], [12.37009, 60.558587], [12.370176, 60.558587], [12.370434, 60.558418], [12.370777, 60.558376], [12.370949, 60.558249], [12.371893, 60.558207], [12.371893, 60.558165], [12.371979, 60.558165], [12.371979, 60.558081], [12.372065, 60.558081], [12.372065, 60.558038], [12.37215, 60.558038], [12.37215, 60.557996], [12.372236, 60.557996], [12.372494, 60.557827], [12.372665, 60.557827], [12.372665, 60.55787], [12.37258, 60.55787], [12.37258, 60.558123], [12.372494, 60.558123], [12.372494, 60.558207], [12.372322, 60.558207], [12.372322, 60.558123], [12.372408, 60.558123], [12.372408, 60.558081], [12.372236, 60.558038], [12.372236, 60.558081], [12.372065, 60.558123], [12.372065, 60.558292], [12.371721, 60.558292], [12.371464, 60.55846], [12.371035, 60.558418], [12.371035, 60.558587], [12.370691, 60.558629], [12.370691, 60.558756], [12.370605, 60.558756], [12.370605, 60.558798], [12.370176, 60.558798]], [[12.370605, 60.558502], [12.370863, 60.558502], [12.370863, 60.558418], [12.370691, 60.558418], [12.370605, 60.558502]]]}, "properties": {"periode": "host_2024_til_host_2025", "areal_ha": 0.33, "andel_innenfor_jaktfelt": 1.0, "jaktfelt": "Dulpetorpet", "grunnlinje": "2024-09-15", "observert": "2026-09-03", "bekreftet": "2026-09-13"}}, {"type": "Feature", "geometry": {"type": "Polygon", "coordinates": [[[12.376785, 60.558671], [12.376785, 60.558629], [12.376699, 60.558629], [12.376785, 60.558376], [12.377129, 60.558249], [12.377129, 60.558123], [12.3773, 60.558081], [12.3773, 60.557912], [12.377214, 60.557912], [12.377214, 60.55787], [12.376871, 60.557743], [12.376871, 60.557616], [12.376957, 60.557616], [12.376957, 60.557406], [12.377386, 60.557406], [12.377386, 60.557448], [12.377472, 60.557448], [12.377472, 60.557532], [12.377386, 60.557532], [12.377386, 60.557574], [12.377472, 60.557574], [12.377472, 60.557616], [12.377644, 60.557616], [12.377644, 60.557659], [12.377901, 60.557743], [12.377901, 60.557954], [12.378073, 60.557954], [12.378073, 60.557912], [12.37833, 60.557912], [12.37833, 60.557954], [12.378759, 60.557954], [12.378759, 60.557996], [12.379103, 60.557954], [12.379103, 60.557996], [12.379532, 60.557996], [12.379532, 60.558081], [12.379875, 60.558081], [12.379875, 60.558207], [12.379532, 60.558207], [12.379532, 60.558334], [12.379274, 60.558418], [12.379274, 60.558545], [12.379189, 60.558545], [12.379189, 60.558587], [12.378931, 60.558587], [12.378931, 60.558629], [12.378416, 60.558629], [12.378416, 60.558587], [12.378244, 60.558587], [12.378244, 60.558545], [12.378073, 60.558545], [12.378073, 60.558502], [12.377472, 60.558502], [12.377386, 60.558587], [12.377129, 60.558587], [12.377043, 60.558671], [12.376785, 60.558671]]]}, "properties": {"periode": "host_2024_til_host_2025", "areal_ha": 1.17, "andel_innenfor_jaktfelt": 1.0, "jaktfelt": "Dulpetorpet", "grunnlinje": "2024-09-15", "observert": "2026-09-03", "bekreftet": "2026-09-13"}}, {"type": "Feature", "geometry": {"type": "Polygon", "coordinates": [[[12.385883, 60.556984], [12.385798, 60.556899], [12.385883, 60.556899], [12.385969, 60.556815], [12.386141, 60.556815], [12.386141, 60.556941], [12.386055, 60.556941], [12.386055, 60.556984], [12.385883, 60.556984]]]}, "properties": {"periode": "host_2024_til_host_2025", "areal_ha": 0.02, "andel_innenfor_jaktfelt": 1.0, "jaktfelt": "Dulpetorpet", "grunnlinje": "2024-09-15", "observert": "2026-09-03", "bekreftet": "2026-09-13"}}, {"type": "Feature", "geometry": {"type": "Polygon", "coordinates": [[[12.37318, 60.557743], [12.373266, 60.557659], [12.373438, 60.557659], [12.373438, 60.557532], [12.373095, 60.557532], [12.373095, 60.557448], [12.373695, 60.557448], [12.373695, 60.557321], [12.37361, 60.557321], [12.37361, 60.557279], [12.373352, 60.557279], [12.373352, 60.557237], [12.373266, 60.557237], [12.373266, 60.557152], [12.37318, 60.557152], [12.37318, 60.557068], [12.373009, 60.557068], [12.373009, 60.557026], [12.372751, 60.556941], [12.372751, 60.556815], [12.372837, 60.556815], [12.372837, 60.556773], [12.372923, 60.556773], [12.372923, 60.556899], [12.373009, 60.556899], [12.373009, 60.556941], [12.37318, 60.556941], [12.37318, 60.557026], [12.373266, 60.557026], [12.373524, 60.557195], [12.373867, 60.557195], [12.373867, 60.557237], [12.373953, 60.557237], [12.373953, 60.557616], [12.373524, 60.557616], [12.373438, 60.557701], [12.373266, 60.557701], [12.373266, 60.557743], [12.37318, 60.557743]]]}, "properties": {"periode": "host_2024_til_host_2025", "areal_ha": 0.2, "andel_innenfor_jaktfelt": 1.0, "jaktfelt": "Dulpetorpet", "grunnlinje": "2024-09-15", "observert": "2026-09-03", "bekreftet": "2026-09-13"}}, {"type": "Feature", "geometry": {"type": "MultiPolygon", "coordinates": [[[[12.364683, 60.563227], [12.364683, 60.563143], [12.364511, 60.563101], [12.364511, 60.562974], [12.364597, 60.562974], [12.364597, 60.562805], [12.364683, 60.562805], [12.364683, 60.562721], [12.364769, 60.562721], [12.364769, 60.562552], [12.364941, 60.56251], [12.364941, 60.562763], [12.365026, 60.562763], [12.365026, 60.56289], [12.364855, 60.562932], [12.364855, 60.563101], [12.365026, 60.563143], [12.365026, 60.563101], [12.365198, 60.563101], [12.365198, 60.563059], [12.36537, 60.563016], [12.36537, 60.562932], [12.365284, 60.562932], [12.365284, 60.562721], [12.36537, 60.562721], [12.365541, 60.562595], [12.365885, 60.562595], [12.366056, 60.562384], [12.3664, 60.562384], [12.3664, 60.562341], [12.366571, 60.562341], [12.366657, 60.562257], [12.366829, 60.562257], [12.366829, 60.562215], [12.366915, 60.562215], [12.366829, 60.56213], [12.366743, 60.56213], [12.366743, 60.562173], [12.366314, 60.562173], [12.366314, 60.56213], [12.366056, 60.56213], [12.366056, 60.561962], [12.366228, 60.56192], [12.366228, 60.561835], [12.366314, 60.561835], [12.366486, 60.561709], [12.366743, 60.561709], [12.366743, 60.561666], [12.366829, 60.561666], [12.366829, 60.561624], [12.366743, 60.561624], [12.366743, 60.56154], [12.366829, 60.56154], [12.367001, 60.561413], [12.366915, 60.561413], [12.366915, 60.561371], [12.366743, 60.561371], [12.366743, 60.561329], [12.366657, 60.561329], [12.366657, 60.561245], [12.367001, 60.561245], [12.367001, 60.561118], [12.367086, 60.561118], [12.367086, 60.561076], [12.367344, 60.561076], [12.367344, 60.561034], [12.36743, 60.561034], [12.36743, 60.560949], [12.367687, 60.560865], [12.367687, 60.560823], [12.367601, 60.560823], [12.367601, 60.560654], [12.36743, 60.560612], [12.36743, 60.560527], [12.367516, 60.560527], [12.367516, 60.560485], [12.367945, 60.560485], [12.367945, 60.560443], [12.368031, 60.560443], [12.368031, 60.560317], [12.367945, 60.560317], [12.368031, 60.560063], [12.367945, 60.560063], [12.367945, 60.560021], [12.367687, 60.560106], [12.367687, 60.560274], [12.367172, 60.560274], [12.367086, 60.56019], [12.366657, 60.56019], [12.366657, 60.560232], [12.366571, 60.560232], [12.366571, 60.560317], [12.366314, 60.560317], [12.366314, 60.560359], [12.366228, 60.560359], [12.366228, 60.560274], [12.366314, 60.560274], [12.366314, 60.560232], [12.3664, 60.560232], [12.3664, 60.560148], [12.366571, 60.560106], [12.366571, 60.559979], [12.366486, 60.559979], [12.366486, 60.559557], [12.366829, 60.559431], [12.366829, 60.559304], [12.366657, 60.559262], [12.366657, 60.559177], [12.366743, 60.559177], [12.367001, 60.559009], [12.367172, 60.559009], [12.367172, 60.558967], [12.367601, 60.558967], [12.367601, 60.559009], [12.367344, 60.559009], [12.367344, 60.559051], [12.367172, 60.559093], [12.367172, 60.559135], [12.367258, 60.559135], [12.367258, 60.55922], [12.367086, 60.559262], [12.367086, 60.559388], [12.367172, 60.559388], [12.367172, 60.559515], [12.367258, 60.559515], [12.367258, 60.559557], [12.36743, 60.559557], [12.36743, 60.559515], [12.368031, 60.559557], [12.368031, 60.559515], [12.367945, 60.559515], [12.367945, 60.559262], [12.367859, 60.559262], [12.367859, 60.55922], [12.367773, 60.55922], [12.367773, 60.559262], [12.367601, 60.559262], [12.367601, 60.559177], [12.367773, 60.559135], [12.367773, 60.559051], [12.368031, 60.559051], [12.368031, 60.559093], [12.368116, 60.559093], [12.368116, 60.55922], [12.368288, 60.55922], [12.368288, 60.559262], [12.368546, 60.559346], [12.368546, 60.559388], [12.368374, 60.559388], [12.368374, 60.559431], [12.368288, 60.559431], [12.368288, 60.559515], [12.368202, 60.559515], [12.368202, 60.559599], [12.36846, 60.559599], [12.368546, 60.559515], [12.368803, 60.559515], [12.368803, 60.559557], [12.368975, 60.559515], [12.368889, 60.559346], [12.368975, 60.559346], [12.368975, 60.55922], [12.369318, 60.559135], [12.369318, 60.558924], [12.369404, 60.558924], [12.369404, 60.558882], [12.36949, 60.558882], [12.36949, 60.558924], [12.37009, 60.558882], [12.37009, 60.559009], [12.369747, 60.559009], [12.369747, 60.559135], [12.369661, 60.559135], [12.369661, 60.559177], [12.369318, 60.559177], [12.369318, 60.559262], [12.369747, 60.559262], [12.370005, 60.559093], [12.37052, 60.559093], [12.370777, 60.55884], [12.370949, 60.55884], [12.371035, 60.558924], [12.371206, 60.558924], [12.371292, 60.559093], [12.371378, 60.559093], [12.371378, 60.559135], [12.37155, 60.559135], [12.37155, 60.559093], [12.371721, 60.559093], [12.371807, 60.559009], [12.372065, 60.559009], [12.372065, 60.558967], [12.372236, 60.558924], [12.372236, 60.558756], [12.372322, 60.558756], [12.372408, 60.558671], [12.372665, 60.558671], [12.372665, 60.558629], [12.372751, 60.558629], [12.372751, 60.558418], [12.373438, 60.558418], [12.373524, 60.558334], [12.374125, 60.558334], [12.374125, 60.55846], [12.373781, 60.55846], [12.373867, 60.558545], [12.374296, 60.558502], [12.374554, 60.558671], [12.375669, 60.558671], [12.375669, 60.558629], [12.375841, 60.558587], [12.375841, 60.55846], [12.375669, 60.558418], [12.375669, 60.558207], [12.375584, 60.558207], [12.375669, 60.558038], [12.375412, 60.557954], [12.375412, 60.55787], [12.375498, 60.55787], [12.375584, 60.557785], [12.375755, 60.557785], [12.375755, 60.557827], [12.375841, 60.557827], [12.375841, 60.558123], [12.376184, 60.558081], [12.376184, 60.558123], [12.376356, 60.558165], [12.376356, 60.558334], [12.376184, 60.558376], [12.376184, 60.55846], [12.37627, 60.55846], [12.37627, 60.558502], [12.376442, 60.558545], [12.376442, 60.558629], [12.376614, 60.558671], [12.376614, 60.558882], [12.37627, 60.558967], [12.37627, 60.559093], [12.376099, 60.559135], [12.376099, 60.55922], [12.376013, 60.55922], [12.376013, 60.559304], [12.375927, 60.559304], [12.375927, 60.559473], [12.376013, 60.559473], [12.376099, 60.559557], [12.376614, 60.559557], [12.376614, 60.559515], [12.376871, 60.559431], [12.376871, 60.559304], [12.376957, 60.559304], [12.376957, 60.55922], [12.377043, 60.55922], [12.377043, 60.559093], [12.377214, 60.559051], [12.3773, 60.558671], [12.377386, 60.558671], [12.377472, 60.558587], [12.377644, 60.558587], [12.377815, 60.558713], [12.377987, 60.558713], [12.377987, 60.558756], [12.378073, 60.558756], [12.378073, 60.559009], [12.37833, 60.559009], [12.37833, 60.559051], [12.378416, 60.559051], [12.378416, 60.559009], [12.378502, 60.559009], [12.378502, 60.558924], [12.378588, 60.558924], [12.378588, 60.558882], [12.378759, 60.558882], [12.378759, 60.55884], [12.378931, 60.55884], [12.378931, 60.558882], [12.379103, 60.558882], [12.379103, 60.558924], [12.379274, 60.558924], [12.379274, 60.558882], [12.379446, 60.558882], [12.379446, 60.558924], [12.380047, 60.558924], [12.379961, 60.558713], [12.380562, 60.558713], [12.380562, 60.558671], [12.380648, 60.558671], [12.380648, 60.558418], [12.380562, 60.558418], [12.380562, 60.558292], [12.380648, 60.558292], [12.380648, 60.558207], [12.380733, 60.558207], [12.380733, 60.558081], [12.380648, 60.558081], [12.380648, 60.558038], [12.380304, 60.558038], [12.380133, 60.557912], [12.379961, 60.557912], [12.379961, 60.557827], [12.38039, 60.557827], [12.38039, 60.55787], [12.380562, 60.55787], [12.380562, 60.557827], [12.380733, 60.557827], [12.380905, 60.557701], [12.381077, 60.557701], [12.381248, 60.55787], [12.381334, 60.55787], [12.381334, 60.557827], [12.381506, 60.557827], [12.381506, 60.55787], [12.381592, 60.55787], [12.381592, 60.557827], [12.381678, 60.557827], [12.381678, 60.557701], [12.381763, 60.557701], [12.381763, 60.557237], [12.381592, 60.557195], [12.381592, 60.556984], [12.38142, 60.556941], [12.38142, 60.556815], [12.381163, 60.55673], [12.381248, 60.556562], [12.380133, 60.556562], [12.379961, 60.556688], [12.379446, 60.556688], [12.379446, 60.55673], [12.379103, 60.55673], [12.379103, 60.556688], [12.378588, 60.556688], [12.378588, 60.556646], [12.37833, 60.556646], [12.378244, 60.55673], [12.377815, 60.55673], [12.377815, 60.556773], [12.377729, 60.556773], [12.377729, 60.556815], [12.377987, 60.556899], [12.377987, 60.556984], [12.377901, 60.556984], [12.377815, 60.557068], [12.377644, 60.557068], [12.377558, 60.556984], [12.377214, 60.556984], [12.377214, 60.557026], [12.376957, 60.557026], [12.376957, 60.556984], [12.377129, 60.556984], [12.377214, 60.556899], [12.377386, 60.556899], [12.377386, 60.556815], [12.377472, 60.556815], [12.377472, 60.556688], [12.377558, 60.556688], [12.377558, 60.556646], [12.378073, 60.556646], [12.378073, 60.556604], [12.379704, 60.556604], [12.379704, 60.556562], [12.379961, 60.556562], [12.380047, 60.556477], [12.38039, 60.55652], [12.38039, 60.556435], [12.380476, 60.556435], [12.380476, 60.556393], [12.380733, 60.556393], [12.380733, 60.556435], [12.380905, 60.556435], [12.380905, 60.556477], [12.381334, 60.556435], [12.381592, 60.556604], [12.381763, 60.556604], [12.381763, 60.556646], [12.381849, 60.556646], [12.381849, 60.55673], [12.381678, 60.556773], [12.381678, 60.556857], [12.381763, 60.556857], [12.381763, 60.557026], [12.381935, 60.557068], [12.381935, 60.557406], [12.382107, 60.557448], [12.382021, 60.55787], [12.381935, 60.55787], [12.381935, 60.557954], [12.381849, 60.557954], [12.381849, 60.557996], [12.381678, 60.557996], [12.381678, 60.558123], [12.381849, 60.558165], [12.381849, 60.558249], [12.381678, 60.558292], [12.381678, 60.558418], [12.381506, 60.55846], [12.381506, 60.558671], [12.38142, 60.558671], [12.38142, 60.558713], [12.380819, 60.558756], [12.380648, 60.558882], [12.38039, 60.558882], [12.380219, 60.559093], [12.379103, 60.559093], [12.379103, 60.559135], [12.378931, 60.559135], [12.378845, 60.55922], [12.378502, 60.55922], [12.378502, 60.559262], [12.37833, 60.559262], [12.37833, 60.55922], [12.378159, 60.55922], [12.378159, 60.559177], [12.377815, 60.55922], [12.377729, 60.559135], [12.377472, 60.559135], [12.377472, 60.559177], [12.377386, 60.559177], [12.377386, 60.559473], [12.3773, 60.559473], [12.3773, 60.559515], [12.377043, 60.559515], [12.377043, 60.559726], [12.376957, 60.559726], [12.376957, 60.559768], [12.376785, 60.559768], [12.376785, 60.559726], [12.375669, 60.559726], [12.375669, 60.559768], [12.375498, 60.55981], [12.375498, 60.559937], [12.375412, 60.559937], [12.375412, 60.559979], [12.375326, 60.559979], [12.375326, 60.560063], [12.375154, 60.560106], [12.375154, 60.560232], [12.37524, 60.560232], [12.37524, 60.560274], [12.375069, 60.560274], [12.375069, 60.560317], [12.373953, 60.560317], [12.373953, 60.560359], [12.373867, 60.560359], [12.373867, 60.560485], [12.37361, 60.560485], [12.37361, 60.560401], [12.373695, 60.560401], [12.373695, 60.560359], [12.37361, 60.560359], [12.37361, 60.560317], [12.373352, 60.560317], [12.373352, 60.560359], [12.37318, 60.560401], [12.37318, 60.560485], [12.373095, 60.560485], [12.373095, 60.560527], [12.372923, 60.560527], [12.372923, 60.56057], [12.372837, 60.56057], [12.372837, 60.560654], [12.372665, 60.560696], [12.372665, 60.560738], [12.372751, 60.560738], [12.372751, 60.560907], [12.372837, 60.560907], [12.372837, 60.560949], [12.37318, 60.560949], [12.37318, 60.560907], [12.373266, 60.560907], [12.373266, 60.560612], [12.373352, 60.560612], [12.373352, 60.56057], [12.373695, 60.56057], [12.373695, 60.560612], [12.375584, 60.560612], [12.375584, 60.560654], [12.375669, 60.560654], [12.375669, 60.560612], [12.375755, 60.560612], [12.375755, 60.560485], [12.375669, 60.560485], [12.375669, 60.560443], [12.375412, 60.560443], [12.375412, 60.560401], [12.375498, 60.560401], [12.375498, 60.560359], [12.375669, 60.560359], [12.375584, 60.560274], [12.375841, 60.560274], [12.375841, 60.560317], [12.376013, 60.560359], [12.376013, 60.560443], [12.376099, 60.560443], [12.376099, 60.560738], [12.376184, 60.560738], [12.376184, 60.560949], [12.376099, 60.560949], [12.376099, 60.560992], [12.375841, 60.560992], [12.375841, 60.561118], [12.375755, 60.561118], [12.375755, 60.56116], [12.375154, 60.561202], [12.375154, 60.561245], [12.375069, 60.561245], [12.375069, 60.561498], [12.374983, 60.561498], [12.374983, 60.56154], [12.374725, 60.56154], [12.374725, 60.561582], [12.37464, 60.561582], [12.37464, 60.561666], [12.374554, 60.561666], [12.374382, 60.561793], [12.374039, 60.561793], [12.374039, 60.561835], [12.373953, 60.561835], [12.373953, 60.56192], [12.373867, 60.56192], [12.373867, 60.562004], [12.373781, 60.562004], [12.373781, 60.562046], [12.37361, 60.562046], [12.37361, 60.562088], [12.373524, 60.562088], [12.373524, 60.56213], [12.373438, 60.56213], [12.373438, 60.562173], [12.373352, 60.562173], [12.373352, 60.562215], [12.373009, 60.562341], [12.373009, 60.562552], [12.373095, 60.562552], [12.373095, 60.562595], [12.373695, 60.562595], [12.373695, 60.56251], [12.373781, 60.56251], [12.373781, 60.562468], [12.374125, 60.562468], [12.374125, 60.56251], [12.374382, 60.562595], [12.374382, 60.562679], [12.37421, 60.562679], [12.37421, 60.562805], [12.374125, 60.562805], [12.374125, 60.562848], [12.373095, 60.562848], [12.373095, 60.562932], [12.373266, 60.562974], [12.373266, 60.563016], [12.373095, 60.563059], [12.373095, 60.563185], [12.373266, 60.563227], [12.373266, 60.563354], [12.373352, 60.563354], [12.373352, 60.563438], [12.373438, 60.563438], [12.373438, 60.563607], [12.373695, 60.563691], [12.373695, 60.563818], [12.373524, 60.56386], [12.373524, 60.563944], [12.37361, 60.563944], [12.373524, 60.564155], [12.37361, 60.564155], [12.373695, 60.56424], [12.37361, 60.56424], [12.37361, 60.564282], [12.373438, 60.564282], [12.373438, 60.56424], [12.373352, 60.56424], [12.373352, 60.563902], [12.373266, 60.563902], [12.373266, 60.56386], [12.373095, 60.56386], [12.373095, 60.56348], [12.373009, 60.56348], [12.373009, 60.563269], [12.372923, 60.563269], [12.372923, 60.563143], [12.372665, 60.563143], [12.37258, 60.563227], [12.372408, 60.563227], [12.372322, 60.563312], [12.37215, 60.563312], [12.371979, 60.563438], [12.371292, 60.563438], [12.371292, 60.563396], [12.371206, 60.563396], [12.371206, 60.563354], [12.371292, 60.563354], [12.371292, 60.563269], [12.371206, 60.563269], [12.371206, 60.562805], [12.37155, 60.562679], [12.37155, 60.562595], [12.371635, 60.562595], [12.371635, 60.562552], [12.371807, 60.562552], [12.371807, 60.56251], [12.371893, 60.56251], [12.371893, 60.562384], [12.372236, 60.562299], [12.372236, 60.562215], [12.37215, 60.562215], [12.371979, 60.562088], [12.371807, 60.562088], [12.371721, 60.562173], [12.371464, 60.562173], [12.371378, 60.562088], [12.371035, 60.562046], [12.371035, 60.562088], [12.370949, 60.562088], [12.370949, 60.562257], [12.370863, 60.562257], [12.370777, 60.562341], [12.370605, 60.562341], [12.37052, 60.56251], [12.370176, 60.562552], [12.370176, 60.562637], [12.37009, 60.562637], [12.37009, 60.562679], [12.369919, 60.562679], [12.369833, 60.562595], [12.369232, 60.562595], [12.369232, 60.562426], [12.368975, 60.562426], [12.368975, 60.562384], [12.368889, 60.562384], [12.368889, 60.562341], [12.368546, 60.562215], [12.368546, 60.562173], [12.368631, 60.562173], [12.368631, 60.562004], [12.368717, 60.562004], [12.368717, 60.56192], [12.368631, 60.56192], [12.368631, 60.561835], [12.368546, 60.561835], [12.368546, 60.56154], [12.368717, 60.561498], [12.368717, 60.561287], [12.368889, 60.561245], [12.368889, 60.561413], [12.368975, 60.561413], [12.368975, 60.561666], [12.368889, 60.561666], [12.368889, 60.561751], [12.368975, 60.561751], [12.368975, 60.561793], [12.369146, 60.561793], [12.369146, 60.561624], [12.369232, 60.561624], [12.369232, 60.561245], [12.369833, 60.561245], [12.369833, 60.561202], [12.369919, 60.561202], [12.369919, 60.56116], [12.369833, 60.56116], [12.369833, 60.561034], [12.369919, 60.561034], [12.369833, 60.560823], [12.369919, 60.560823], [12.369919, 60.560781], [12.37009, 60.560781], [12.37009, 60.560738], [12.370176, 60.560738], [12.370176, 60.560696], [12.370262, 60.560696], [12.370262, 60.560654], [12.370605, 60.560527], [12.370605, 60.560443], [12.37052, 60.560443], [12.37052, 60.560401], [12.370176, 60.560443], [12.37009, 60.560527], [12.369747, 60.560527], [12.369747, 60.560485], [12.36949, 60.560401], [12.369404, 60.560485], [12.369232, 60.560485], [12.369232, 60.560527], [12.369146, 60.560527], [12.369146, 60.560949], [12.369232, 60.560949], [12.369232, 60.561076], [12.369146, 60.561076], [12.368975, 60.561202], [12.368717, 60.561118], [12.368717, 60.561034], [12.368803, 60.561034], [12.368803, 60.560949], [12.368889, 60.560949], [12.368889, 60.560696], [12.368803, 60.560696], [12.368803, 60.560654], [12.36846, 60.560654], [12.36846, 60.560823], [12.368288, 60.560865], [12.368288, 60.561034], [12.368202, 60.561034], [12.368202, 60.561118], [12.368116, 60.561118], [12.368116, 60.561456], [12.367773, 60.561582], [12.367773, 60.561793], [12.367687, 60.561793], [12.367687, 60.561877], [12.367945, 60.561877], [12.367945, 60.56192], [12.368031, 60.56192], [12.368031, 60.562004], [12.367687, 60.56213], [12.367687, 60.562299], [12.367601, 60.562299], [12.367516, 60.562384], [12.367344, 60.562384], [12.367258, 60.562468], [12.366915, 60.562468], [12.366829, 60.562552], [12.366657, 60.562552], [12.366657, 60.562595], [12.366571, 60.562595], [12.366571, 60.562679], [12.366486, 60.562679], [12.366486, 60.562805], [12.3664, 60.562805], [12.3664, 60.562848], [12.366314, 60.562848], [12.366314, 60.562805], [12.366142, 60.562805], [12.366142, 60.562848], [12.366056, 60.562848], [12.366142, 60.563016], [12.366056, 60.563016], [12.366056, 60.563059], [12.365971, 60.563059], [12.365971, 60.563143], [12.365799, 60.563185], [12.365799, 60.563438], [12.365456, 60.563438], [12.365456, 60.563523], [12.36537, 60.563523], [12.365284, 60.563607], [12.365112, 60.563607], [12.365112, 60.563649], [12.364855, 60.563649], [12.364855, 60.563691], [12.364683, 60.563649], [12.364683, 60.563565], [12.364597, 60.563565], [12.364597, 60.56348], [12.364511, 60.56348], [12.364511, 60.563269], [12.364683, 60.563227]], [[12.364683, 60.563227], [12.364683, 60.563269], [12.364769, 60.563269], [12.364769, 60.563438], [12.364941, 60.563438], [12.364941, 60.563396], [12.365026, 60.563396], [12.365026, 60.563185], [12.364941, 60.563185], [12.364941, 60.563143], [12.364683, 60.563227]], [[12.380991, 60.55846], [12.381163, 60.55846], [12.381163, 60.558376], [12.381334, 60.558334], [12.381334, 60.558081], [12.381163, 60.558081], [12.381163, 60.558249], [12.380991, 60.558292], [12.380991, 60.55846]], [[12.374296, 60.559937], [12.374811, 60.559937], [12.374811, 60.559895], [12.374897, 60.559895], [12.374897, 60.559726], [12.374983, 60.559726], [12.374983, 60.559642], [12.374897, 60.559642], [12.374897, 60.559599], [12.37421, 60.559599], [12.374125, 60.559515], [12.373867, 60.559515], [12.373867, 60.559557], [12.373781, 60.559557], [12.373781, 60.55981], [12.374296, 60.559768], [12.374296, 60.559937]], [[12.37155, 60.563059], [12.371807, 60.563059], [12.371893, 60.562974], [12.372236, 60.562974], [12.372408, 60.562848], [12.372322, 60.562848], [12.372322, 60.562805], [12.37215, 60.562805], [12.37215, 60.562848], [12.371979, 60.562848], [12.371979, 60.562805], [12.37155, 60.562805], [12.37155, 60.562974], [12.371464, 60.562974], [12.37155, 60.563059]]], [[[12.367773, 60.559051], [12.367601, 60.559051], [12.367601, 60.559009], [12.367773, 60.559009], [12.367773, 60.559051]]]]}, "properties": {"periode": "host_2024_til_host_2025", "areal_ha": 20.34, "andel_innenfor_jaktfelt": 0.94, "jaktfelt": "Dulpetorpet", "grunnlinje": "2024-09-15", "observert": "2026-09-03", "bekreftet": "2026-09-13"}}, {"type": "Feature", "geometry": {"type": "MultiPolygon", "coordinates": [[[[12.374125, 60.556351], [12.37421, 60.556266], [12.374554, 60.556266], [12.374554, 60.556309], [12.37421, 60.556309], [12.37421, 60.556351], [12.374125, 60.556351]]], [[[12.374554, 60.556266], [12.37464, 60.556182], [12.375069, 60.55614], [12.375069, 60.556182], [12.374897, 60.556182], [12.374811, 60.556266], [12.374554, 60.556266]]]]}, "properties": {"periode": "host_2024_til_host_2025", "areal_ha": 0.03, "andel_innenfor_jaktfelt": 1.0, "jaktfelt": "Dulpetorpet", "grunnlinje": "2024-09-15", "observert": "2026-09-03", "bekreftet": "2026-09-13"}}, {"type": "Feature", "geometry": {"type": "Polygon", "coordinates": [[[12.375412, 60.557068], [12.375412, 60.557026], [12.375326, 60.557026], [12.375326, 60.556899], [12.375412, 60.556899], [12.375412, 60.556857], [12.375669, 60.556857], [12.375669, 60.556815], [12.376013, 60.556688], [12.376013, 60.55614], [12.375927, 60.55614], [12.375841, 60.556055], [12.375498, 60.556098], [12.375498, 60.556055], [12.375669, 60.556055], [12.375755, 60.555971], [12.375927, 60.555971], [12.375927, 60.556013], [12.376013, 60.556013], [12.376013, 60.556098], [12.376184, 60.55614], [12.376184, 60.556309], [12.376356, 60.556351], [12.376356, 60.556435], [12.37627, 60.556435], [12.37627, 60.55652], [12.376356, 60.55652], [12.376356, 60.556688], [12.376099, 60.556773], [12.376099, 60.556899], [12.376184, 60.556899], [12.376184, 60.556941], [12.376528, 60.556941], [12.376614, 60.557026], [12.376099, 60.557026], [12.376099, 60.557068], [12.375927, 60.557068], [12.375927, 60.557026], [12.375584, 60.557026], [12.375584, 60.557068], [12.375412, 60.557068]]]}, "properties": {"periode": "host_2024_til_host_2025", "areal_ha": 0.27, "andel_innenfor_jaktfelt": 1.0, "jaktfelt": "Dulpetorpet", "grunnlinje": "2024-09-15", "observert": "2026-09-03", "bekreftet": "2026-09-13"}}, {"type": "Feature", "geometry": {"type": "Polygon", "coordinates": [[[12.363997, 60.55133], [12.363997, 60.551287], [12.363825, 60.551245], [12.363825, 60.551161], [12.363911, 60.551161], [12.364082, 60.551034], [12.364168, 60.551034], [12.364168, 60.551076], [12.36434, 60.551076], [12.36434, 60.551034], [12.364597, 60.551034], [12.364683, 60.55095], [12.365026, 60.550992], [12.365026, 60.55095], [12.365112, 60.55095], [12.365112, 60.550908], [12.365026, 60.550908], [12.365026, 60.550823], [12.365112, 60.550823], [12.36537, 60.550654], [12.366228, 60.550654], [12.366228, 60.550612], [12.366571, 60.550612], [12.366657, 60.550697], [12.367001, 60.550697], [12.367001, 60.550739], [12.367172, 60.550739], [12.367172, 60.550781], [12.366743, 60.550781], [12.366743, 60.550823], [12.365541, 60.550823], [12.365541, 60.550865], [12.365456, 60.550865], [12.365456, 60.551034], [12.365627, 60.551034], [12.365713, 60.55095], [12.366056, 60.550992], [12.366142, 60.550908], [12.366743, 60.55095], [12.366829, 60.550865], [12.367172, 60.550865], [12.367172, 60.550908], [12.367258, 60.550908], [12.367258, 60.550992], [12.367172, 60.550992], [12.367086, 60.551076], [12.367258, 60.551119], [12.367258, 60.551203], [12.367344, 60.551203], [12.367344, 60.551245], [12.367687, 60.551245], [12.367687, 60.551203], [12.367773, 60.551203], [12.367773, 60.550992], [12.367687, 60.550992], [12.367687, 60.55095], [12.367601, 60.55095], [12.367601, 60.550992], [12.367344, 60.550992], [12.367344, 60.550908], [12.367516, 60.550865], [12.36743, 60.550781], [12.367601, 60.550781], [12.367601, 60.550823], [12.367773, 60.550865], [12.367859, 60.551034], [12.367945, 60.551034], [12.367945, 60.551203], [12.367859, 60.551203], [12.367859, 60.551287], [12.367773, 60.551287], [12.367773, 60.55133], [12.367086, 60.55133], [12.367086, 60.551287], [12.366915, 60.551287], [12.366743, 60.551161], [12.366486, 60.551161], [12.366486, 60.551119], [12.3664, 60.551119], [12.3664, 60.551034], [12.366142, 60.551034], [12.366142, 60.551119], [12.366056, 60.551119], [12.366056, 60.551161], [12.365885, 60.551161], [12.365885, 60.551203], [12.365713, 60.551203], [12.365627, 60.551287], [12.365284, 60.551245], [12.365284, 60.551203], [12.365198, 60.551203], [12.365198, 60.551161], [12.365026, 60.551161], [12.365026, 60.551119], [12.364769, 60.551119], [12.364769, 60.551161], [12.36434, 60.551161], [12.36434, 60.551203], [12.363997, 60.55133]]]}, "properties": {"periode": "host_2024_til_host_2025", "areal_ha": 0.76, "andel_innenfor_jaktfelt": 0.0, "jaktfelt": "Dulpetorpet", "grunnlinje": "2024-09-15", "observert": "2026-09-03", "bekreftet": "2026-09-13"}}, {"type": "Feature", "geometry": {"type": "MultiPolygon", "coordinates": [[[[12.364254, 60.548587], [12.36434, 60.548587], [12.36434, 60.548629], [12.364511, 60.548629], [12.364511, 60.548671], [12.364597, 60.548671], [12.364597, 60.548755], [12.364769, 60.548755], [12.364769, 60.548502], [12.364941, 60.54846], [12.364941, 60.548333], [12.365284, 60.548207], [12.365284, 60.54808], [12.365198, 60.54808], [12.364941, 60.547911], [12.364855, 60.547911], [12.364855, 60.547954], [12.364426, 60.547911], [12.36434, 60.5477], [12.364168, 60.5477], [12.364168, 60.547658], [12.364254, 60.547658], [12.364254, 60.547616], [12.364426, 60.547616], [12.364426, 60.547574], [12.364511, 60.547574], [12.364511, 60.547532], [12.364855, 60.547405], [12.364855, 60.547236], [12.365112, 60.547152], [12.365112, 60.547194], [12.365026, 60.547194], [12.365112, 60.547447], [12.364941, 60.547447], [12.364941, 60.547532], [12.365026, 60.547532], [12.365026, 60.547616], [12.365112, 60.547616], [12.365112, 60.547658], [12.365456, 60.547658], [12.365456, 60.5477], [12.365541, 60.5477], [12.365541, 60.547954], [12.365627, 60.547954], [12.365627, 60.547996], [12.365971, 60.547954], [12.366056, 60.548038], [12.366314, 60.548038], [12.366571, 60.547869], [12.367001, 60.547869], [12.367001, 60.547827], [12.367344, 60.547869], [12.367344, 60.547827], [12.36743, 60.547827], [12.36743, 60.547743], [12.367516, 60.547743], [12.367601, 60.547658], [12.367773, 60.547658], [12.367773, 60.547616], [12.367945, 60.547616], [12.367945, 60.547574], [12.368116, 60.547532], [12.368031, 60.547447], [12.367859, 60.547447], [12.367859, 60.547405], [12.367773, 60.547405], [12.367773, 60.547278], [12.367945, 60.547278], [12.367945, 60.547236], [12.368116, 60.547194], [12.368031, 60.546983], [12.368116, 60.546983], [12.368202, 60.546814], [12.36846, 60.546814], [12.36846, 60.546856], [12.368803, 60.546983], [12.368803, 60.547194], [12.368889, 60.547194], [12.368889, 60.547447], [12.368975, 60.547447], [12.368975, 60.547574], [12.369146, 60.547574], [12.369146, 60.547489], [12.369232, 60.547489], [12.369318, 60.547574], [12.369576, 60.547574], [12.369661, 60.547658], [12.369833, 60.547658], [12.369833, 60.5477], [12.369919, 60.5477], [12.369919, 60.547743], [12.370005, 60.547743], [12.370005, 60.547785], [12.370348, 60.547911], [12.370434, 60.548122], [12.370262, 60.548165], [12.370262, 60.548502], [12.37009, 60.548544], [12.37009, 60.548629], [12.370005, 60.548629], [12.370005, 60.548671], [12.369919, 60.548671], [12.369833, 60.548587], [12.369232, 60.548587], [12.369232, 60.548544], [12.369146, 60.548544], [12.369146, 60.54846], [12.368975, 60.54846], [12.368975, 60.548418], [12.368889, 60.548418], [12.368631, 60.548249], [12.368374, 60.548249], [12.368116, 60.54808], [12.367516, 60.54808], [12.367516, 60.548207], [12.367172, 60.548291], [12.367172, 60.548629], [12.367086, 60.548629], [12.367172, 60.548798], [12.367001, 60.54884], [12.367001, 60.548966], [12.366829, 60.549009], [12.366829, 60.549093], [12.366486, 60.549093], [12.366486, 60.549135], [12.366314, 60.549135], [12.366314, 60.549177], [12.366142, 60.54922], [12.366142, 60.549346], [12.366056, 60.549346], [12.366056, 60.549388], [12.365541, 60.549388], [12.365456, 60.549304], [12.365112, 60.549304], [12.365026, 60.54922], [12.364855, 60.54922], [12.364855, 60.549262], [12.364683, 60.54922], [12.364683, 60.549177], [12.364769, 60.549177], [12.364769, 60.549051], [12.364683, 60.549051], [12.364683, 60.549009], [12.364511, 60.549009], [12.364511, 60.548966], [12.36434, 60.548924], [12.36434, 60.548798], [12.364254, 60.548798], [12.364254, 60.548587]], [[12.368803, 60.547996], [12.368975, 60.547996], [12.368975, 60.547954], [12.369146, 60.547954], [12.369146, 60.547911], [12.369232, 60.547911], [12.369232, 60.547954], [12.369404, 60.547954], [12.369404, 60.547996], [12.369576, 60.547996], [12.369661, 60.547911], [12.369576, 60.547911], [12.369576, 60.547869], [12.369318, 60.547869], [12.369318, 60.547827], [12.369061, 60.547827], [12.369061, 60.547869], [12.368803, 60.547869], [12.368803, 60.547827], [12.368717, 60.547827], [12.368631, 60.547911], [12.368717, 60.547911], [12.368803, 60.547996]], [[12.369318, 60.547743], [12.369576, 60.547743], [12.369576, 60.547658], [12.369318, 60.547658], [12.369318, 60.547743]], [[12.367687, 60.547911], [12.368031, 60.547911], [12.368031, 60.547869], [12.36846, 60.547911], [12.36846, 60.547827], [12.368546, 60.547827], [12.368546, 60.547785], [12.368803, 60.547785], [12.368889, 60.5477], [12.368803, 60.5477], [12.368803, 60.547658], [12.368546, 60.547658], [12.36846, 60.547574], [12.368288, 60.547574], [12.368288, 60.547785], [12.368202, 60.547785], [12.368202, 60.547827], [12.368031, 60.547827], [12.368031, 60.547785], [12.367773, 60.5477], [12.367773, 60.547743], [12.367601, 60.547785], [12.367601, 60.547869], [12.367687, 60.547869], [12.367687, 60.547911]], [[12.365456, 60.548713], [12.365627, 60.548713], [12.365627, 60.548671], [12.365971, 60.548671], [12.365971, 60.548629], [12.366056, 60.548629], [12.366056, 60.548502], [12.365885, 60.54846], [12.365885, 60.548207], [12.365799, 60.548207], [12.365713, 60.548122], [12.365541, 60.548122], [12.365541, 60.548587], [12.365456, 60.548587], [12.365456, 60.548713]], [[12.364683, 60.547827], [12.364941, 60.547827], [12.364941, 60.547785], [12.364855, 60.547785], [12.364855, 60.547743], [12.364683, 60.547743], [12.364683, 60.547827]]], [[[12.364254, 60.548587], [12.364168, 60.548587], [12.363997, 60.54846], [12.363825, 60.54846], [12.363825, 60.548418], [12.363739, 60.548418], [12.363739, 60.548291], [12.363997, 60.548207], [12.363997, 60.548122], [12.363825, 60.54808], [12.363825, 60.547996], [12.363911, 60.547996], [12.363911, 60.547911], [12.363997, 60.547911], [12.363997, 60.547827], [12.364082, 60.547827], [12.364082, 60.547785], [12.364254, 60.547827], [12.364254, 60.547996], [12.364168, 60.547996], [12.364254, 60.548587]]]]}, "properties": {"periode": "host_2024_til_host_2025", "areal_ha": 3.66, "andel_innenfor_jaktfelt": 0.0, "jaktfelt": "Dulpetorpet", "grunnlinje": "2024-09-15", "observert": "2026-09-03", "bekreftet": "2026-09-13"}}, {"type": "Feature", "geometry": {"type": "Polygon", "coordinates": [[[12.392921, 60.546814], [12.392921, 60.54673], [12.392836, 60.54673], [12.392836, 60.546561], [12.39275, 60.546561], [12.39275, 60.546519], [12.392921, 60.546519], [12.392921, 60.546687], [12.393265, 60.546687], [12.393265, 60.546772], [12.393007, 60.546772], [12.393007, 60.546814], [12.392921, 60.546814]]]}, "properties": {"periode": "host_2024_til_host_2025", "areal_ha": 0.03, "andel_innenfor_jaktfelt": 0.0, "jaktfelt": "Dulpetorpet", "grunnlinje": "2024-09-15", "observert": "2026-09-03", "bekreftet": "2026-09-13"}}, {"type": "Feature", "geometry": {"type": "Polygon", "coordinates": [[[12.392149, 60.546434], [12.392149, 60.546392], [12.392063, 60.546392], [12.392063, 60.54635], [12.391891, 60.54635], [12.391891, 60.546308], [12.391977, 60.546308], [12.391977, 60.546265], [12.392406, 60.546265], [12.392406, 60.546308], [12.392492, 60.546308], [12.392492, 60.546434], [12.392406, 60.546434], [12.392406, 60.546392], [12.392321, 60.546392], [12.392321, 60.546434], [12.392149, 60.546434]]]}, "properties": {"periode": "host_2024_til_host_2025", "areal_ha": 0.04, "andel_innenfor_jaktfelt": 0.0, "jaktfelt": "Dulpetorpet", "grunnlinje": "2024-09-15", "observert": "2026-09-03", "bekreftet": "2026-09-13"}}, {"type": "Feature", "geometry": {"type": "Polygon", "coordinates": [[[12.392664, 60.545801], [12.392664, 60.545759], [12.39275, 60.545759], [12.39275, 60.545675], [12.392836, 60.545675], [12.392921, 60.54559], [12.393179, 60.54559], [12.393179, 60.545675], [12.393093, 60.545675], [12.392921, 60.545801], [12.392664, 60.545801]]]}, "properties": {"periode": "host_2024_til_host_2025", "areal_ha": 0.04, "andel_innenfor_jaktfelt": 0.0, "jaktfelt": "Dulpetorpet", "grunnlinje": "2024-09-15", "observert": "2026-09-03", "bekreftet": "2026-09-13"}}, {"type": "Feature", "geometry": {"type": "Polygon", "coordinates": [[[12.390862, 60.546519], [12.390862, 60.546434], [12.390947, 60.546434], [12.390947, 60.546308], [12.390862, 60.546308], [12.390862, 60.546223], [12.390776, 60.546223], [12.390776, 60.546139], [12.390862, 60.546139], [12.390862, 60.545717], [12.391119, 60.545717], [12.391119, 60.545675], [12.391291, 60.545632], [12.391291, 60.545548], [12.391119, 60.545506], [12.391119, 60.545421], [12.391205, 60.545421], [12.391205, 60.545379], [12.391462, 60.545464], [12.391462, 60.545632], [12.391548, 60.545632], [12.391548, 60.545675], [12.39172, 60.545675], [12.391806, 60.54559], [12.391977, 60.54559], [12.391977, 60.545632], [12.392063, 60.545632], [12.392063, 60.545675], [12.392235, 60.545675], [12.392235, 60.545717], [12.392578, 60.545717], [12.392578, 60.545759], [12.392406, 60.545759], [12.392406, 60.545801], [12.392235, 60.545843], [12.392235, 60.545928], [12.392149, 60.545928], [12.392149, 60.54597], [12.391977, 60.54597], [12.391977, 60.545928], [12.391891, 60.545928], [12.391977, 60.545717], [12.391806, 60.545717], [12.391634, 60.545843], [12.391548, 60.545843], [12.391462, 60.545759], [12.391291, 60.545759], [12.391291, 60.545801], [12.391119, 60.545843], [12.391119, 60.546054], [12.391205, 60.546054], [12.391205, 60.546181], [12.391376, 60.546181], [12.391376, 60.546265], [12.391462, 60.546265], [12.391462, 60.546308], [12.391205, 60.546308], [12.391205, 60.546434], [12.391119, 60.546434], [12.391033, 60.546519], [12.390862, 60.546519]]]}, "properties": {"periode": "host_2024_til_host_2025", "areal_ha": 0.33, "andel_innenfor_jaktfelt": 0.0, "jaktfelt": "Dulpetorpet", "grunnlinje": "2024-09-15", "observert": "2026-09-03", "bekreftet": "2026-09-13"}}, {"type": "Feature", "geometry": {"type": "Polygon", "coordinates": [[[12.393351, 60.545632], [12.393351, 60.54559], [12.393436, 60.54559], [12.393436, 60.545379], [12.393866, 60.545464], [12.393866, 60.545548], [12.39378, 60.545548], [12.39378, 60.54559], [12.393351, 60.545632]]]}, "properties": {"periode": "host_2024_til_host_2025", "areal_ha": 0.05, "andel_innenfor_jaktfelt": 0.0, "jaktfelt": "Dulpetorpet", "grunnlinje": "2024-09-15", "observert": "2026-09-03", "bekreftet": "2026-09-13"}}, {"type": "Feature", "geometry": {"type": "Polygon", "coordinates": [[[12.394381, 60.545084], [12.394381, 60.545041], [12.394295, 60.545041], [12.394295, 60.54483], [12.394381, 60.54483], [12.394381, 60.544788], [12.394638, 60.544788], [12.394638, 60.544915], [12.394466, 60.544957], [12.394466, 60.544999], [12.394552, 60.544999], [12.394552, 60.545084], [12.394381, 60.545084]]]}, "properties": {"periode": "host_2024_til_host_2025", "areal_ha": 0.05, "andel_innenfor_jaktfelt": 0.0, "jaktfelt": "Dulpetorpet", "grunnlinje": "2024-09-15", "observert": "2026-09-03", "bekreftet": "2026-09-13"}}, {"type": "Feature", "geometry": {"type": "MultiPolygon", "coordinates": [[[[12.392921, 60.544577], [12.393093, 60.544451], [12.393265, 60.544451], [12.393265, 60.544366], [12.393179, 60.544366], [12.393179, 60.544197], [12.393351, 60.54424], [12.393351, 60.544493], [12.392921, 60.544577]]], [[[12.393179, 60.544197], [12.393093, 60.544197], [12.393093, 60.544113], [12.393179, 60.544113], [12.393179, 60.544197]]]]}, "properties": {"periode": "host_2024_til_host_2025", "areal_ha": 0.04, "andel_innenfor_jaktfelt": 0.0, "jaktfelt": "Dulpetorpet", "grunnlinje": "2024-09-15", "observert": "2026-09-03", "bekreftet": "2026-09-13"}}]}