{"type": "FeatureCollection", "name": "hogst_kongshov_skog", "properties": {"jaktfelt": "Kongshov skog", "metode": "Sentinel-2 L2A, høst mot høst, dNBR>0.20 & dNDVI>0.08 (kjerne), vekst dNBR>0.12 & dNDVI>0.04, sesongkorrigert, bekreftet i to høstbilder 2026. Oppløsning 10 m – små flater og tynning kan mangle.", "kilde": "Contains modified Copernicus Sentinel data 2024–2026, processed by Sentinel Hub / Copernicus Data Space Ecosystem", "generert": "2026-10-04", "sum_ha_innenfor": {"etter_host_2025": 26, "host_2024_til_host_2025": 9}}, "features": [{"type": "Feature", "geometry": {"type": "Polygon", "coordinates": [[[12.405539, 60.458911], [12.405367, 60.458784], [12.405453, 60.458784], [12.405539, 60.458699], [12.405796, 60.458699], [12.405796, 60.458741], [12.405968, 60.458784], [12.405968, 60.458868], [12.405539, 60.458911]]]}, "properties": {"periode": "etter_host_2025", "areal_ha": 0.05, "andel_innenfor_jaktfelt": 0.0, "jaktfelt": "Kongshov skog", "grunnlinje": "2025-09-25", "observert": "2026-09-03", "bekreftet": "2026-09-10"}}, {"type": "Feature", "geometry": {"type": "Polygon", "coordinates": [[[12.446909, 60.456922], [12.446909, 60.456879], [12.446823, 60.456879], [12.446823, 60.456837], [12.44648, 60.45671], [12.446566, 60.456625], [12.446737, 60.456625], [12.446737, 60.456583], [12.446823, 60.456583], [12.446823, 60.456498], [12.446909, 60.456498], [12.446909, 60.456456], [12.44751, 60.456456], [12.447596, 60.456541], [12.447853, 60.456541], [12.447853, 60.456583], [12.447939, 60.456583], [12.447939, 60.456668], [12.447853, 60.456668], [12.447853, 60.456837], [12.447767, 60.456837], [12.447767, 60.456879], [12.446909, 60.456922]]]}, "properties": {"periode": "etter_host_2025", "areal_ha": 0.29, "andel_innenfor_jaktfelt": 0.0, "jaktfelt": "Kongshov skog", "grunnlinje": "2025-09-25", "observert": "2026-09-03", "bekreftet": "2026-09-10"}}, {"type": "Feature", "geometry": {"type": "Polygon", "coordinates": [[[12.444162, 60.457768], [12.444162, 60.457726], [12.443819, 60.457726], [12.443819, 60.457429], [12.443647, 60.457387], [12.443733, 60.457302], [12.443905, 60.457302], [12.443905, 60.45726], [12.443991, 60.45726], [12.443905, 60.457049], [12.443562, 60.456964], [12.443562, 60.456795], [12.443476, 60.456795], [12.44339, 60.45671], [12.443132, 60.45671], [12.443218, 60.456498], [12.443476, 60.456414], [12.443476, 60.456075], [12.443647, 60.456075], [12.443647, 60.456117], [12.443991, 60.456117], [12.443991, 60.45616], [12.444334, 60.456117], [12.444334, 60.45616], [12.44442, 60.45616], [12.44442, 60.456244], [12.444248, 60.456287], [12.444248, 60.456414], [12.444506, 60.456414], [12.444506, 60.456456], [12.444592, 60.456456], [12.444592, 60.456583], [12.444248, 60.45671], [12.444248, 60.456879], [12.444506, 60.456879], [12.444506, 60.456922], [12.444592, 60.456922], [12.444506, 60.457345], [12.444935, 60.457429], [12.444935, 60.457514], [12.444849, 60.457514], [12.444935, 60.457726], [12.444763, 60.457726], [12.444677, 60.457514], [12.444506, 60.457514], [12.444506, 60.457556], [12.44442, 60.457556], [12.44442, 60.457683], [12.444506, 60.457683], [12.444506, 60.457726], [12.44442, 60.457726], [12.44442, 60.457768], [12.444162, 60.457768]]]}, "properties": {"periode": "etter_host_2025", "areal_ha": 0.89, "andel_innenfor_jaktfelt": 0.0, "jaktfelt": "Kongshov skog", "grunnlinje": "2025-09-25", "observert": "2026-09-03", "bekreftet": "2026-09-10"}}, {"type": "Feature", "geometry": {"type": "Polygon", "coordinates": [[[12.443476, 60.45599], [12.443476, 60.455821], [12.44339, 60.455821], [12.44339, 60.455779], [12.443476, 60.455779], [12.443476, 60.455737], [12.443647, 60.455737], [12.443647, 60.45599], [12.443476, 60.45599]]]}, "properties": {"periode": "etter_host_2025", "areal_ha": 0.03, "andel_innenfor_jaktfelt": 0.0, "jaktfelt": "Kongshov skog", "grunnlinje": "2025-09-25", "observert": "2026-09-03", "bekreftet": "2026-09-10"}}, {"type": "Feature", "geometry": {"type": "Polygon", "coordinates": [[[12.445192, 60.457175], [12.445192, 60.457133], [12.444935, 60.457133], [12.444935, 60.457049], [12.445364, 60.457049], [12.445364, 60.456922], [12.444935, 60.456837], [12.444935, 60.456795], [12.445021, 60.456795], [12.445021, 60.45671], [12.444935, 60.45671], [12.444935, 60.456414], [12.445021, 60.456414], [12.445021, 60.456329], [12.444935, 60.456329], [12.444935, 60.456244], [12.444849, 60.456244], [12.444849, 60.45616], [12.444935, 60.45616], [12.444935, 60.456075], [12.444849, 60.456075], [12.444849, 60.455821], [12.444763, 60.455821], [12.444763, 60.455779], [12.444248, 60.455779], [12.444248, 60.455694], [12.444849, 60.455694], [12.444935, 60.455779], [12.445192, 60.455779], [12.445192, 60.455737], [12.445278, 60.455737], [12.445278, 60.45561], [12.445192, 60.45561], [12.445192, 60.455525], [12.445278, 60.455525], [12.445278, 60.455186], [12.445621, 60.455186], [12.445621, 60.455144], [12.445793, 60.455186], [12.445793, 60.455144], [12.445879, 60.455144], [12.445879, 60.455059], [12.445793, 60.455059], [12.445707, 60.454975], [12.44545, 60.454975], [12.44545, 60.455059], [12.445192, 60.455059], [12.445107, 60.454848], [12.445021, 60.454848], [12.444935, 60.454763], [12.445021, 60.454763], [12.445021, 60.454721], [12.445192, 60.454721], [12.445192, 60.454678], [12.445278, 60.454678], [12.445278, 60.454636], [12.44545, 60.454636], [12.44545, 60.454594], [12.446051, 60.454594], [12.446051, 60.454636], [12.446136, 60.454636], [12.446136, 60.454721], [12.446051, 60.454721], [12.446051, 60.45489], [12.446136, 60.45489], [12.446222, 60.454975], [12.446394, 60.454975], [12.446394, 60.454932], [12.446566, 60.454932], [12.446566, 60.454975], [12.446651, 60.454975], [12.446651, 60.455271], [12.446566, 60.455271], [12.446566, 60.455313], [12.446222, 60.455313], [12.446222, 60.455356], [12.445965, 60.45544], [12.445965, 60.45561], [12.446136, 60.455652], [12.446136, 60.455779], [12.446051, 60.455779], [12.446051, 60.455821], [12.445965, 60.455821], [12.445965, 60.455779], [12.445536, 60.455821], [12.445536, 60.455864], [12.44545, 60.455864], [12.44545, 60.455948], [12.445364, 60.455948], [12.445364, 60.456287], [12.44545, 60.456287], [12.44545, 60.456329], [12.445621, 60.456329], [12.445621, 60.456414], [12.44545, 60.456414], [12.44545, 60.456456], [12.445278, 60.456498], [12.445278, 60.456583], [12.445707, 60.456668], [12.445793, 60.456964], [12.445536, 60.457049], [12.445536, 60.457133], [12.44545, 60.457133], [12.44545, 60.457175], [12.445192, 60.457175]]]}, "properties": {"periode": "etter_host_2025", "areal_ha": 1.19, "andel_innenfor_jaktfelt": 0.0, "jaktfelt": "Kongshov skog", "grunnlinje": "2025-09-25", "observert": "2026-09-03", "bekreftet": "2026-09-10"}}, {"type": "Feature", "geometry": {"type": "Polygon", "coordinates": [[[12.434807, 60.453239], [12.434807, 60.453112], [12.434893, 60.453112], [12.434893, 60.45307], [12.435493, 60.45307], [12.435493, 60.453197], [12.435408, 60.453197], [12.435408, 60.453239], [12.434807, 60.453239]]]}, "properties": {"periode": "etter_host_2025", "areal_ha": 0.07, "andel_innenfor_jaktfelt": 1.0, "jaktfelt": "Kongshov skog", "grunnlinje": "2025-09-25", "observert": "2026-09-03", "bekreftet": "2026-09-10"}}, {"type": "Feature", "geometry": {"type": "Polygon", "coordinates": [[[12.424421, 60.455144], [12.424421, 60.454975], [12.424078, 60.454975], [12.424078, 60.454509], [12.423992, 60.454509], [12.424078, 60.454425], [12.42425, 60.454425], [12.42425, 60.454382], [12.424335, 60.454382], [12.424335, 60.454298], [12.42425, 60.454298], [12.42425, 60.454255], [12.423992, 60.454255], [12.423735, 60.454086], [12.423563, 60.454086], [12.423563, 60.454128], [12.42322, 60.454128], [12.42322, 60.454171], [12.423048, 60.454213], [12.423048, 60.454171], [12.422705, 60.454044], [12.422705, 60.453832], [12.422876, 60.45379], [12.422876, 60.453705], [12.422619, 60.45362], [12.422533, 60.453409], [12.422791, 60.453324], [12.422791, 60.45307], [12.422533, 60.452985], [12.422533, 60.452901], [12.422447, 60.452901], [12.422447, 60.452858], [12.421846, 60.452858], [12.421846, 60.452901], [12.421503, 60.452901], [12.421503, 60.452858], [12.421331, 60.452816], [12.421331, 60.452731], [12.421417, 60.452731], [12.421589, 60.452605], [12.422018, 60.452605], [12.422018, 60.452562], [12.422361, 60.45252], [12.422361, 60.452478], [12.422447, 60.452478], [12.422705, 60.452308], [12.422962, 60.452308], [12.422962, 60.452266], [12.423306, 60.452224], [12.423391, 60.452139], [12.423563, 60.452181], [12.423563, 60.452266], [12.42382, 60.452351], [12.42382, 60.452435], [12.423906, 60.452435], [12.423906, 60.452478], [12.424164, 60.452478], [12.42425, 60.452562], [12.424421, 60.452562], [12.424421, 60.452605], [12.424765, 60.452647], [12.425022, 60.452816], [12.42528, 60.452816], [12.42528, 60.452774], [12.425623, 60.452816], [12.425623, 60.452774], [12.425795, 60.452774], [12.425795, 60.452816], [12.426052, 60.452901], [12.426052, 60.453028], [12.42588, 60.45307], [12.42588, 60.453536], [12.425966, 60.453536], [12.425966, 60.453578], [12.42631, 60.453705], [12.42631, 60.453959], [12.426481, 60.454001], [12.426481, 60.454255], [12.426567, 60.454255], [12.426567, 60.454382], [12.426481, 60.454382], [12.426224, 60.454551], [12.42588, 60.454551], [12.42588, 60.454678], [12.425709, 60.454721], [12.425709, 60.454805], [12.425623, 60.454805], [12.425623, 60.454848], [12.425451, 60.454848], [12.425451, 60.45489], [12.425365, 60.45489], [12.425108, 60.455059], [12.424765, 60.455017], [12.424593, 60.455144], [12.424421, 60.455144]]]}, "properties": {"periode": "etter_host_2025", "areal_ha": 4.61, "andel_innenfor_jaktfelt": 1.0, "jaktfelt": "Kongshov skog", "grunnlinje": "2025-09-25", "observert": "2026-09-03", "bekreftet": "2026-09-10"}}, {"type": "Feature", "geometry": {"type": "Polygon", "coordinates": [[[12.431116, 60.452224], [12.431116, 60.452181], [12.430687, 60.452181], [12.430601, 60.452097], [12.430429, 60.452097], [12.430429, 60.452139], [12.430344, 60.452139], [12.430344, 60.452097], [12.43, 60.45197], [12.43, 60.451843], [12.429914, 60.451843], [12.429914, 60.451631], [12.43, 60.451631], [12.43, 60.451589], [12.430086, 60.451589], [12.430086, 60.451631], [12.430429, 60.451631], [12.430429, 60.451673], [12.431202, 60.451673], [12.431202, 60.451716], [12.431374, 60.451716], [12.431374, 60.451758], [12.431717, 60.451885], [12.431717, 60.45197], [12.431374, 60.452054], [12.431374, 60.452224], [12.431116, 60.452224]]]}, "properties": {"periode": "etter_host_2025", "areal_ha": 0.45, "andel_innenfor_jaktfelt": 1.0, "jaktfelt": "Kongshov skog", "grunnlinje": "2025-09-25", "observert": "2026-09-03", "bekreftet": "2026-09-10"}}, {"type": "Feature", "geometry": {"type": "Polygon", "coordinates": [[[12.448196, 60.451038], [12.448196, 60.450996], [12.448025, 60.450954], [12.448025, 60.4507], [12.447939, 60.4507], [12.448025, 60.450488], [12.447939, 60.450488], [12.447939, 60.450403], [12.448196, 60.450403], [12.448196, 60.450446], [12.448368, 60.450446], [12.448368, 60.450488], [12.44854, 60.450488], [12.44854, 60.45053], [12.448711, 60.450573], [12.448626, 60.450657], [12.448454, 60.450657], [12.448454, 60.4507], [12.448368, 60.4507], [12.448368, 60.450996], [12.448196, 60.451038]]]}, "properties": {"periode": "etter_host_2025", "areal_ha": 0.16, "andel_innenfor_jaktfelt": 1.0, "jaktfelt": "Kongshov skog", "grunnlinje": "2025-09-25", "observert": "2026-09-03", "bekreftet": "2026-09-10"}}, {"type": "Feature", "geometry": {"type": "Polygon", "coordinates": [[[12.443819, 60.4507], [12.443819, 60.450657], [12.443647, 60.450657], [12.443647, 60.450615], [12.443476, 60.450615], [12.443476, 60.450573], [12.44339, 60.450573], [12.44339, 60.450446], [12.443304, 60.450446], [12.443304, 60.450234], [12.443218, 60.450234], [12.443218, 60.450192], [12.442875, 60.450234], [12.442875, 60.450192], [12.442617, 60.450107], [12.442617, 60.449895], [12.442703, 60.449895], [12.442961, 60.449726], [12.443476, 60.449726], [12.443476, 60.449768], [12.443647, 60.449811], [12.443647, 60.44998], [12.444162, 60.44998], [12.444334, 60.449853], [12.444592, 60.449853], [12.444592, 60.449895], [12.444763, 60.449895], [12.444763, 60.449853], [12.445107, 60.449853], [12.445107, 60.449811], [12.445364, 60.449726], [12.445364, 60.449641], [12.445278, 60.449641], [12.445278, 60.449557], [12.445364, 60.449557], [12.445364, 60.449514], [12.445965, 60.449514], [12.445965, 60.449557], [12.446051, 60.449557], [12.446051, 60.449599], [12.445965, 60.449599], [12.445965, 60.449726], [12.445707, 60.449726], [12.445707, 60.449768], [12.445621, 60.449768], [12.445621, 60.449853], [12.445536, 60.449853], [12.445536, 60.449938], [12.445107, 60.449938], [12.445107, 60.44998], [12.445021, 60.44998], [12.445021, 60.450107], [12.444849, 60.450149], [12.444849, 60.450319], [12.444763, 60.450319], [12.444506, 60.450488], [12.444248, 60.450488], [12.444248, 60.45053], [12.444162, 60.45053], [12.444162, 60.450615], [12.444077, 60.450615], [12.443991, 60.4507], [12.443819, 60.4507]]]}, "properties": {"periode": "etter_host_2025", "areal_ha": 0.97, "andel_innenfor_jaktfelt": 1.0, "jaktfelt": "Kongshov skog", "grunnlinje": "2025-09-25", "observert": "2026-09-03", "bekreftet": "2026-09-10"}}, {"type": "Feature", "geometry": {"type": "Polygon", "coordinates": [[[12.444592, 60.44617], [12.444592, 60.445789], [12.444763, 60.445789], [12.444763, 60.44617], [12.444592, 60.44617]]]}, "properties": {"periode": "etter_host_2025", "areal_ha": 0.04, "andel_innenfor_jaktfelt": 1.0, "jaktfelt": "Kongshov skog", "grunnlinje": "2025-09-25", "observert": "2026-09-03", "bekreftet": "2026-09-10"}}, {"type": "Feature", "geometry": {"type": "Polygon", "coordinates": [[[12.457123, 60.446763], [12.457123, 60.446721], [12.457037, 60.446721], [12.457037, 60.446467], [12.456951, 60.446467], [12.456951, 60.446382], [12.457037, 60.446382], [12.457037, 60.44634], [12.457294, 60.44634], [12.457294, 60.446213], [12.457209, 60.446213], [12.457209, 60.446128], [12.457123, 60.446128], [12.457123, 60.445874], [12.457209, 60.445874], [12.457209, 60.445832], [12.457466, 60.445832], [12.457466, 60.445662], [12.458067, 60.445704], [12.458067, 60.445662], [12.458839, 60.44562], [12.458925, 60.445535], [12.459097, 60.445535], [12.459183, 60.44562], [12.459698, 60.445662], [12.459698, 60.44562], [12.459784, 60.44562], [12.459784, 60.445366], [12.460213, 60.445366], [12.460213, 60.445323], [12.460384, 60.445323], [12.460384, 60.445281], [12.46047, 60.445281], [12.46047, 60.445069], [12.460814, 60.445069], [12.460814, 60.445027], [12.461071, 60.445027], [12.461071, 60.444985], [12.4615, 60.444985], [12.4615, 60.445027], [12.461586, 60.445027], [12.461586, 60.445069], [12.461243, 60.445196], [12.461243, 60.445366], [12.461157, 60.445366], [12.461157, 60.445408], [12.460985, 60.445408], [12.460899, 60.445493], [12.460642, 60.445493], [12.460556, 60.445577], [12.460384, 60.445577], [12.460384, 60.445704], [12.460213, 60.445747], [12.460213, 60.445959], [12.460127, 60.445959], [12.459869, 60.446128], [12.459612, 60.446128], [12.459612, 60.44617], [12.458754, 60.44617], [12.458668, 60.446086], [12.45841, 60.446086], [12.45841, 60.446255], [12.458754, 60.446255], [12.458754, 60.446297], [12.458839, 60.446297], [12.458839, 60.446509], [12.458754, 60.446509], [12.458754, 60.446551], [12.458668, 60.446551], [12.458668, 60.446509], [12.458496, 60.446509], [12.458496, 60.446551], [12.45841, 60.446551], [12.45841, 60.446636], [12.458496, 60.446636], [12.45841, 60.446721], [12.458153, 60.446721], [12.458153, 60.446678], [12.458067, 60.446678], [12.458067, 60.446594], [12.457809, 60.446594], [12.457809, 60.446678], [12.457724, 60.446678], [12.457638, 60.446763], [12.45738, 60.446763], [12.45738, 60.446721], [12.457209, 60.446721], [12.457209, 60.446763], [12.457123, 60.446763]]]}, "properties": {"periode": "etter_host_2025", "areal_ha": 1.77, "andel_innenfor_jaktfelt": 1.0, "jaktfelt": "Kongshov skog", "grunnlinje": "2025-09-25", "observert": "2026-09-03", "bekreftet": "2026-09-10"}}, {"type": "Feature", "geometry": {"type": "Polygon", "coordinates": [[[12.444935, 60.445323], [12.444935, 60.445281], [12.444849, 60.445281], [12.444849, 60.445027], [12.445536, 60.444985], [12.445536, 60.445027], [12.445707, 60.445069], [12.445707, 60.445154], [12.445621, 60.445154], [12.445621, 60.445196], [12.445278, 60.445196], [12.445278, 60.445239], [12.445192, 60.445239], [12.445192, 60.445323], [12.444935, 60.445323]]]}, "properties": {"periode": "etter_host_2025", "areal_ha": 0.12, "andel_innenfor_jaktfelt": 1.0, "jaktfelt": "Kongshov skog", "grunnlinje": "2025-09-25", "observert": "2026-09-03", "bekreftet": "2026-09-10"}}, {"type": "Feature", "geometry": {"type": "Polygon", "coordinates": [[[12.462444, 60.445154], [12.462444, 60.445112], [12.462273, 60.445069], [12.462273, 60.444985], [12.462358, 60.444985], [12.462358, 60.444942], [12.46253, 60.444942], [12.46253, 60.444985], [12.462616, 60.444985], [12.462616, 60.445112], [12.462444, 60.445154]]]}, "properties": {"periode": "etter_host_2025", "areal_ha": 0.03, "andel_innenfor_jaktfelt": 1.0, "jaktfelt": "Kongshov skog", "grunnlinje": "2025-09-25", "observert": "2026-09-03", "bekreftet": "2026-09-10"}}, {"type": "Feature", "geometry": {"type": "Polygon", "coordinates": [[[12.463474, 60.445027], [12.463474, 60.444985], [12.463388, 60.444985], [12.463388, 60.444773], [12.463474, 60.444773], [12.46356, 60.444688], [12.463732, 60.444688], [12.463732, 60.444646], [12.463818, 60.444646], [12.463903, 60.444731], [12.463732, 60.444773], [12.463732, 60.444985], [12.463646, 60.444985], [12.463646, 60.445027], [12.463474, 60.445027]]]}, "properties": {"periode": "etter_host_2025", "areal_ha": 0.07, "andel_innenfor_jaktfelt": 1.0, "jaktfelt": "Kongshov skog", "grunnlinje": "2025-09-25", "observert": "2026-09-03", "bekreftet": "2026-09-10"}}, {"type": "Feature", "geometry": {"type": "Polygon", "coordinates": [[[12.396011, 60.444434], [12.395926, 60.444265], [12.396355, 60.444265], [12.396441, 60.44435], [12.396784, 60.44435], [12.396698, 60.444434], [12.396011, 60.444434]]]}, "properties": {"periode": "etter_host_2025", "areal_ha": 0.06, "andel_innenfor_jaktfelt": 0.0, "jaktfelt": "Kongshov skog", "grunnlinje": "2025-09-25", "observert": "2026-09-03", "bekreftet": "2026-09-10"}}, {"type": "Feature", "geometry": {"type": "Polygon", "coordinates": [[[12.395067, 60.44435], [12.395067, 60.444096], [12.395153, 60.444096], [12.395153, 60.444053], [12.395239, 60.444053], [12.395325, 60.444138], [12.395668, 60.444096], [12.395668, 60.44418], [12.395325, 60.444223], [12.395325, 60.444265], [12.395239, 60.444265], [12.395239, 60.44435], [12.395067, 60.44435]]]}, "properties": {"periode": "etter_host_2025", "areal_ha": 0.06, "andel_innenfor_jaktfelt": 0.0, "jaktfelt": "Kongshov skog", "grunnlinje": "2025-09-25", "observert": "2026-09-03", "bekreftet": "2026-09-10"}}, {"type": "Feature", "geometry": {"type": "Polygon", "coordinates": [[[12.393951, 60.444477], [12.393951, 60.444434], [12.393866, 60.444434], [12.393866, 60.44435], [12.394037, 60.444307], [12.394037, 60.444138], [12.394123, 60.444138], [12.394123, 60.444096], [12.394466, 60.443969], [12.394466, 60.444011], [12.394552, 60.444011], [12.394552, 60.444392], [12.394466, 60.444392], [12.394381, 60.444477], [12.394123, 60.444477], [12.394123, 60.444434], [12.393951, 60.444477]]]}, "properties": {"periode": "etter_host_2025", "areal_ha": 0.14, "andel_innenfor_jaktfelt": 0.0, "jaktfelt": "Kongshov skog", "grunnlinje": "2025-09-25", "observert": "2026-09-03", "bekreftet": "2026-09-10"}}, {"type": "Feature", "geometry": {"type": "Polygon", "coordinates": [[[12.408199, 60.443588], [12.408199, 60.443545], [12.408113, 60.443545], [12.408113, 60.443461], [12.408199, 60.443461], [12.408199, 60.443418], [12.408371, 60.443418], [12.408371, 60.443376], [12.408628, 60.443376], [12.408628, 60.443418], [12.408714, 60.443418], [12.408714, 60.443503], [12.408543, 60.443503], [12.408543, 60.443545], [12.408199, 60.443588]]]}, "properties": {"periode": "etter_host_2025", "areal_ha": 0.05, "andel_innenfor_jaktfelt": 0.0, "jaktfelt": "Kongshov skog", "grunnlinje": "2025-09-25", "observert": "2026-09-03", "bekreftet": "2026-09-10"}}, {"type": "Feature", "geometry": {"type": "Polygon", "coordinates": [[[12.408199, 60.442148], [12.408199, 60.442063], [12.4088, 60.442063], [12.4088, 60.442148], [12.408199, 60.442148]]]}, "properties": {"periode": "etter_host_2025", "areal_ha": 0.03, "andel_innenfor_jaktfelt": 0.0, "jaktfelt": "Kongshov skog", "grunnlinje": "2025-09-25", "observert": "2026-09-03", "bekreftet": "2026-09-10"}}, {"type": "Feature", "geometry": {"type": "Polygon", "coordinates": [[[12.433176, 60.44236], [12.433176, 60.442317], [12.43309, 60.442317], [12.43309, 60.442233], [12.433004, 60.442233], [12.43309, 60.441979], [12.433176, 60.441979], [12.433434, 60.441809], [12.433691, 60.441809], [12.433691, 60.441767], [12.433777, 60.441767], [12.433777, 60.441682], [12.433863, 60.441682], [12.433949, 60.441598], [12.434206, 60.441598], [12.434292, 60.441513], [12.434807, 60.441513], [12.434807, 60.441471], [12.434978, 60.441471], [12.435064, 60.441555], [12.435665, 60.441555], [12.435751, 60.44164], [12.435923, 60.44164], [12.435923, 60.441682], [12.436094, 60.441725], [12.436094, 60.441936], [12.43618, 60.441936], [12.43618, 60.441979], [12.436523, 60.441979], [12.436523, 60.442021], [12.436695, 60.442063], [12.436695, 60.442148], [12.436609, 60.442148], [12.436523, 60.442233], [12.436352, 60.442233], [12.436266, 60.442317], [12.435923, 60.442317], [12.435923, 60.442275], [12.434978, 60.442275], [12.434978, 60.442317], [12.434549, 60.442317], [12.434549, 60.44236], [12.434378, 60.44236], [12.434292, 60.442275], [12.43412, 60.442275], [12.43412, 60.442317], [12.433262, 60.442317], [12.433262, 60.44236], [12.433176, 60.44236]]]}, "properties": {"periode": "etter_host_2025", "areal_ha": 1.33, "andel_innenfor_jaktfelt": 1.0, "jaktfelt": "Kongshov skog", "grunnlinje": "2025-09-25", "observert": "2026-09-03", "bekreftet": "2026-09-10"}}, {"type": "Feature", "geometry": {"type": "Polygon", "coordinates": [[[12.413092, 60.442868], [12.413092, 60.442826], [12.413006, 60.442826], [12.413006, 60.442783], [12.413092, 60.442783], [12.413092, 60.442444], [12.412748, 60.442317], [12.412748, 60.44219], [12.412491, 60.442106], [12.412491, 60.441894], [12.412834, 60.441767], [12.412834, 60.44164], [12.41292, 60.44164], [12.41292, 60.441598], [12.413177, 60.441598], [12.413177, 60.44164], [12.413263, 60.44164], [12.413435, 60.441767], [12.413607, 60.441767], [12.413692, 60.441852], [12.414379, 60.441852], [12.414379, 60.441809], [12.414465, 60.441809], [12.414465, 60.441725], [12.414637, 60.441682], [12.414637, 60.441555], [12.414808, 60.441513], [12.414894, 60.441217], [12.41498, 60.441217], [12.41498, 60.441005], [12.415066, 60.441005], [12.415152, 60.44092], [12.415495, 60.44092], [12.415495, 60.440963], [12.415581, 60.440963], [12.415495, 60.441386], [12.415752, 60.441471], [12.415752, 60.441852], [12.415667, 60.441852], [12.415667, 60.441894], [12.415495, 60.441894], [12.415323, 60.441725], [12.41498, 60.441725], [12.41498, 60.441767], [12.414894, 60.441767], [12.414894, 60.441894], [12.414722, 60.441936], [12.414722, 60.442106], [12.414808, 60.442106], [12.414808, 60.44219], [12.414722, 60.44219], [12.414722, 60.442233], [12.414551, 60.442233], [12.414551, 60.44219], [12.414465, 60.44219], [12.414207, 60.442021], [12.414036, 60.442021], [12.414036, 60.442063], [12.41395, 60.442063], [12.41395, 60.442444], [12.413864, 60.442444], [12.41395, 60.442656], [12.413864, 60.442656], [12.413864, 60.442741], [12.413778, 60.442741], [12.413692, 60.442826], [12.413521, 60.442826], [12.413521, 60.442868], [12.413349, 60.442868], [12.413349, 60.442826], [12.413177, 60.442826], [12.413177, 60.442868], [12.413092, 60.442868]]]}, "properties": {"periode": "etter_host_2025", "areal_ha": 1.33, "andel_innenfor_jaktfelt": 1.0, "jaktfelt": "Kongshov skog", "grunnlinje": "2025-09-25", "observert": "2026-09-03", "bekreftet": "2026-09-10"}}, {"type": "Feature", "geometry": {"type": "Polygon", "coordinates": [[[12.397127, 60.440878], [12.397127, 60.440666], [12.397041, 60.440666], [12.396955, 60.440581], [12.396784, 60.440581], [12.396784, 60.440539], [12.396698, 60.440539], [12.396698, 60.440031], [12.397213, 60.440031], [12.397213, 60.440073], [12.397385, 60.440116], [12.39747, 60.440751], [12.397299, 60.440793], [12.397299, 60.440878], [12.397127, 60.440878]]]}, "properties": {"periode": "etter_host_2025", "areal_ha": 0.29, "andel_innenfor_jaktfelt": 1.0, "jaktfelt": "Kongshov skog", "grunnlinje": "2025-09-25", "observert": "2026-09-03", "bekreftet": "2026-09-10"}}, {"type": "Feature", "geometry": {"type": "Polygon", "coordinates": [[[12.459011, 60.4402], [12.459011, 60.439946], [12.459183, 60.439946], [12.459183, 60.4402], [12.459011, 60.4402]]]}, "properties": {"periode": "etter_host_2025", "areal_ha": 0.03, "andel_innenfor_jaktfelt": 1.0, "jaktfelt": "Kongshov skog", "grunnlinje": "2025-09-25", "observert": "2026-09-03", "bekreftet": "2026-09-10"}}, {"type": "Feature", "geometry": {"type": "Polygon", "coordinates": [[[12.390947, 60.440708], [12.390947, 60.440666], [12.390862, 60.440666], [12.390862, 60.440581], [12.390518, 60.440539], [12.390518, 60.44037], [12.390432, 60.44037], [12.390518, 60.4402], [12.390604, 60.4402], [12.39069, 60.440116], [12.390862, 60.440116], [12.390947, 60.4402], [12.391119, 60.4402], [12.391205, 60.440116], [12.39172, 60.440116], [12.39172, 60.440073], [12.391891, 60.440031], [12.391891, 60.439862], [12.391977, 60.439862], [12.391977, 60.439819], [12.392149, 60.439862], [12.392149, 60.4402], [12.392492, 60.440158], [12.392492, 60.439989], [12.392578, 60.439989], [12.392578, 60.439946], [12.392921, 60.439946], [12.392921, 60.439989], [12.393007, 60.439989], [12.393007, 60.440073], [12.393093, 60.440073], [12.393093, 60.440116], [12.393265, 60.440116], [12.393265, 60.440158], [12.393436, 60.4402], [12.393436, 60.440624], [12.393265, 60.440624], [12.393265, 60.440539], [12.393093, 60.440497], [12.393093, 60.44037], [12.393007, 60.44037], [12.393007, 60.440285], [12.392921, 60.440285], [12.392921, 60.440243], [12.392578, 60.440243], [12.392492, 60.440327], [12.392063, 60.440285], [12.392063, 60.440327], [12.391977, 60.440327], [12.391977, 60.440539], [12.391548, 60.440539], [12.391291, 60.440708], [12.390947, 60.440708]], [[12.391806, 60.440285], [12.391891, 60.440285], [12.391891, 60.440243], [12.391806, 60.440243], [12.391806, 60.440285]]]}, "properties": {"periode": "etter_host_2025", "areal_ha": 0.71, "andel_innenfor_jaktfelt": 0.0, "jaktfelt": "Kongshov skog", "grunnlinje": "2025-09-25", "observert": "2026-09-03", "bekreftet": "2026-09-10"}}, {"type": "Feature", "geometry": {"type": "Polygon", "coordinates": [[[12.401161, 60.440666], [12.401161, 60.440624], [12.401075, 60.440624], [12.401075, 60.440539], [12.401247, 60.440539], [12.401247, 60.440497], [12.401333, 60.440497], [12.401333, 60.440454], [12.401075, 60.44037], [12.401075, 60.440285], [12.401161, 60.440285], [12.401161, 60.4402], [12.401247, 60.4402], [12.401247, 60.440031], [12.401075, 60.440031], [12.401075, 60.440073], [12.400904, 60.440116], [12.400818, 60.440031], [12.40056, 60.440031], [12.40056, 60.439989], [12.400475, 60.439989], [12.400646, 60.439862], [12.400818, 60.439862], [12.400818, 60.439904], [12.40099, 60.439904], [12.40099, 60.439862], [12.401075, 60.439862], [12.401075, 60.439777], [12.40099, 60.439777], [12.40099, 60.439735], [12.400732, 60.439735], [12.400732, 60.43965], [12.40099, 60.43965], [12.40099, 60.439523], [12.401075, 60.439523], [12.401161, 60.439438], [12.40159, 60.439438], [12.40159, 60.439396], [12.401848, 60.439396], [12.401848, 60.439438], [12.401934, 60.439438], [12.402191, 60.439608], [12.402363, 60.439608], [12.402449, 60.439523], [12.40262, 60.439523], [12.40262, 60.439565], [12.402706, 60.439565], [12.40262, 60.439777], [12.402706, 60.439777], [12.402706, 60.439862], [12.403049, 60.439862], [12.403049, 60.440116], [12.403221, 60.440158], [12.403221, 60.440285], [12.403135, 60.440285], [12.403049, 60.44037], [12.402878, 60.44037], [12.402878, 60.440412], [12.402534, 60.440412], [12.402534, 60.440581], [12.402449, 60.440581], [12.402449, 60.440624], [12.401247, 60.440624], [12.401247, 60.440666], [12.401161, 60.440666]]]}, "properties": {"periode": "etter_host_2025", "areal_ha": 1.28, "andel_innenfor_jaktfelt": 1.0, "jaktfelt": "Kongshov skog", "grunnlinje": "2025-09-25", "observert": "2026-09-03", "bekreftet": "2026-09-10"}}, {"type": "Feature", "geometry": {"type": "Polygon", "coordinates": [[[12.392149, 60.438972], [12.392149, 60.438718], [12.392406, 60.438718], [12.392406, 60.438761], [12.392492, 60.438761], [12.392492, 60.438888], [12.392406, 60.438888], [12.392321, 60.438972], [12.392149, 60.438972]]]}, "properties": {"periode": "etter_host_2025", "areal_ha": 0.04, "andel_innenfor_jaktfelt": 0.0, "jaktfelt": "Kongshov skog", "grunnlinje": "2025-09-25", "observert": "2026-09-03", "bekreftet": "2026-09-10"}}, {"type": "Feature", "geometry": {"type": "Polygon", "coordinates": [[[12.457552, 60.43838], [12.457552, 60.438168], [12.457724, 60.438168], [12.457724, 60.43838], [12.457552, 60.43838]]]}, "properties": {"periode": "etter_host_2025", "areal_ha": 0.02, "andel_innenfor_jaktfelt": 1.0, "jaktfelt": "Kongshov skog", "grunnlinje": "2025-09-25", "observert": "2026-09-03", "bekreftet": "2026-09-10"}}, {"type": "Feature", "geometry": {"type": "Polygon", "coordinates": [[[12.393265, 60.438507], [12.393265, 60.438464], [12.393179, 60.438464], [12.393179, 60.43838], [12.393522, 60.438295], [12.393522, 60.438125], [12.393694, 60.438125], [12.393694, 60.438168], [12.393866, 60.438168], [12.393866, 60.438125], [12.394209, 60.438125], [12.394209, 60.438168], [12.394295, 60.438168], [12.394295, 60.438464], [12.394209, 60.438464], [12.394209, 60.438507], [12.393265, 60.438507]]]}, "properties": {"periode": "etter_host_2025", "areal_ha": 0.2, "andel_innenfor_jaktfelt": 0.0, "jaktfelt": "Kongshov skog", "grunnlinje": "2025-09-25", "observert": "2026-09-03", "bekreftet": "2026-09-10"}}, {"type": "Feature", "geometry": {"type": "Polygon", "coordinates": [[[12.458839, 60.438337], [12.458839, 60.438125], [12.459011, 60.438125], [12.459011, 60.438337], [12.458839, 60.438337]]]}, "properties": {"periode": "etter_host_2025", "areal_ha": 0.02, "andel_innenfor_jaktfelt": 1.0, "jaktfelt": "Kongshov skog", "grunnlinje": "2025-09-25", "observert": "2026-09-03", "bekreftet": "2026-09-10"}}, {"type": "Feature", "geometry": {"type": "Polygon", "coordinates": [[[12.410259, 60.437533], [12.410259, 60.43749], [12.410173, 60.43749], [12.410173, 60.437406], [12.410259, 60.437406], [12.410259, 60.437363], [12.410431, 60.437363], [12.410517, 60.437448], [12.410259, 60.437533]]]}, "properties": {"periode": "etter_host_2025", "areal_ha": 0.02, "andel_innenfor_jaktfelt": 1.0, "jaktfelt": "Kongshov skog", "grunnlinje": "2025-09-25", "observert": "2026-09-03", "bekreftet": "2026-09-10"}}, {"type": "Feature", "geometry": {"type": "Polygon", "coordinates": [[[12.413263, 60.439226], [12.413263, 60.439142], [12.41292, 60.439057], [12.41292, 60.43893], [12.412319, 60.43893], [12.412319, 60.438888], [12.412233, 60.438888], [12.412233, 60.438761], [12.412405, 60.438761], [12.412405, 60.438718], [12.412233, 60.438718], [12.412233, 60.438591], [12.41189, 60.438464], [12.41189, 60.43838], [12.411804, 60.43838], [12.411804, 60.438337], [12.411633, 60.438337], [12.411461, 60.438507], [12.411375, 60.438507], [12.411375, 60.438464], [12.411032, 60.438464], [12.411032, 60.437956], [12.410946, 60.437956], [12.410946, 60.437702], [12.411118, 60.437702], [12.411118, 60.43766], [12.411203, 60.43766], [12.411203, 60.437617], [12.411032, 60.437575], [12.411032, 60.437321], [12.411118, 60.437321], [12.411289, 60.437194], [12.411461, 60.437194], [12.411633, 60.437067], [12.411976, 60.437067], [12.412148, 60.43694], [12.41292, 60.43694], [12.41292, 60.436982], [12.413092, 60.436982], [12.413092, 60.43694], [12.413177, 60.43694], [12.413177, 60.436855], [12.413092, 60.436855], [12.413092, 60.436686], [12.413263, 60.436643], [12.413263, 60.436559], [12.413177, 60.436559], [12.413177, 60.436474], [12.413006, 60.436474], [12.413006, 60.436432], [12.412834, 60.436432], [12.412834, 60.436389], [12.412748, 60.436389], [12.412834, 60.436305], [12.413177, 60.436305], [12.413263, 60.436389], [12.413435, 60.436389], [12.413521, 60.436305], [12.413692, 60.436347], [12.413692, 60.436474], [12.413778, 60.436474], [12.413778, 60.436559], [12.413692, 60.436559], [12.413692, 60.436855], [12.413435, 60.43694], [12.413435, 60.437152], [12.413864, 60.437236], [12.413864, 60.43749], [12.414036, 60.437533], [12.414036, 60.437702], [12.41395, 60.437702], [12.41395, 60.437787], [12.413864, 60.437787], [12.413864, 60.437914], [12.413778, 60.437914], [12.413778, 60.437956], [12.413692, 60.437956], [12.413692, 60.438041], [12.413607, 60.438041], [12.413607, 60.438083], [12.413692, 60.438083], [12.413607, 60.438168], [12.413692, 60.438168], [12.413692, 60.438253], [12.413864, 60.438295], [12.413864, 60.438676], [12.41395, 60.438676], [12.41395, 60.438888], [12.414036, 60.438888], [12.414036, 60.438972], [12.41395, 60.438972], [12.41395, 60.439015], [12.413435, 60.438972], [12.413435, 60.439226], [12.413263, 60.439226]], [[12.412233, 60.438549], [12.412405, 60.438549], [12.412405, 60.438507], [12.412491, 60.438507], [12.412491, 60.438253], [12.412405, 60.438253], [12.412405, 60.43821], [12.412233, 60.43821], [12.412233, 60.438253], [12.412148, 60.438253], [12.412148, 60.438507], [12.412233, 60.438507], [12.412233, 60.438549]]]}, "properties": {"periode": "etter_host_2025", "areal_ha": 3.14, "andel_innenfor_jaktfelt": 1.0, "jaktfelt": "Kongshov skog", "grunnlinje": "2025-09-25", "observert": "2026-09-03", "bekreftet": "2026-09-10"}}, {"type": "Feature", "geometry": {"type": "Polygon", "coordinates": [[[12.457895, 60.436474], [12.457895, 60.436093], [12.458067, 60.436093], [12.458067, 60.436474], [12.457895, 60.436474]]]}, "properties": {"periode": "etter_host_2025", "areal_ha": 0.04, "andel_innenfor_jaktfelt": 1.0, "jaktfelt": "Kongshov skog", "grunnlinje": "2025-09-25", "observert": "2026-09-03", "bekreftet": "2026-09-10"}}, {"type": "Feature", "geometry": {"type": "Polygon", "coordinates": [[[12.387514, 60.435415], [12.387428, 60.435331], [12.387772, 60.435246], [12.387772, 60.435076], [12.388029, 60.435076], [12.388029, 60.435119], [12.388115, 60.435119], [12.388115, 60.435204], [12.388458, 60.435204], [12.388458, 60.435246], [12.388544, 60.435246], [12.388544, 60.435373], [12.388458, 60.435373], [12.388458, 60.435415], [12.387514, 60.435415]]]}, "properties": {"periode": "etter_host_2025", "areal_ha": 0.14, "andel_innenfor_jaktfelt": 0.0, "jaktfelt": "Kongshov skog", "grunnlinje": "2025-09-25", "observert": "2026-09-03", "bekreftet": "2026-09-10"}}, {"type": "Feature", "geometry": {"type": "Polygon", "coordinates": [[[12.387342, 60.434611], [12.387342, 60.434484], [12.387686, 60.434484], [12.387686, 60.434187], [12.387857, 60.434187], [12.387857, 60.434568], [12.387514, 60.434568], [12.387514, 60.434611], [12.387342, 60.434611]]]}, "properties": {"periode": "etter_host_2025", "areal_ha": 0.06, "andel_innenfor_jaktfelt": 0.0, "jaktfelt": "Kongshov skog", "grunnlinje": "2025-09-25", "observert": "2026-09-03", "bekreftet": "2026-09-10"}}, {"type": "Feature", "geometry": {"type": "Polygon", "coordinates": [[[12.390432, 60.435796], [12.390347, 60.435712], [12.390089, 60.435712], [12.390089, 60.435669], [12.390003, 60.435669], [12.390003, 60.4355], [12.389917, 60.4355], [12.389917, 60.435458], [12.389746, 60.4355], [12.389746, 60.435585], [12.389574, 60.435585], [12.389574, 60.435542], [12.389402, 60.4355], [12.389402, 60.435415], [12.389231, 60.435373], [12.389231, 60.435288], [12.388973, 60.435288], [12.388973, 60.435246], [12.388887, 60.435246], [12.388887, 60.434907], [12.388802, 60.434907], [12.388802, 60.434865], [12.38863, 60.434865], [12.38863, 60.434822], [12.388458, 60.434822], [12.388458, 60.434738], [12.388287, 60.434738], [12.388287, 60.434695], [12.388201, 60.434695], [12.388201, 60.434441], [12.388544, 60.434314], [12.388544, 60.434187], [12.38863, 60.434187], [12.38863, 60.434145], [12.388802, 60.434145], [12.388973, 60.434272], [12.389145, 60.434272], [12.389145, 60.434229], [12.389317, 60.434229], [12.389317, 60.434187], [12.38966, 60.434187], [12.38966, 60.434145], [12.389832, 60.434145], [12.389832, 60.434187], [12.390175, 60.434229], [12.390175, 60.434272], [12.390261, 60.434272], [12.390261, 60.434357], [12.390518, 60.434357], [12.390604, 60.434441], [12.390862, 60.434441], [12.390862, 60.434484], [12.390947, 60.434484], [12.390947, 60.434568], [12.391119, 60.434611], [12.391119, 60.434738], [12.391634, 60.434738], [12.391634, 60.434695], [12.39172, 60.434695], [12.39172, 60.434357], [12.391806, 60.434357], [12.391806, 60.434314], [12.391977, 60.434314], [12.391977, 60.434441], [12.391891, 60.434441], [12.391891, 60.434484], [12.391977, 60.434484], [12.391977, 60.434568], [12.392063, 60.434568], [12.392063, 60.434738], [12.392149, 60.434738], [12.392149, 60.43478], [12.392321, 60.43478], [12.392321, 60.434822], [12.392492, 60.434865], [12.392492, 60.434992], [12.392321, 60.435034], [12.392321, 60.435161], [12.392149, 60.435204], [12.392063, 60.435119], [12.391891, 60.435119], [12.39172, 60.435246], [12.391634, 60.435246], [12.391548, 60.435161], [12.391291, 60.435161], [12.391291, 60.435204], [12.391119, 60.435246], [12.391033, 60.435754], [12.39069, 60.435712], [12.390604, 60.435796], [12.390432, 60.435796]]]}, "properties": {"periode": "etter_host_2025", "areal_ha": 2.37, "andel_innenfor_jaktfelt": 0.0, "jaktfelt": "Kongshov skog", "grunnlinje": "2025-09-25", "observert": "2026-09-03", "bekreftet": "2026-09-10"}}, {"type": "Feature", "geometry": {"type": "Polygon", "coordinates": [[[12.45575, 60.434357], [12.45575, 60.434314], [12.455664, 60.434314], [12.455664, 60.434102], [12.455835, 60.43406], [12.455835, 60.433975], [12.455921, 60.433975], [12.455921, 60.433933], [12.456264, 60.433933], [12.456264, 60.433975], [12.456436, 60.433975], [12.456436, 60.434145], [12.45635, 60.434145], [12.45635, 60.434187], [12.455835, 60.434145], [12.455921, 60.434357], [12.45575, 60.434357]]]}, "properties": {"periode": "etter_host_2025", "areal_ha": 0.11, "andel_innenfor_jaktfelt": 1.0, "jaktfelt": "Kongshov skog", "grunnlinje": "2025-09-25", "observert": "2026-09-03", "bekreftet": "2026-09-10"}}, {"type": "Feature", "geometry": {"type": "Polygon", "coordinates": [[[12.388029, 60.43406], [12.388029, 60.433891], [12.388115, 60.433891], [12.388115, 60.433848], [12.388287, 60.433848], [12.388201, 60.43406], [12.388029, 60.43406]]]}, "properties": {"periode": "etter_host_2025", "areal_ha": 0.03, "andel_innenfor_jaktfelt": 0.0, "jaktfelt": "Kongshov skog", "grunnlinje": "2025-09-25", "observert": "2026-09-03", "bekreftet": "2026-09-10"}}, {"type": "Feature", "geometry": {"type": "Polygon", "coordinates": [[[12.428627, 60.434102], [12.428627, 60.43406], [12.428541, 60.43406], [12.428541, 60.433933], [12.427855, 60.433891], [12.42794, 60.433721], [12.427597, 60.433721], [12.427597, 60.433594], [12.427511, 60.433594], [12.427511, 60.433552], [12.427254, 60.433552], [12.427254, 60.433467], [12.42734, 60.433467], [12.42734, 60.433425], [12.427511, 60.433425], [12.427511, 60.43334], [12.427597, 60.43334], [12.427597, 60.432959], [12.427511, 60.432959], [12.427511, 60.432917], [12.427168, 60.43279], [12.427168, 60.432578], [12.427082, 60.432578], [12.427082, 60.432535], [12.426739, 60.432408], [12.426739, 60.431985], [12.427082, 60.431858], [12.427082, 60.431561], [12.426996, 60.431561], [12.426996, 60.431434], [12.427082, 60.431434], [12.42734, 60.431265], [12.427683, 60.431265], [12.427855, 60.431138], [12.428713, 60.431138], [12.428799, 60.431222], [12.429142, 60.431222], [12.429142, 60.431265], [12.429399, 60.431265], [12.429399, 60.431222], [12.429743, 60.431222], [12.429743, 60.431265], [12.430944, 60.431265], [12.430944, 60.431307], [12.43103, 60.431307], [12.43103, 60.431773], [12.430687, 60.431815], [12.430687, 60.431942], [12.430773, 60.431942], [12.430773, 60.431985], [12.43103, 60.431985], [12.431202, 60.432154], [12.431459, 60.432154], [12.431459, 60.432197], [12.431631, 60.432197], [12.431631, 60.432154], [12.431717, 60.432154], [12.431717, 60.432197], [12.431803, 60.432197], [12.431889, 60.432408], [12.431803, 60.432408], [12.431803, 60.432451], [12.431459, 60.432451], [12.431459, 60.432493], [12.430944, 60.432493], [12.430944, 60.432535], [12.429743, 60.432493], [12.429743, 60.433086], [12.429657, 60.433086], [12.429657, 60.433128], [12.429399, 60.433128], [12.429399, 60.433255], [12.429571, 60.433255], [12.429571, 60.433298], [12.429743, 60.433298], [12.429743, 60.43334], [12.430172, 60.43334], [12.430172, 60.433382], [12.430515, 60.433509], [12.430515, 60.433721], [12.430429, 60.433721], [12.430429, 60.433764], [12.430086, 60.433764], [12.430086, 60.433848], [12.429743, 60.433806], [12.429743, 60.433848], [12.429657, 60.433848], [12.429657, 60.433891], [12.429571, 60.433891], [12.429571, 60.433933], [12.429485, 60.433933], [12.429228, 60.434102], [12.428627, 60.434102]]]}, "properties": {"periode": "etter_host_2025", "areal_ha": 5.51, "andel_innenfor_jaktfelt": 1.0, "jaktfelt": "Kongshov skog", "grunnlinje": "2025-09-25", "observert": "2026-09-03", "bekreftet": "2026-09-10"}}, {"type": "Feature", "geometry": {"type": "Polygon", "coordinates": [[[12.385283, 60.4319], [12.385283, 60.431858], [12.384939, 60.431731], [12.384939, 60.431646], [12.384596, 60.431604], [12.384596, 60.431519], [12.38451, 60.431519], [12.38451, 60.431349], [12.384338, 60.431349], [12.384338, 60.431561], [12.384167, 60.431561], [12.384081, 60.431349], [12.383566, 60.431349], [12.383566, 60.431392], [12.383394, 60.431349], [12.383394, 60.431265], [12.38348, 60.431265], [12.38348, 60.431222], [12.383566, 60.431222], [12.383566, 60.431265], [12.383738, 60.431265], [12.383738, 60.431222], [12.384081, 60.431222], [12.384081, 60.431138], [12.384167, 60.431138], [12.384167, 60.431095], [12.384424, 60.431095], [12.384424, 60.430841], [12.38451, 60.430841], [12.38451, 60.430757], [12.384424, 60.430757], [12.384424, 60.43046], [12.384338, 60.43046], [12.384338, 60.429994], [12.384253, 60.429994], [12.384253, 60.429952], [12.384081, 60.429952], [12.384081, 60.429909], [12.383995, 60.429909], [12.383995, 60.429825], [12.384081, 60.429825], [12.384081, 60.429782], [12.384167, 60.429782], [12.384167, 60.42974], [12.384253, 60.42974], [12.38451, 60.429571], [12.384682, 60.429613], [12.384682, 60.42974], [12.385197, 60.42974], [12.385283, 60.429825], [12.385798, 60.429825], [12.385883, 60.429909], [12.386055, 60.429909], [12.386055, 60.429867], [12.386141, 60.429867], [12.386141, 60.429782], [12.386312, 60.42974], [12.386484, 60.429867], [12.386999, 60.429867], [12.386999, 60.429909], [12.387085, 60.429909], [12.387085, 60.429994], [12.387257, 60.430036], [12.387257, 60.430121], [12.387085, 60.430164], [12.387085, 60.430333], [12.386913, 60.430375], [12.386913, 60.430545], [12.387342, 60.430629], [12.387342, 60.431095], [12.387257, 60.431095], [12.387257, 60.431138], [12.387085, 60.431138], [12.386999, 60.431053], [12.386742, 60.431053], [12.386656, 60.431138], [12.386312, 60.431138], [12.386312, 60.431265], [12.386227, 60.431265], [12.386141, 60.431349], [12.385969, 60.431349], [12.385969, 60.431392], [12.385883, 60.431392], [12.385883, 60.431477], [12.385969, 60.431477], [12.385969, 60.431519], [12.386398, 60.431519], [12.386398, 60.431477], [12.38657, 60.431477], [12.38657, 60.431519], [12.386656, 60.431519], [12.386656, 60.431731], [12.38657, 60.431731], [12.38657, 60.431773], [12.386312, 60.431773], [12.386227, 60.431858], [12.38554, 60.431858], [12.38554, 60.4319], [12.385283, 60.4319]]]}, "properties": {"periode": "etter_host_2025", "areal_ha": 3.18, "andel_innenfor_jaktfelt": 0.0, "jaktfelt": "Kongshov skog", "grunnlinje": "2025-09-25", "observert": "2026-09-03", "bekreftet": "2026-09-10"}}, {"type": "Feature", "geometry": {"type": "Polygon", "coordinates": [[[12.430429, 60.428766], [12.430429, 60.428723], [12.430344, 60.428723], [12.430344, 60.428427], [12.43, 60.428342], [12.43, 60.428257], [12.430086, 60.428257], [12.430086, 60.428215], [12.430344, 60.428215], [12.430344, 60.428257], [12.430429, 60.428257], [12.430429, 60.4283], [12.430515, 60.4283], [12.430773, 60.428469], [12.431116, 60.428469], [12.431116, 60.428512], [12.431459, 60.428639], [12.431374, 60.428723], [12.431116, 60.428723], [12.431116, 60.428766], [12.430429, 60.428766]]]}, "properties": {"periode": "etter_host_2025", "areal_ha": 0.23, "andel_innenfor_jaktfelt": 1.0, "jaktfelt": "Kongshov skog", "grunnlinje": "2025-09-25", "observert": "2026-09-03", "bekreftet": "2026-09-10"}}, {"type": "Feature", "geometry": {"type": "Polygon", "coordinates": [[[12.430687, 60.427834], [12.430515, 60.427664], [12.429657, 60.427707], [12.429657, 60.427664], [12.429485, 60.427622], [12.429485, 60.427537], [12.429657, 60.427495], [12.429657, 60.42741], [12.429743, 60.42741], [12.429743, 60.427368], [12.429829, 60.427368], [12.429829, 60.427326], [12.430172, 60.427198], [12.430172, 60.427029], [12.430258, 60.427029], [12.430344, 60.426944], [12.430773, 60.426944], [12.430773, 60.426987], [12.430859, 60.426987], [12.430859, 60.427029], [12.430944, 60.427029], [12.430944, 60.427071], [12.431288, 60.427198], [12.431288, 60.42741], [12.431717, 60.427495], [12.431717, 60.427622], [12.431631, 60.427622], [12.431631, 60.427792], [12.431545, 60.427792], [12.431545, 60.427834], [12.43103, 60.427834], [12.43103, 60.427792], [12.430687, 60.427834]]]}, "properties": {"periode": "etter_host_2025", "areal_ha": 0.73, "andel_innenfor_jaktfelt": 1.0, "jaktfelt": "Kongshov skog", "grunnlinje": "2025-09-25", "observert": "2026-09-03", "bekreftet": "2026-09-10"}}, {"type": "Feature", "geometry": {"type": "Polygon", "coordinates": [[[12.457552, 60.422115], [12.457552, 60.422073], [12.457466, 60.422073], [12.457466, 60.421988], [12.457638, 60.421945], [12.457552, 60.421734], [12.457724, 60.421691], [12.457724, 60.421734], [12.457895, 60.421776], [12.457981, 60.421988], [12.457895, 60.421988], [12.457724, 60.422115], [12.457552, 60.422115]]]}, "properties": {"periode": "etter_host_2025", "areal_ha": 0.08, "andel_innenfor_jaktfelt": 0.0, "jaktfelt": "Kongshov skog", "grunnlinje": "2025-09-25", "observert": "2026-09-03", "bekreftet": "2026-09-10"}}, {"type": "Feature", "geometry": {"type": "Polygon", "coordinates": [[[12.420473, 60.421734], [12.420473, 60.421691], [12.420387, 60.421691], [12.420387, 60.421479], [12.420559, 60.421437], [12.420473, 60.421225], [12.420645, 60.421183], [12.420645, 60.421056], [12.420731, 60.421056], [12.420731, 60.421013], [12.420988, 60.421013], [12.420988, 60.421056], [12.42116, 60.421098], [12.42116, 60.421183], [12.421074, 60.421183], [12.42116, 60.421395], [12.420902, 60.421479], [12.420902, 60.421691], [12.420816, 60.421691], [12.420816, 60.421734], [12.420473, 60.421734]]]}, "properties": {"periode": "etter_host_2025", "areal_ha": 0.22, "andel_innenfor_jaktfelt": 1.0, "jaktfelt": "Kongshov skog", "grunnlinje": "2025-09-25", "observert": "2026-09-03", "bekreftet": "2026-09-10"}}, {"type": "Feature", "geometry": {"type": "Polygon", "coordinates": [[[12.402706, 60.421183], [12.402534, 60.421056], [12.40262, 60.421056], [12.40262, 60.421013], [12.402964, 60.421013], [12.403049, 60.421098], [12.402964, 60.421098], [12.402878, 60.421183], [12.402706, 60.421183]]]}, "properties": {"periode": "etter_host_2025", "areal_ha": 0.04, "andel_innenfor_jaktfelt": 0.0, "jaktfelt": "Kongshov skog", "grunnlinje": "2025-09-25", "observert": "2026-09-03", "bekreftet": "2026-09-10"}}, {"type": "Feature", "geometry": {"type": "Polygon", "coordinates": [[[12.427511, 60.421268], [12.427511, 60.421225], [12.427425, 60.421225], [12.427425, 60.421013], [12.427511, 60.421013], [12.427683, 60.420886], [12.42794, 60.420886], [12.42794, 60.420844], [12.428026, 60.420844], [12.428026, 60.420759], [12.428198, 60.420759], [12.428198, 60.420801], [12.428112, 60.420801], [12.428112, 60.421013], [12.428026, 60.421013], [12.428026, 60.421056], [12.427855, 60.421056], [12.427855, 60.421098], [12.427769, 60.421098], [12.427769, 60.421183], [12.427511, 60.421268]]]}, "properties": {"periode": "etter_host_2025", "areal_ha": 0.1, "andel_innenfor_jaktfelt": 1.0, "jaktfelt": "Kongshov skog", "grunnlinje": "2025-09-25", "observert": "2026-09-03", "bekreftet": "2026-09-10"}}, {"type": "Feature", "geometry": {"type": "Polygon", "coordinates": [[[12.426052, 60.420971], [12.426052, 60.420929], [12.425966, 60.420929], [12.425966, 60.420844], [12.425795, 60.420801], [12.425795, 60.420717], [12.42588, 60.420717], [12.42588, 60.420674], [12.426224, 60.420674], [12.42631, 60.420759], [12.426567, 60.420759], [12.426567, 60.420801], [12.426653, 60.420801], [12.426653, 60.420886], [12.426567, 60.420886], [12.426567, 60.420929], [12.426395, 60.420929], [12.426395, 60.420971], [12.426052, 60.420971]]]}, "properties": {"periode": "etter_host_2025", "areal_ha": 0.1, "andel_innenfor_jaktfelt": 0.6, "jaktfelt": "Kongshov skog", "grunnlinje": "2025-09-25", "observert": "2026-09-03", "bekreftet": "2026-09-10"}}, {"type": "Feature", "geometry": {"type": "Polygon", "coordinates": [[[12.425194, 60.420632], [12.425194, 60.42059], [12.425022, 60.420547], [12.425022, 60.420463], [12.425194, 60.420463], [12.425194, 60.42042], [12.425537, 60.42042], [12.425537, 60.420505], [12.425194, 60.420632]]]}, "properties": {"periode": "etter_host_2025", "areal_ha": 0.04, "andel_innenfor_jaktfelt": 1.0, "jaktfelt": "Kongshov skog", "grunnlinje": "2025-09-25", "observert": "2026-09-03", "bekreftet": "2026-09-10"}}, {"type": "Feature", "geometry": {"type": "Polygon", "coordinates": [[[12.458067, 60.420081], [12.458067, 60.420039], [12.457981, 60.420039], [12.457981, 60.419954], [12.458067, 60.419954], [12.458067, 60.419912], [12.458239, 60.419912], [12.458239, 60.420081], [12.458067, 60.420081]]]}, "properties": {"periode": "etter_host_2025", "areal_ha": 0.02, "andel_innenfor_jaktfelt": 0.0, "jaktfelt": "Kongshov skog", "grunnlinje": "2025-09-25", "observert": "2026-09-03", "bekreftet": "2026-09-10"}}, {"type": "Feature", "geometry": {"type": "Polygon", "coordinates": [[[12.433004, 60.421522], [12.433004, 60.421479], [12.432661, 60.421479], [12.432661, 60.421437], [12.432489, 60.421437], [12.432489, 60.421395], [12.432146, 60.421395], [12.431974, 60.421268], [12.431803, 60.421268], [12.431717, 60.421352], [12.430859, 60.421352], [12.430859, 60.421395], [12.430773, 60.421395], [12.430773, 60.421352], [12.430687, 60.421352], [12.430687, 60.42131], [12.430344, 60.421183], [12.430344, 60.421098], [12.430258, 60.421098], [12.430172, 60.421013], [12.429657, 60.421013], [12.429657, 60.420971], [12.429571, 60.420971], [12.429571, 60.420886], [12.429056, 60.420886], [12.429056, 60.420844], [12.42897, 60.420844], [12.42897, 60.420717], [12.429056, 60.420717], [12.429142, 60.420632], [12.429399, 60.420632], [12.429571, 60.420505], [12.430086, 60.420505], [12.430258, 60.420674], [12.430515, 60.420674], [12.430515, 60.420632], [12.430773, 60.420547], [12.430773, 60.42042], [12.430687, 60.42042], [12.430687, 60.420378], [12.430429, 60.420378], [12.430429, 60.420335], [12.430086, 60.420378], [12.430086, 60.420208], [12.429829, 60.420124], [12.429829, 60.420039], [12.43, 60.419996], [12.43, 60.419742], [12.430086, 60.419742], [12.430086, 60.419615], [12.430172, 60.419615], [12.430172, 60.419573], [12.430515, 60.419573], [12.430773, 60.419742], [12.431631, 60.419742], [12.431631, 60.4197], [12.431717, 60.4197], [12.431717, 60.419658], [12.431889, 60.419658], [12.43206, 60.41953], [12.432404, 60.41953], [12.432404, 60.419573], [12.432489, 60.419573], [12.432489, 60.419615], [12.432404, 60.419615], [12.432489, 60.419785], [12.432404, 60.419785], [12.432318, 60.419869], [12.432146, 60.419869], [12.432146, 60.419912], [12.43206, 60.419912], [12.43206, 60.419996], [12.432146, 60.419996], [12.432146, 60.420039], [12.432232, 60.420039], [12.432232, 60.420124], [12.432404, 60.420166], [12.432318, 60.420378], [12.432232, 60.420378], [12.432232, 60.42042], [12.43206, 60.42042], [12.43206, 60.420463], [12.431717, 60.420463], [12.431717, 60.42059], [12.432146, 60.42059], [12.432146, 60.420632], [12.432747, 60.42059], [12.432747, 60.420632], [12.432833, 60.420632], [12.432833, 60.420717], [12.432575, 60.420717], [12.432575, 60.420759], [12.432489, 60.420759], [12.432489, 60.420844], [12.432575, 60.420844], [12.432747, 60.420971], [12.432919, 60.420971], [12.432919, 60.420929], [12.433004, 60.420929], [12.433262, 60.420759], [12.433519, 60.420759], [12.433519, 60.420801], [12.433691, 60.420801], [12.433691, 60.420759], [12.434292, 60.420759], [12.434378, 60.420844], [12.434807, 60.420844], [12.434549, 60.421013], [12.434378, 60.421013], [12.434378, 60.421056], [12.434292, 60.421056], [12.434292, 60.421225], [12.434206, 60.421225], [12.433949, 60.421395], [12.433691, 60.421395], [12.433605, 60.421479], [12.433176, 60.421479], [12.433176, 60.421522], [12.433004, 60.421522]]]}, "properties": {"periode": "etter_host_2025", "areal_ha": 3.18, "andel_innenfor_jaktfelt": 1.0, "jaktfelt": "Kongshov skog", "grunnlinje": "2025-09-25", "observert": "2026-09-03", "bekreftet": "2026-09-10"}}, {"type": "Feature", "geometry": {"type": "Polygon", "coordinates": [[[12.404251, 60.41953], [12.404165, 60.419446], [12.404251, 60.419446], [12.404337, 60.419361], [12.404594, 60.419361], [12.404594, 60.419403], [12.40468, 60.419403], [12.40468, 60.419488], [12.404594, 60.419488], [12.404594, 60.41953], [12.404251, 60.41953]]]}, "properties": {"periode": "etter_host_2025", "areal_ha": 0.04, "andel_innenfor_jaktfelt": 0.0, "jaktfelt": "Kongshov skog", "grunnlinje": "2025-09-25", "observert": "2026-09-03", "bekreftet": "2026-09-10"}}, {"type": "Feature", "geometry": {"type": "Polygon", "coordinates": [[[12.427082, 60.420759], [12.427082, 60.420674], [12.427168, 60.420674], [12.427168, 60.42059], [12.427254, 60.42059], [12.427254, 60.420463], [12.427511, 60.420378], [12.427511, 60.419827], [12.427425, 60.419827], [12.427425, 60.419785], [12.427254, 60.419785], [12.427254, 60.419742], [12.427168, 60.419742], [12.427168, 60.419658], [12.426825, 60.419573], [12.426825, 60.419446], [12.42691, 60.419446], [12.42691, 60.419403], [12.427082, 60.419403], [12.427168, 60.419319], [12.427683, 60.419319], [12.427683, 60.419276], [12.427855, 60.419276], [12.427855, 60.419319], [12.42794, 60.419319], [12.42794, 60.419488], [12.428112, 60.41953], [12.428112, 60.419658], [12.428198, 60.419658], [12.428198, 60.4197], [12.42837, 60.419742], [12.42837, 60.419827], [12.428541, 60.419869], [12.428541, 60.420039], [12.428627, 60.420039], [12.428627, 60.420081], [12.428799, 60.420081], [12.428799, 60.420124], [12.42897, 60.420166], [12.42897, 60.42042], [12.428885, 60.42042], [12.428885, 60.420463], [12.428713, 60.420463], [12.428713, 60.42042], [12.42837, 60.42042], [12.42837, 60.420463], [12.428284, 60.420463], [12.428284, 60.420632], [12.427855, 60.420632], [12.427683, 60.420759], [12.427082, 60.420759]]]}, "properties": {"periode": "etter_host_2025", "areal_ha": 0.98, "andel_innenfor_jaktfelt": 0.26, "jaktfelt": "Kongshov skog", "grunnlinje": "2025-09-25", "observert": "2026-09-03", "bekreftet": "2026-09-10"}}, {"type": "Feature", "geometry": {"type": "Polygon", "coordinates": [[[12.436609, 60.419615], [12.436523, 60.41953], [12.43618, 60.41953], [12.43618, 60.419488], [12.436008, 60.419446], [12.436008, 60.419361], [12.436438, 60.419361], [12.436438, 60.419319], [12.43721, 60.419319], [12.43721, 60.419276], [12.437382, 60.419276], [12.437382, 60.419319], [12.437639, 60.419319], [12.437639, 60.419361], [12.437725, 60.419361], [12.437725, 60.419403], [12.437639, 60.419403], [12.437382, 60.419573], [12.436781, 60.41953], [12.436781, 60.419573], [12.436609, 60.419615]]]}, "properties": {"periode": "etter_host_2025", "areal_ha": 0.21, "andel_innenfor_jaktfelt": 0.52, "jaktfelt": "Kongshov skog", "grunnlinje": "2025-09-25", "observert": "2026-09-03", "bekreftet": "2026-09-10"}}, {"type": "Feature", "geometry": {"type": "Polygon", "coordinates": [[[12.430515, 60.419488], [12.430515, 60.419446], [12.430429, 60.419446], [12.430429, 60.419403], [12.430515, 60.419403], [12.430515, 60.419191], [12.430601, 60.419191], [12.430859, 60.419022], [12.431288, 60.419022], [12.431288, 60.419064], [12.431374, 60.419064], [12.431374, 60.419149], [12.432232, 60.419149], [12.432232, 60.419191], [12.432318, 60.419191], [12.432318, 60.419319], [12.432232, 60.419319], [12.432232, 60.419361], [12.431374, 60.419361], [12.431374, 60.419403], [12.43103, 60.419361], [12.430859, 60.419488], [12.430515, 60.419488]]]}, "properties": {"periode": "etter_host_2025", "areal_ha": 0.31, "andel_innenfor_jaktfelt": 0.0, "jaktfelt": "Kongshov skog", "grunnlinje": "2025-09-25", "observert": "2026-09-03", "bekreftet": "2026-09-10"}}, {"type": "Feature", "geometry": {"type": "Polygon", "coordinates": [[[12.40262, 60.419149], [12.40262, 60.419107], [12.402449, 60.419064], [12.402449, 60.418937], [12.402534, 60.418937], [12.402534, 60.418895], [12.402878, 60.418895], [12.402878, 60.419022], [12.402792, 60.419022], [12.402792, 60.419107], [12.40262, 60.419149]]]}, "properties": {"periode": "etter_host_2025", "areal_ha": 0.05, "andel_innenfor_jaktfelt": 0.0, "jaktfelt": "Kongshov skog", "grunnlinje": "2025-09-25", "observert": "2026-09-03", "bekreftet": "2026-09-10"}}, {"type": "Feature", "geometry": {"type": "Polygon", "coordinates": [[[12.404852, 60.418556], [12.404852, 60.418514], [12.404766, 60.418514], [12.404852, 60.418429], [12.405195, 60.418429], [12.405281, 60.418344], [12.405453, 60.418386], [12.405367, 60.418471], [12.405109, 60.418471], [12.405109, 60.418514], [12.404938, 60.418514], [12.404938, 60.418556], [12.404852, 60.418556]]]}, "properties": {"periode": "etter_host_2025", "areal_ha": 0.03, "andel_innenfor_jaktfelt": 0.0, "jaktfelt": "Kongshov skog", "grunnlinje": "2025-09-25", "observert": "2026-09-03", "bekreftet": "2026-09-10"}}, {"type": "Feature", "geometry": {"type": "Polygon", "coordinates": [[[12.460728, 60.417963], [12.460728, 60.41792], [12.46047, 60.417836], [12.46047, 60.417708], [12.460556, 60.417708], [12.460556, 60.417666], [12.460728, 60.417666], [12.460728, 60.417751], [12.460814, 60.417751], [12.460814, 60.417836], [12.460899, 60.417836], [12.460899, 60.41792], [12.460728, 60.417963]]]}, "properties": {"periode": "etter_host_2025", "areal_ha": 0.05, "andel_innenfor_jaktfelt": 0.0, "jaktfelt": "Kongshov skog", "grunnlinje": "2025-09-25", "observert": "2026-09-03", "bekreftet": "2026-09-10"}}, {"type": "Feature", "geometry": {"type": "Polygon", "coordinates": [[[12.427425, 60.417963], [12.427425, 60.41792], [12.42734, 60.41792], [12.42734, 60.417708], [12.427425, 60.417708], [12.427425, 60.417624], [12.427769, 60.417497], [12.427769, 60.417327], [12.428198, 60.417327], [12.428198, 60.417369], [12.428284, 60.417369], [12.428284, 60.417454], [12.428455, 60.417497], [12.428455, 60.417581], [12.428284, 60.417624], [12.428284, 60.417708], [12.428455, 60.417751], [12.428455, 60.417836], [12.42794, 60.417836], [12.427855, 60.41792], [12.427511, 60.41792], [12.427511, 60.417963], [12.427425, 60.417963]]]}, "properties": {"periode": "etter_host_2025", "areal_ha": 0.28, "andel_innenfor_jaktfelt": 0.0, "jaktfelt": "Kongshov skog", "grunnlinje": "2025-09-25", "observert": "2026-09-03", "bekreftet": "2026-09-10"}}, {"type": "Feature", "geometry": {"type": "Polygon", "coordinates": [[[12.422962, 60.416776], [12.422962, 60.416734], [12.422791, 60.416734], [12.422791, 60.416692], [12.422705, 60.416692], [12.422705, 60.41648], [12.422447, 60.41648], [12.422361, 60.416564], [12.422104, 60.416564], [12.422104, 60.416522], [12.422018, 60.416522], [12.422018, 60.41648], [12.42219, 60.416437], [12.42219, 60.416268], [12.422276, 60.416268], [12.422276, 60.416183], [12.422104, 60.416183], [12.422104, 60.416141], [12.422018, 60.416141], [12.422018, 60.416056], [12.421846, 60.416014], [12.421846, 60.415929], [12.421503, 60.415802], [12.421503, 60.415717], [12.421589, 60.415717], [12.421503, 60.415505], [12.42116, 60.415378], [12.42116, 60.415166], [12.421331, 60.415124], [12.421246, 60.414954], [12.42219, 60.414954], [12.422276, 60.415039], [12.423306, 60.414997], [12.423391, 60.415081], [12.423649, 60.415081], [12.423649, 60.415124], [12.423906, 60.415208], [12.423906, 60.415802], [12.423992, 60.415802], [12.423992, 60.415844], [12.424335, 60.415971], [12.424335, 60.416098], [12.424507, 60.416141], [12.424507, 60.416692], [12.424335, 60.416692], [12.424335, 60.416564], [12.42425, 60.416564], [12.42425, 60.416522], [12.42382, 60.416522], [12.423649, 60.416649], [12.423306, 60.416692], [12.42322, 60.416776], [12.422962, 60.416776]]]}, "properties": {"periode": "etter_host_2025", "areal_ha": 2.41, "andel_innenfor_jaktfelt": 0.0, "jaktfelt": "Kongshov skog", "grunnlinje": "2025-09-25", "observert": "2026-09-03", "bekreftet": "2026-09-10"}}, {"type": "Feature", "geometry": {"type": "Polygon", "coordinates": [[[12.405453, 60.458911], [12.405453, 60.458868], [12.405281, 60.458868], [12.405195, 60.458784], [12.405281, 60.458784], [12.405539, 60.458614], [12.405796, 60.458614], [12.405796, 60.458657], [12.405882, 60.458657], [12.405882, 60.458741], [12.405796, 60.458741], [12.405796, 60.458699], [12.405539, 60.458699], [12.405539, 60.458741], [12.405367, 60.458784], [12.405367, 60.458826], [12.405539, 60.458868], [12.405539, 60.458911], [12.405453, 60.458911]]]}, "properties": {"periode": "host_2024_til_host_2025", "areal_ha": 0.04, "andel_innenfor_jaktfelt": 0.0, "jaktfelt": "Kongshov skog", "grunnlinje": "2024-09-15", "observert": "2026-09-03", "bekreftet": "2026-09-10"}}, {"type": "Feature", "geometry": {"type": "Polygon", "coordinates": [[[12.406483, 60.458741], [12.406483, 60.458699], [12.406397, 60.458699], [12.406397, 60.458487], [12.406483, 60.458487], [12.406483, 60.45853], [12.406569, 60.45853], [12.406569, 60.458614], [12.40674, 60.458657], [12.40674, 60.458741], [12.406483, 60.458741]]]}, "properties": {"periode": "host_2024_til_host_2025", "areal_ha": 0.03, "andel_innenfor_jaktfelt": 0.0, "jaktfelt": "Kongshov skog", "grunnlinje": "2024-09-15", "observert": "2026-09-03", "bekreftet": "2026-09-10"}}, {"type": "Feature", "geometry": {"type": "Polygon", "coordinates": [[[12.416182, 60.458487], [12.416182, 60.458403], [12.41704, 60.458403], [12.41704, 60.458487], [12.416182, 60.458487]]]}, "properties": {"periode": "host_2024_til_host_2025", "areal_ha": 0.04, "andel_innenfor_jaktfelt": 0.0, "jaktfelt": "Kongshov skog", "grunnlinje": "2024-09-15", "observert": "2026-09-03", "bekreftet": "2026-09-10"}}, {"type": "Feature", "geometry": {"type": "Polygon", "coordinates": [[[12.417383, 60.458318], [12.417383, 60.458276], [12.417297, 60.458276], [12.417297, 60.458233], [12.417383, 60.458233], [12.417383, 60.458064], [12.417727, 60.458022], [12.417812, 60.457937], [12.418156, 60.457937], [12.418156, 60.457895], [12.418327, 60.457937], [12.418156, 60.458107], [12.417812, 60.458149], [12.417555, 60.458318], [12.417383, 60.458318]]]}, "properties": {"periode": "host_2024_til_host_2025", "areal_ha": 0.12, "andel_innenfor_jaktfelt": 0.0, "jaktfelt": "Kongshov skog", "grunnlinje": "2024-09-15", "observert": "2026-09-03", "bekreftet": "2026-09-10"}}, {"type": "Feature", "geometry": {"type": "Polygon", "coordinates": [[[12.44442, 60.457768], [12.44442, 60.457726], [12.444506, 60.457726], [12.444506, 60.457683], [12.44442, 60.457683], [12.44442, 60.457556], [12.444506, 60.457556], [12.444506, 60.457641], [12.444677, 60.457641], [12.444677, 60.457599], [12.444763, 60.457599], [12.444763, 60.457726], [12.444849, 60.457726], [12.444849, 60.457768], [12.44442, 60.457768]]]}, "properties": {"periode": "host_2024_til_host_2025", "areal_ha": 0.03, "andel_innenfor_jaktfelt": 0.0, "jaktfelt": "Kongshov skog", "grunnlinje": "2024-09-15", "observert": "2026-09-03", "bekreftet": "2026-09-10"}}, {"type": "Feature", "geometry": {"type": "Polygon", "coordinates": [[[12.415066, 60.457683], [12.415066, 60.457429], [12.415237, 60.457429], [12.415237, 60.457683], [12.415066, 60.457683]]]}, "properties": {"periode": "host_2024_til_host_2025", "areal_ha": 0.03, "andel_innenfor_jaktfelt": 1.0, "jaktfelt": "Kongshov skog", "grunnlinje": "2024-09-15", "observert": "2026-09-03", "bekreftet": "2026-09-10"}}, {"type": "Feature", "geometry": {"type": "Polygon", "coordinates": [[[12.408371, 60.457345], [12.408285, 60.457175], [12.408886, 60.457175], [12.408886, 60.45726], [12.408628, 60.45726], [12.408543, 60.457345], [12.408371, 60.457345]]]}, "properties": {"periode": "host_2024_til_host_2025", "areal_ha": 0.04, "andel_innenfor_jaktfelt": 0.0, "jaktfelt": "Kongshov skog", "grunnlinje": "2024-09-15", "observert": "2026-09-03", "bekreftet": "2026-09-10"}}, {"type": "Feature", "geometry": {"type": "Polygon", "coordinates": [[[12.411289, 60.45781], [12.411203, 60.457726], [12.411032, 60.457726], [12.411032, 60.457683], [12.41086, 60.457641], [12.41086, 60.457514], [12.410688, 60.457472], [12.410688, 60.457302], [12.410774, 60.457302], [12.410688, 60.457133], [12.411032, 60.457133], [12.411032, 60.457175], [12.411203, 60.457175], [12.411203, 60.45726], [12.411633, 60.45726], [12.411633, 60.457387], [12.411547, 60.457387], [12.411547, 60.457472], [12.411633, 60.457472], [12.411633, 60.457768], [12.411547, 60.457768], [12.411547, 60.45781], [12.411289, 60.45781]], [[12.411289, 60.457429], [12.411375, 60.457429], [12.411375, 60.457387], [12.411289, 60.457387], [12.411289, 60.457429]]]}, "properties": {"periode": "host_2024_til_host_2025", "areal_ha": 0.28, "andel_innenfor_jaktfelt": 0.0, "jaktfelt": "Kongshov skog", "grunnlinje": "2024-09-15", "observert": "2026-09-03", "bekreftet": "2026-09-10"}}, {"type": "Feature", "geometry": {"type": "Polygon", "coordinates": [[[12.445621, 60.457218], [12.445621, 60.457175], [12.44545, 60.457175], [12.44545, 60.457133], [12.445536, 60.457133], [12.445536, 60.457049], [12.445707, 60.457006], [12.445793, 60.457175], [12.445621, 60.457218]]]}, "properties": {"periode": "host_2024_til_host_2025", "areal_ha": 0.02, "andel_innenfor_jaktfelt": 0.0, "jaktfelt": "Kongshov skog", "grunnlinje": "2024-09-15", "observert": "2026-09-03", "bekreftet": "2026-09-10"}}, {"type": "Feature", "geometry": {"type": "Polygon", "coordinates": [[[12.445965, 60.45561], [12.445965, 60.45544], [12.446051, 60.45544], [12.446222, 60.455313], [12.446566, 60.455313], [12.446566, 60.455271], [12.446651, 60.455271], [12.446651, 60.455398], [12.446222, 60.455356], [12.446222, 60.455398], [12.446136, 60.455398], [12.446136, 60.455525], [12.446051, 60.455525], [12.446051, 60.45561], [12.445965, 60.45561]]]}, "properties": {"periode": "host_2024_til_host_2025", "areal_ha": 0.04, "andel_innenfor_jaktfelt": 0.0, "jaktfelt": "Kongshov skog", "grunnlinje": "2024-09-15", "observert": "2026-09-03", "bekreftet": "2026-09-10"}}, {"type": "Feature", "geometry": {"type": "MultiPolygon", "coordinates": [[[[12.445107, 60.455017], [12.445107, 60.454975], [12.445192, 60.454975], [12.445192, 60.455017], [12.445107, 60.455017]]], [[[12.445107, 60.454975], [12.444506, 60.454975], [12.444506, 60.45489], [12.444849, 60.45489], [12.444849, 60.454848], [12.445021, 60.454805], [12.445021, 60.454848], [12.445107, 60.454848], [12.445107, 60.454975]]]]}, "properties": {"periode": "host_2024_til_host_2025", "areal_ha": 0.04, "andel_innenfor_jaktfelt": 0.0, "jaktfelt": "Kongshov skog", "grunnlinje": "2024-09-15", "observert": "2026-09-03", "bekreftet": "2026-09-10"}}, {"type": "Feature", "geometry": {"type": "Polygon", "coordinates": [[[12.444935, 60.454763], [12.444935, 60.454678], [12.445021, 60.454678], [12.445107, 60.454594], [12.44545, 60.454594], [12.44545, 60.454636], [12.445278, 60.454636], [12.445192, 60.454721], [12.445021, 60.454721], [12.445021, 60.454763], [12.444935, 60.454763]]]}, "properties": {"periode": "host_2024_til_host_2025", "areal_ha": 0.02, "andel_innenfor_jaktfelt": 0.0, "jaktfelt": "Kongshov skog", "grunnlinje": "2024-09-15", "observert": "2026-09-03", "bekreftet": "2026-09-10"}}, {"type": "Feature", "geometry": {"type": "Polygon", "coordinates": [[[12.423906, 60.454255], [12.423906, 60.454213], [12.423735, 60.454213], [12.423735, 60.454171], [12.423391, 60.454171], [12.423391, 60.454128], [12.423735, 60.454086], [12.423735, 60.454128], [12.423992, 60.454213], [12.423992, 60.454255], [12.423906, 60.454255]]]}, "properties": {"periode": "host_2024_til_host_2025", "areal_ha": 0.02, "andel_innenfor_jaktfelt": 1.0, "jaktfelt": "Kongshov skog", "grunnlinje": "2024-09-15", "observert": "2026-09-03", "bekreftet": "2026-09-10"}}, {"type": "Feature", "geometry": {"type": "Polygon", "coordinates": [[[12.45326, 60.454213], [12.45326, 60.454171], [12.453089, 60.454128], [12.453089, 60.454044], [12.453003, 60.454044], [12.453003, 60.453917], [12.45266, 60.453832], [12.45266, 60.453282], [12.453003, 60.453282], [12.453003, 60.453155], [12.453346, 60.453028], [12.453346, 60.45307], [12.453518, 60.45307], [12.453518, 60.453112], [12.453604, 60.453112], [12.453604, 60.453239], [12.45369, 60.453239], [12.45369, 60.453451], [12.453775, 60.453451], [12.453775, 60.453536], [12.453947, 60.453578], [12.453947, 60.45379], [12.453775, 60.453832], [12.453775, 60.454001], [12.453604, 60.454044], [12.453604, 60.454128], [12.453518, 60.454128], [12.453432, 60.454213], [12.45326, 60.454213]]]}, "properties": {"periode": "host_2024_til_host_2025", "areal_ha": 0.61, "andel_innenfor_jaktfelt": 0.0, "jaktfelt": "Kongshov skog", "grunnlinje": "2024-09-15", "observert": "2026-09-03", "bekreftet": "2026-09-10"}}, {"type": "Feature", "geometry": {"type": "Polygon", "coordinates": [[[12.429914, 60.452054], [12.429914, 60.452012], [12.429829, 60.452012], [12.429829, 60.451885], [12.43, 60.451843], [12.43, 60.45197], [12.430086, 60.45197], [12.430172, 60.452054], [12.429914, 60.452054]]]}, "properties": {"periode": "host_2024_til_host_2025", "areal_ha": 0.02, "andel_innenfor_jaktfelt": 1.0, "jaktfelt": "Kongshov skog", "grunnlinje": "2024-09-15", "observert": "2026-09-03", "bekreftet": "2026-09-10"}}, {"type": "Feature", "geometry": {"type": "Polygon", "coordinates": [[[12.454376, 60.453832], [12.454376, 60.45379], [12.45429, 60.45379], [12.45429, 60.453663], [12.454205, 60.453663], [12.454205, 60.45362], [12.454119, 60.45362], [12.454119, 60.453536], [12.453947, 60.453493], [12.453947, 60.453409], [12.454119, 60.453366], [12.454119, 60.453239], [12.454033, 60.453239], [12.454033, 60.453028], [12.453775, 60.453028], [12.453775, 60.452985], [12.45369, 60.452985], [12.45369, 60.452901], [12.453775, 60.452901], [12.453775, 60.452858], [12.454033, 60.452858], [12.454033, 60.452605], [12.454119, 60.452605], [12.454119, 60.452562], [12.45429, 60.452562], [12.45429, 60.45252], [12.454376, 60.45252], [12.454376, 60.452435], [12.454462, 60.452435], [12.454462, 60.452393], [12.454634, 60.452393], [12.454805, 60.452224], [12.454977, 60.452224], [12.455063, 60.452139], [12.45532, 60.452139], [12.45532, 60.452097], [12.455235, 60.452097], [12.455235, 60.452012], [12.45532, 60.452012], [12.455406, 60.451927], [12.455835, 60.45197], [12.455835, 60.4518], [12.456179, 60.4518], [12.456179, 60.451758], [12.456264, 60.451758], [12.456264, 60.451631], [12.456436, 60.451589], [12.456436, 60.451504], [12.456779, 60.451377], [12.456779, 60.451292], [12.456865, 60.451292], [12.456865, 60.45125], [12.457123, 60.45125], [12.457123, 60.451123], [12.457209, 60.451123], [12.457209, 60.451081], [12.457638, 60.451081], [12.457638, 60.451038], [12.457724, 60.451038], [12.457724, 60.450996], [12.457809, 60.450996], [12.457809, 60.450954], [12.457895, 60.450954], [12.458153, 60.450784], [12.45841, 60.450784], [12.45841, 60.450742], [12.458668, 60.450657], [12.458668, 60.4507], [12.458754, 60.4507], [12.458754, 60.450827], [12.458668, 60.450827], [12.458668, 60.450911], [12.458582, 60.450911], [12.458582, 60.45125], [12.458754, 60.451292], [12.458839, 60.451504], [12.459011, 60.451546], [12.459011, 60.451758], [12.458839, 60.4518], [12.458839, 60.451885], [12.458668, 60.451885], [12.458668, 60.4518], [12.458582, 60.4518], [12.458582, 60.451758], [12.458067, 60.451716], [12.458067, 60.4518], [12.458153, 60.4518], [12.458153, 60.451843], [12.458496, 60.45197], [12.458496, 60.452012], [12.458324, 60.452054], [12.458324, 60.452224], [12.457981, 60.452351], [12.457981, 60.452435], [12.457895, 60.452435], [12.457895, 60.452478], [12.45738, 60.452478], [12.45738, 60.45252], [12.457037, 60.45252], [12.457037, 60.452562], [12.456951, 60.452562], [12.456951, 60.452816], [12.457294, 60.452901], [12.457294, 60.453112], [12.45738, 60.453112], [12.45738, 60.453155], [12.457552, 60.453155], [12.457552, 60.453239], [12.457466, 60.453239], [12.45738, 60.453324], [12.457123, 60.453324], [12.457037, 60.453409], [12.456522, 60.453409], [12.456522, 60.453451], [12.456179, 60.453451], [12.456179, 60.453493], [12.45575, 60.453493], [12.45575, 60.45362], [12.455664, 60.45362], [12.455664, 60.453663], [12.455578, 60.453663], [12.455578, 60.45362], [12.455063, 60.45362], [12.455063, 60.453663], [12.454977, 60.453663], [12.45472, 60.453832], [12.454376, 60.453832]]]}, "properties": {"periode": "host_2024_til_host_2025", "areal_ha": 4.52, "andel_innenfor_jaktfelt": 0.0, "jaktfelt": "Kongshov skog", "grunnlinje": "2024-09-15", "observert": "2026-09-03", "bekreftet": "2026-09-10"}}, {"type": "Feature", "geometry": {"type": "Polygon", "coordinates": [[[12.469225, 60.448202], [12.469225, 60.44816], [12.469139, 60.44816], [12.469139, 60.448033], [12.468967, 60.447991], [12.468967, 60.447906], [12.469053, 60.447906], [12.469053, 60.447864], [12.469311, 60.447864], [12.469311, 60.447906], [12.469397, 60.447906], [12.469397, 60.44816], [12.469225, 60.448202]]]}, "properties": {"periode": "host_2024_til_host_2025", "areal_ha": 0.06, "andel_innenfor_jaktfelt": 0.0, "jaktfelt": "Kongshov skog", "grunnlinje": "2024-09-15", "observert": "2026-09-03", "bekreftet": "2026-09-10"}}, {"type": "Feature", "geometry": {"type": "Polygon", "coordinates": [[[12.466307, 60.447652], [12.466221, 60.447567], [12.466478, 60.447483], [12.466564, 60.447313], [12.466822, 60.447229], [12.466822, 60.447102], [12.466908, 60.447102], [12.466908, 60.447059], [12.467079, 60.447059], [12.467079, 60.447017], [12.467251, 60.447017], [12.467165, 60.447186], [12.467337, 60.447229], [12.467337, 60.44744], [12.467251, 60.44744], [12.467251, 60.447483], [12.466908, 60.447483], [12.46665, 60.447652], [12.466307, 60.447652]]]}, "properties": {"periode": "host_2024_til_host_2025", "areal_ha": 0.21, "andel_innenfor_jaktfelt": 0.0, "jaktfelt": "Kongshov skog", "grunnlinje": "2024-09-15", "observert": "2026-09-03", "bekreftet": "2026-09-10"}}, {"type": "Feature", "geometry": {"type": "Polygon", "coordinates": [[[12.469225, 60.447059], [12.469225, 60.446848], [12.469397, 60.446848], [12.469397, 60.447059], [12.469225, 60.447059]]]}, "properties": {"periode": "host_2024_til_host_2025", "areal_ha": 0.02, "andel_innenfor_jaktfelt": 0.0, "jaktfelt": "Kongshov skog", "grunnlinje": "2024-09-15", "observert": "2026-09-03", "bekreftet": "2026-09-10"}}, {"type": "Feature", "geometry": {"type": "Polygon", "coordinates": [[[12.456951, 60.446382], [12.456951, 60.446128], [12.457037, 60.446128], [12.456951, 60.445959], [12.457123, 60.445916], [12.457123, 60.446128], [12.457209, 60.446128], [12.457209, 60.446213], [12.457294, 60.446213], [12.457294, 60.44634], [12.457037, 60.44634], [12.457037, 60.446382], [12.456951, 60.446382]]]}, "properties": {"periode": "host_2024_til_host_2025", "areal_ha": 0.06, "andel_innenfor_jaktfelt": 1.0, "jaktfelt": "Kongshov skog", "grunnlinje": "2024-09-15", "observert": "2026-09-03", "bekreftet": "2026-09-10"}}, {"type": "Feature", "geometry": {"type": "Polygon", "coordinates": [[[12.457123, 60.445874], [12.457123, 60.445747], [12.457294, 60.445704], [12.457294, 60.445577], [12.457552, 60.445493], [12.457724, 60.445662], [12.457466, 60.445662], [12.457466, 60.445832], [12.457209, 60.445832], [12.457209, 60.445874], [12.457123, 60.445874]]]}, "properties": {"periode": "host_2024_til_host_2025", "areal_ha": 0.06, "andel_innenfor_jaktfelt": 1.0, "jaktfelt": "Kongshov skog", "grunnlinje": "2024-09-15", "observert": "2026-09-03", "bekreftet": "2026-09-10"}}, {"type": "Feature", "geometry": {"type": "MultiPolygon", "coordinates": [[[[12.460213, 60.445789], [12.460213, 60.445747], [12.460384, 60.445704], [12.460384, 60.445577], [12.460556, 60.445577], [12.460556, 60.445704], [12.460213, 60.445789]]], [[[12.460556, 60.445577], [12.460642, 60.445493], [12.460814, 60.445493], [12.460728, 60.445577], [12.460556, 60.445577]]]]}, "properties": {"periode": "host_2024_til_host_2025", "areal_ha": 0.03, "andel_innenfor_jaktfelt": 1.0, "jaktfelt": "Kongshov skog", "grunnlinje": "2024-09-15", "observert": "2026-09-03", "bekreftet": "2026-09-10"}}, {"type": "Feature", "geometry": {"type": "Polygon", "coordinates": [[[12.45944, 60.445662], [12.45944, 60.445577], [12.459784, 60.44545], [12.459784, 60.44562], [12.459698, 60.44562], [12.459698, 60.445662], [12.45944, 60.445662]]]}, "properties": {"periode": "host_2024_til_host_2025", "areal_ha": 0.03, "andel_innenfor_jaktfelt": 1.0, "jaktfelt": "Kongshov skog", "grunnlinje": "2024-09-15", "observert": "2026-09-03", "bekreftet": "2026-09-10"}}, {"type": "Feature", "geometry": {"type": "Polygon", "coordinates": [[[12.459869, 60.445366], [12.459955, 60.445281], [12.46047, 60.445239], [12.46047, 60.445281], [12.460384, 60.445281], [12.460384, 60.445323], [12.460213, 60.445323], [12.460213, 60.445366], [12.459869, 60.445366]]]}, "properties": {"periode": "host_2024_til_host_2025", "areal_ha": 0.03, "andel_innenfor_jaktfelt": 1.0, "jaktfelt": "Kongshov skog", "grunnlinje": "2024-09-15", "observert": "2026-09-03", "bekreftet": "2026-09-10"}}, {"type": "Feature", "geometry": {"type": "Polygon", "coordinates": [[[12.445107, 60.445366], [12.445278, 60.445196], [12.445536, 60.445196], [12.445536, 60.445323], [12.44545, 60.445323], [12.44545, 60.445366], [12.445107, 60.445366]]]}, "properties": {"periode": "host_2024_til_host_2025", "areal_ha": 0.03, "andel_innenfor_jaktfelt": 1.0, "jaktfelt": "Kongshov skog", "grunnlinje": "2024-09-15", "observert": "2026-09-03", "bekreftet": "2026-09-10"}}, {"type": "Feature", "geometry": {"type": "Polygon", "coordinates": [[[12.46253, 60.444985], [12.46253, 60.444942], [12.462358, 60.444942], [12.462358, 60.4449], [12.462273, 60.4449], [12.462358, 60.444815], [12.46253, 60.444815], [12.46253, 60.444858], [12.462616, 60.444858], [12.462616, 60.444985], [12.46253, 60.444985]]]}, "properties": {"periode": "host_2024_til_host_2025", "areal_ha": 0.02, "andel_innenfor_jaktfelt": 1.0, "jaktfelt": "Kongshov skog", "grunnlinje": "2024-09-15", "observert": "2026-09-03", "bekreftet": "2026-09-10"}}, {"type": "Feature", "geometry": {"type": "Polygon", "coordinates": [[[12.465277, 60.445112], [12.465277, 60.445069], [12.465191, 60.445069], [12.465191, 60.444858], [12.465277, 60.444858], [12.465363, 60.444773], [12.46562, 60.444773], [12.465706, 60.444858], [12.465534, 60.4449], [12.465534, 60.445027], [12.465277, 60.445112]]]}, "properties": {"periode": "host_2024_til_host_2025", "areal_ha": 0.06, "andel_innenfor_jaktfelt": 0.0, "jaktfelt": "Kongshov skog", "grunnlinje": "2024-09-15", "observert": "2026-09-03", "bekreftet": "2026-09-10"}}, {"type": "Feature", "geometry": {"type": "Polygon", "coordinates": [[[12.463732, 60.4449], [12.463732, 60.444773], [12.463903, 60.444731], [12.463818, 60.444646], [12.463646, 60.444688], [12.463646, 60.444646], [12.463732, 60.444646], [12.463732, 60.444307], [12.463989, 60.444307], [12.464075, 60.444392], [12.464247, 60.444392], [12.464418, 60.444561], [12.464848, 60.444561], [12.464848, 60.444604], [12.464933, 60.444604], [12.464848, 60.444688], [12.464418, 60.444688], [12.464418, 60.444646], [12.464161, 60.444646], [12.464161, 60.444688], [12.464075, 60.444688], [12.464075, 60.444773], [12.463732, 60.4449]]]}, "properties": {"periode": "host_2024_til_host_2025", "areal_ha": 0.18, "andel_innenfor_jaktfelt": 0.98, "jaktfelt": "Kongshov skog", "grunnlinje": "2024-09-15", "observert": "2026-09-03", "bekreftet": "2026-09-10"}}, {"type": "Feature", "geometry": {"type": "Polygon", "coordinates": [[[12.461758, 60.443672], [12.461758, 60.44363], [12.461672, 60.44363], [12.461672, 60.443503], [12.461586, 60.443503], [12.461586, 60.443249], [12.461329, 60.443164], [12.461329, 60.442995], [12.461157, 60.442953], [12.461157, 60.442741], [12.460985, 60.442699], [12.461071, 60.442529], [12.460728, 60.442571], [12.460728, 60.442402], [12.460814, 60.442402], [12.460814, 60.44236], [12.461071, 60.44236], [12.461071, 60.442317], [12.461243, 60.442317], [12.461243, 60.44236], [12.461329, 60.44236], [12.461329, 60.442614], [12.461672, 60.442656], [12.461672, 60.442868], [12.461586, 60.442868], [12.461586, 60.442953], [12.461672, 60.442953], [12.461672, 60.443164], [12.461929, 60.443249], [12.461843, 60.443545], [12.461929, 60.443545], [12.461929, 60.443588], [12.462101, 60.443588], [12.462101, 60.443672], [12.461758, 60.443672]]]}, "properties": {"periode": "host_2024_til_host_2025", "areal_ha": 0.33, "andel_innenfor_jaktfelt": 1.0, "jaktfelt": "Kongshov skog", "grunnlinje": "2024-09-15", "observert": "2026-09-03", "bekreftet": "2026-09-10"}}, {"type": "Feature", "geometry": {"type": "Polygon", "coordinates": [[[12.44339, 60.444477], [12.44339, 60.444434], [12.443132, 60.444434], [12.442875, 60.444265], [12.442617, 60.444265], [12.442446, 60.444096], [12.442188, 60.444096], [12.442188, 60.444053], [12.442102, 60.444053], [12.442102, 60.444011], [12.442017, 60.444011], [12.441759, 60.443842], [12.441587, 60.443842], [12.441587, 60.443799], [12.441244, 60.443672], [12.441244, 60.443418], [12.441158, 60.443418], [12.441158, 60.443376], [12.440987, 60.443376], [12.440987, 60.443334], [12.440815, 60.443291], [12.440815, 60.44308], [12.440643, 60.443037], [12.440643, 60.44291], [12.440386, 60.442826], [12.440386, 60.442699], [12.440729, 60.442571], [12.440729, 60.442317], [12.439528, 60.44236], [12.439528, 60.442317], [12.439442, 60.442317], [12.439442, 60.442233], [12.439528, 60.442233], [12.439528, 60.44219], [12.439699, 60.44219], [12.439871, 60.442063], [12.440987, 60.442063], [12.441158, 60.441936], [12.441845, 60.441936], [12.441845, 60.441979], [12.441931, 60.441979], [12.441931, 60.442106], [12.441673, 60.442106], [12.441673, 60.442148], [12.441587, 60.442148], [12.441587, 60.442233], [12.441244, 60.44236], [12.441244, 60.442444], [12.44133, 60.442444], [12.44133, 60.44291], [12.441502, 60.442953], [12.441502, 60.44308], [12.441845, 60.443207], [12.441845, 60.443291], [12.441931, 60.443291], [12.441931, 60.443334], [12.442017, 60.443334], [12.442017, 60.443376], [12.442102, 60.443376], [12.44236, 60.443545], [12.443562, 60.443545], [12.443562, 60.443503], [12.444677, 60.443503], [12.444677, 60.443461], [12.445021, 60.443461], [12.445021, 60.443334], [12.445364, 60.443249], [12.445364, 60.443164], [12.445707, 60.443037], [12.445707, 60.44291], [12.445793, 60.44291], [12.446051, 60.442741], [12.446394, 60.442741], [12.44648, 60.442656], [12.446737, 60.442656], [12.446737, 60.442699], [12.446995, 60.442699], [12.446995, 60.442741], [12.447081, 60.442741], [12.447081, 60.442826], [12.447166, 60.442826], [12.447166, 60.442995], [12.447252, 60.442995], [12.447252, 60.443164], [12.447338, 60.443164], [12.447338, 60.443249], [12.447166, 60.443291], [12.447166, 60.443418], [12.447252, 60.443418], [12.447252, 60.443926], [12.447166, 60.443926], [12.447166, 60.443969], [12.446823, 60.443969], [12.446823, 60.444011], [12.446737, 60.444011], [12.446737, 60.444053], [12.446566, 60.444053], [12.44648, 60.444138], [12.446051, 60.444138], [12.446051, 60.44418], [12.445621, 60.44418], [12.445364, 60.444011], [12.445192, 60.444011], [12.445192, 60.444053], [12.445021, 60.444096], [12.444935, 60.444265], [12.444849, 60.444265], [12.444849, 60.444307], [12.444763, 60.444307], [12.444506, 60.444477], [12.44339, 60.444477]]]}, "properties": {"periode": "host_2024_til_host_2025", "areal_ha": 4.27, "andel_innenfor_jaktfelt": 1.0, "jaktfelt": "Kongshov skog", "grunnlinje": "2024-09-15", "observert": "2026-09-03", "bekreftet": "2026-09-10"}}, {"type": "Feature", "geometry": {"type": "Polygon", "coordinates": [[[12.446222, 60.44236], [12.446222, 60.442317], [12.446051, 60.442275], [12.446051, 60.442106], [12.445965, 60.442106], [12.445965, 60.441979], [12.446051, 60.441979], [12.446051, 60.441936], [12.446136, 60.441936], [12.446136, 60.441979], [12.446308, 60.442021], [12.446308, 60.442106], [12.446394, 60.442106], [12.446394, 60.44236], [12.446222, 60.44236]]]}, "properties": {"periode": "host_2024_til_host_2025", "areal_ha": 0.07, "andel_innenfor_jaktfelt": 1.0, "jaktfelt": "Kongshov skog", "grunnlinje": "2024-09-15", "observert": "2026-09-03", "bekreftet": "2026-09-10"}}, {"type": "Feature", "geometry": {"type": "Polygon", "coordinates": [[[12.414808, 60.442148], [12.414808, 60.442106], [12.414722, 60.442106], [12.414722, 60.441936], [12.414894, 60.441894], [12.414894, 60.442148], [12.414808, 60.442148]]]}, "properties": {"periode": "host_2024_til_host_2025", "areal_ha": 0.02, "andel_innenfor_jaktfelt": 1.0, "jaktfelt": "Kongshov skog", "grunnlinje": "2024-09-15", "observert": "2026-09-03", "bekreftet": "2026-09-10"}}, {"type": "Feature", "geometry": {"type": "Polygon", "coordinates": [[[12.460299, 60.442106], [12.460299, 60.442063], [12.460127, 60.442021], [12.460127, 60.441979], [12.460299, 60.441936], [12.460299, 60.441767], [12.460384, 60.441767], [12.460384, 60.441725], [12.460642, 60.441725], [12.460642, 60.441809], [12.46047, 60.441852], [12.46047, 60.442106], [12.460299, 60.442106]]]}, "properties": {"periode": "host_2024_til_host_2025", "areal_ha": 0.06, "andel_innenfor_jaktfelt": 1.0, "jaktfelt": "Kongshov skog", "grunnlinje": "2024-09-15", "observert": "2026-09-03", "bekreftet": "2026-09-10"}}, {"type": "Feature", "geometry": {"type": "Polygon", "coordinates": [[[12.459354, 60.44164], [12.459354, 60.441386], [12.459526, 60.441344], [12.459526, 60.441386], [12.459784, 60.441471], [12.459784, 60.441598], [12.459698, 60.441598], [12.459698, 60.44164], [12.459354, 60.44164]]]}, "properties": {"periode": "host_2024_til_host_2025", "areal_ha": 0.06, "andel_innenfor_jaktfelt": 1.0, "jaktfelt": "Kongshov skog", "grunnlinje": "2024-09-15", "observert": "2026-09-03", "bekreftet": "2026-09-10"}}, {"type": "Feature", "geometry": {"type": "MultiPolygon", "coordinates": [[[[12.385712, 60.446594], [12.385883, 60.446551], [12.385883, 60.446467], [12.385969, 60.446467], [12.385969, 60.446424], [12.386055, 60.446424], [12.386055, 60.44634], [12.386227, 60.446297], [12.386227, 60.446509], [12.386055, 60.446551], [12.386055, 60.446636], [12.385712, 60.446636], [12.385712, 60.446721], [12.385626, 60.446721], [12.38554, 60.446805], [12.385368, 60.446763], [12.385368, 60.446678], [12.385197, 60.446636], [12.385197, 60.446551], [12.385283, 60.446551], [12.385283, 60.446467], [12.385368, 60.446467], [12.385368, 60.446382], [12.385454, 60.446382], [12.385454, 60.446255], [12.385626, 60.446213], [12.385626, 60.446001], [12.385712, 60.446001], [12.385712, 60.445959], [12.385798, 60.445959], [12.385798, 60.445874], [12.385969, 60.445832], [12.385969, 60.44562], [12.386141, 60.445577], [12.386141, 60.445323], [12.386227, 60.445323], [12.386227, 60.445239], [12.386312, 60.445239], [12.386312, 60.445323], [12.386398, 60.445323], [12.386398, 60.445493], [12.38657, 60.445493], [12.38657, 60.445366], [12.386827, 60.445281], [12.386827, 60.445027], [12.386913, 60.445027], [12.386913, 60.444985], [12.387171, 60.444985], [12.387171, 60.445196], [12.387342, 60.445196], [12.387428, 60.445112], [12.387686, 60.445112], [12.387857, 60.445281], [12.388201, 60.445281], [12.388201, 60.445239], [12.388287, 60.445239], [12.388287, 60.444985], [12.388372, 60.444985], [12.388372, 60.444942], [12.388544, 60.444942], [12.388544, 60.444985], [12.38863, 60.444985], [12.38863, 60.445323], [12.388716, 60.445323], [12.388716, 60.445366], [12.388973, 60.445366], [12.389059, 60.44545], [12.389488, 60.445408], [12.389488, 60.445493], [12.38966, 60.445493], [12.38966, 60.44545], [12.389917, 60.445366], [12.389917, 60.445281], [12.389231, 60.445281], [12.389231, 60.445239], [12.388887, 60.445112], [12.388887, 60.444985], [12.389231, 60.445027], [12.389231, 60.444942], [12.389145, 60.444942], [12.389145, 60.4449], [12.388887, 60.4449], [12.388887, 60.444858], [12.388802, 60.444858], [12.388802, 60.444773], [12.389145, 60.444688], [12.389145, 60.444858], [12.389317, 60.4449], [12.389317, 60.445027], [12.389402, 60.445027], [12.389402, 60.445069], [12.390175, 60.445069], [12.390175, 60.445112], [12.390261, 60.445112], [12.390175, 60.445196], [12.390261, 60.445196], [12.390261, 60.445366], [12.390347, 60.445366], [12.390347, 60.445704], [12.390518, 60.445747], [12.390518, 60.445916], [12.39069, 60.445959], [12.39069, 60.446001], [12.390518, 60.446001], [12.390518, 60.445959], [12.390347, 60.445916], [12.390347, 60.445832], [12.390261, 60.445832], [12.390261, 60.445789], [12.390003, 60.445789], [12.390003, 60.445662], [12.389917, 60.445662], [12.389917, 60.44562], [12.389488, 60.445577], [12.389488, 60.445747], [12.389574, 60.445747], [12.389574, 60.445832], [12.389317, 60.445832], [12.389317, 60.445874], [12.389145, 60.445916], [12.389145, 60.446001], [12.38966, 60.446001], [12.38966, 60.446255], [12.389917, 60.44634], [12.389917, 60.446509], [12.390518, 60.446509], [12.390776, 60.44634], [12.390947, 60.44634], [12.390947, 60.446382], [12.391033, 60.446382], [12.391033, 60.446509], [12.390776, 60.446509], [12.390776, 60.446678], [12.391119, 60.446678], [12.391119, 60.446636], [12.391205, 60.446636], [12.391205, 60.44634], [12.391291, 60.44634], [12.391291, 60.445832], [12.391634, 60.445747], [12.391634, 60.445704], [12.391462, 60.445662], [12.391462, 60.445577], [12.39172, 60.445577], [12.39172, 60.445493], [12.391806, 60.445493], [12.39172, 60.445408], [12.391806, 60.445408], [12.391806, 60.445366], [12.392235, 60.445366], [12.392235, 60.445323], [12.392321, 60.445323], [12.392321, 60.445196], [12.39275, 60.445196], [12.392921, 60.445069], [12.393093, 60.445069], [12.393093, 60.445027], [12.393179, 60.445027], [12.393179, 60.444858], [12.393007, 60.444815], [12.393007, 60.444646], [12.392921, 60.444646], [12.392921, 60.444434], [12.393007, 60.444434], [12.393007, 60.444392], [12.393093, 60.444392], [12.393093, 60.444307], [12.393265, 60.444265], [12.393265, 60.444053], [12.393351, 60.444053], [12.393351, 60.444011], [12.393436, 60.444011], [12.393436, 60.444053], [12.393694, 60.444053], [12.393951, 60.443884], [12.394209, 60.443884], [12.394209, 60.443926], [12.394381, 60.443969], [12.394381, 60.444011], [12.394037, 60.444138], [12.394037, 60.444307], [12.393866, 60.44435], [12.393866, 60.444434], [12.393951, 60.444434], [12.393951, 60.444477], [12.394037, 60.444477], [12.394037, 60.444434], [12.394123, 60.444434], [12.394123, 60.444477], [12.394381, 60.444477], [12.394381, 60.444434], [12.394552, 60.444392], [12.394552, 60.444011], [12.394466, 60.444011], [12.394466, 60.443969], [12.394896, 60.443969], [12.394981, 60.444053], [12.395153, 60.444053], [12.395153, 60.444096], [12.395067, 60.444096], [12.395067, 60.44435], [12.395239, 60.44435], [12.395239, 60.444265], [12.395325, 60.444265], [12.395325, 60.444223], [12.395668, 60.44418], [12.395668, 60.444096], [12.39584, 60.444096], [12.39584, 60.44418], [12.396011, 60.44418], [12.396011, 60.444223], [12.396097, 60.444223], [12.396097, 60.444265], [12.395926, 60.444265], [12.396011, 60.444434], [12.396698, 60.444434], [12.396698, 60.444392], [12.396784, 60.444392], [12.396784, 60.44435], [12.396955, 60.44435], [12.396955, 60.444392], [12.397127, 60.444434], [12.397127, 60.444646], [12.397299, 60.444688], [12.397299, 60.444815], [12.39747, 60.444815], [12.39747, 60.444858], [12.397556, 60.444858], [12.397556, 60.445027], [12.39747, 60.445027], [12.39747, 60.445069], [12.396955, 60.445069], [12.396955, 60.445027], [12.39687, 60.445027], [12.39687, 60.444985], [12.396784, 60.444985], [12.396526, 60.444815], [12.396269, 60.444815], [12.396269, 60.445027], [12.396441, 60.445069], [12.396441, 60.445196], [12.396526, 60.445196], [12.396526, 60.445239], [12.396955, 60.445196], [12.396955, 60.445239], [12.397213, 60.445323], [12.397213, 60.44545], [12.397556, 60.44545], [12.397556, 60.445408], [12.3979, 60.445366], [12.398157, 60.445196], [12.398415, 60.445196], [12.398415, 60.445239], [12.3985, 60.445239], [12.3985, 60.445196], [12.398672, 60.445196], [12.398672, 60.445112], [12.398415, 60.445027], [12.398415, 60.444942], [12.3985, 60.444942], [12.3985, 60.444773], [12.398415, 60.444773], [12.398415, 60.444731], [12.398329, 60.444731], [12.398329, 60.444646], [12.398243, 60.444646], [12.398243, 60.444477], [12.398329, 60.444477], [12.398243, 60.444307], [12.3985, 60.444307], [12.3985, 60.444265], [12.398586, 60.444265], [12.398586, 60.444138], [12.398844, 60.444138], [12.399015, 60.444307], [12.399359, 60.444307], [12.399359, 60.444265], [12.39953, 60.444265], [12.39953, 60.444223], [12.399616, 60.444223], [12.399616, 60.444138], [12.399702, 60.444138], [12.399702, 60.444096], [12.399874, 60.444096], [12.399874, 60.444053], [12.39996, 60.444053], [12.400217, 60.443884], [12.400646, 60.443884], [12.400732, 60.443799], [12.400904, 60.443842], [12.400904, 60.443969], [12.400732, 60.444011], [12.400732, 60.44435], [12.401247, 60.44435], [12.401247, 60.444223], [12.401075, 60.44418], [12.401075, 60.444096], [12.401161, 60.444096], [12.401161, 60.444053], [12.401333, 60.444053], [12.401505, 60.443884], [12.40202, 60.443884], [12.40202, 60.443842], [12.402105, 60.443842], [12.402105, 60.443884], [12.402191, 60.443884], [12.402191, 60.444096], [12.402363, 60.444138], [12.402363, 60.444265], [12.402449, 60.444265], [12.402449, 60.444307], [12.402706, 60.444307], [12.402792, 60.444392], [12.402964, 60.444392], [12.402964, 60.444434], [12.403307, 60.444561], [12.403307, 60.444688], [12.403393, 60.444688], [12.403393, 60.444731], [12.403908, 60.444731], [12.403908, 60.444688], [12.404165, 60.444688], [12.404165, 60.444646], [12.404423, 60.444561], [12.404423, 60.444392], [12.404337, 60.444392], [12.404337, 60.44435], [12.403908, 60.44435], [12.403908, 60.444307], [12.403822, 60.444307], [12.403822, 60.444223], [12.40365, 60.44418], [12.40365, 60.443884], [12.403564, 60.443884], [12.403564, 60.443715], [12.40365, 60.443715], [12.403736, 60.44363], [12.404594, 60.44363], [12.404766, 60.443503], [12.404938, 60.443503], [12.404938, 60.443461], [12.405024, 60.443461], [12.405024, 60.443122], [12.404938, 60.443122], [12.404938, 60.44291], [12.405281, 60.442826], [12.405281, 60.442571], [12.40571, 60.442614], [12.40571, 60.442402], [12.405367, 60.442402], [12.405195, 60.442275], [12.404852, 60.442275], [12.404852, 60.442233], [12.404423, 60.442275], [12.404337, 60.44219], [12.403221, 60.44219], [12.403221, 60.442233], [12.403049, 60.442233], [12.403049, 60.44219], [12.402964, 60.44219], [12.402706, 60.442021], [12.402105, 60.442021], [12.402105, 60.442063], [12.401934, 60.442063], [12.401934, 60.442021], [12.40159, 60.442021], [12.40159, 60.441979], [12.401419, 60.441936], [12.401419, 60.441852], [12.401333, 60.441852], [12.401333, 60.441809], [12.401161, 60.441809], [12.401075, 60.441894], [12.400904, 60.441852], [12.400904, 60.44164], [12.400818, 60.44164], [12.400732, 60.441555], [12.400475, 60.441555], [12.400389, 60.441471], [12.400217, 60.441471], [12.400217, 60.441428], [12.400045, 60.441428], [12.400045, 60.441386], [12.399445, 60.441344], [12.399273, 60.441217], [12.39893, 60.441217], [12.39893, 60.441259], [12.398415, 60.441259], [12.398415, 60.441217], [12.398157, 60.441217], [12.398157, 60.441259], [12.397985, 60.441259], [12.397985, 60.441301], [12.3979, 60.441301], [12.3979, 60.441725], [12.397814, 60.441725], [12.397814, 60.441852], [12.397728, 60.441852], [12.397728, 60.441894], [12.39747, 60.441894], [12.397299, 60.441682], [12.39747, 60.441682], [12.39747, 60.44164], [12.397556, 60.44164], [12.397642, 60.441471], [12.397299, 60.441344], [12.397299, 60.441301], [12.397385, 60.441301], [12.397385, 60.441174], [12.397299, 60.441174], [12.397299, 60.441132], [12.397385, 60.441132], [12.397385, 60.44109], [12.397556, 60.44109], [12.397556, 60.441047], [12.397642, 60.441047], [12.397642, 60.441005], [12.397814, 60.441005], [12.397814, 60.440963], [12.398071, 60.440963], [12.398071, 60.44092], [12.398157, 60.44092], [12.398415, 60.44109], [12.398758, 60.44109], [12.398758, 60.441047], [12.398844, 60.441047], [12.398758, 60.440836], [12.39893, 60.440793], [12.39893, 60.440836], [12.399015, 60.440836], [12.399015, 60.440878], [12.399187, 60.440878], [12.399187, 60.44092], [12.399273, 60.44092], [12.399273, 60.441005], [12.399359, 60.441005], [12.399359, 60.441047], [12.39953, 60.441047], [12.399788, 60.441217], [12.401075, 60.441217], [12.401247, 60.441344], [12.401419, 60.441344], [12.401419, 60.441386], [12.401505, 60.441386], [12.401505, 60.441471], [12.40159, 60.441471], [12.40159, 60.441513], [12.401934, 60.441513], [12.402191, 60.441682], [12.402449, 60.441682], [12.402449, 60.441725], [12.40262, 60.441725], [12.40262, 60.441682], [12.403307, 60.441682], [12.403479, 60.441852], [12.404079, 60.441852], [12.404079, 60.441809], [12.404423, 60.441809], [12.404509, 60.441725], [12.404766, 60.441725], [12.404938, 60.441894], [12.405367, 60.441894], [12.405453, 60.441979], [12.405624, 60.441979], [12.405624, 60.441936], [12.405796, 60.441936], [12.405796, 60.441894], [12.406139, 60.441767], [12.406397, 60.441936], [12.406654, 60.441936], [12.406654, 60.441979], [12.40674, 60.441979], [12.40674, 60.442021], [12.406912, 60.442021], [12.406998, 60.442106], [12.407942, 60.442106], [12.407942, 60.442063], [12.408199, 60.442063], [12.408199, 60.442148], [12.4088, 60.442148], [12.4088, 60.442063], [12.409487, 60.442063], [12.409487, 60.442106], [12.40983, 60.442233], [12.40983, 60.442317], [12.409744, 60.442317], [12.409658, 60.442402], [12.408972, 60.442402], [12.408972, 60.442444], [12.408028, 60.442444], [12.408028, 60.442402], [12.40777, 60.442317], [12.40777, 60.442233], [12.407598, 60.442233], [12.407598, 60.442275], [12.407427, 60.442317], [12.407427, 60.442571], [12.407341, 60.442571], [12.407341, 60.442826], [12.407427, 60.442826], [12.407427, 60.44291], [12.407169, 60.442995], [12.407169, 60.44308], [12.407255, 60.44308], [12.407341, 60.443164], [12.407684, 60.443207], [12.407684, 60.443249], [12.408028, 60.443249], [12.408028, 60.443291], [12.408113, 60.443291], [12.408113, 60.443376], [12.408199, 60.443376], [12.408199, 60.443461], [12.408113, 60.443461], [12.408113, 60.443545], [12.408199, 60.443545], [12.408199, 60.443588], [12.408371, 60.443588], [12.408371, 60.443545], [12.408543, 60.443545], [12.408543, 60.443503], [12.408714, 60.443503], [12.408714, 60.443461], [12.4088, 60.443461], [12.4088, 60.443503], [12.409058, 60.443588], [12.409058, 60.443715], [12.409315, 60.443799], [12.409315, 60.444011], [12.409487, 60.444011], [12.409487, 60.444053], [12.409573, 60.444053], [12.409744, 60.44418], [12.409916, 60.44418], [12.410002, 60.444265], [12.409916, 60.444265], [12.409916, 60.444307], [12.40983, 60.444307], [12.40983, 60.444392], [12.409744, 60.444392], [12.409744, 60.444561], [12.409658, 60.444561], [12.409658, 60.444604], [12.409229, 60.444604], [12.409058, 60.444773], [12.408028, 60.444773], [12.408028, 60.444815], [12.407942, 60.444815], [12.407942, 60.445154], [12.408113, 60.445196], [12.408113, 60.445535], [12.408199, 60.445535], [12.408199, 60.445577], [12.408371, 60.445577], [12.408457, 60.445662], [12.408714, 60.445662], [12.4088, 60.445747], [12.408972, 60.445747], [12.408972, 60.445789], [12.409058, 60.445789], [12.409058, 60.446043], [12.408972, 60.446043], [12.408972, 60.446805], [12.408628, 60.44689], [12.408628, 60.447017], [12.408543, 60.447017], [12.408457, 60.447102], [12.407598, 60.447144], [12.407598, 60.447779], [12.407684, 60.447779], [12.407684, 60.447948], [12.407598, 60.447948], [12.407513, 60.448033], [12.407341, 60.448033], [12.407255, 60.448202], [12.407084, 60.448202], [12.407084, 60.448245], [12.40674, 60.448245], [12.40674, 60.448287], [12.406654, 60.448287], [12.406654, 60.448372], [12.40674, 60.448372], [12.40674, 60.448414], [12.406912, 60.448414], [12.406998, 60.448499], [12.407255, 60.448499], [12.407255, 60.448541], [12.407341, 60.448541], [12.407341, 60.448626], [12.407255, 60.448626], [12.407255, 60.448668], [12.406998, 60.448668], [12.406998, 60.448837], [12.407169, 60.44888], [12.407084, 60.449049], [12.406998, 60.449049], [12.406912, 60.449134], [12.40674, 60.449134], [12.406483, 60.449303], [12.406225, 60.449303], [12.406225, 60.449345], [12.406054, 60.449345], [12.405882, 60.449472], [12.40571, 60.449472], [12.40571, 60.449599], [12.405624, 60.449599], [12.405624, 60.449684], [12.405539, 60.449684], [12.405539, 60.449726], [12.405453, 60.449726], [12.405453, 60.449684], [12.405367, 60.449684], [12.405367, 60.449599], [12.405281, 60.449599], [12.405281, 60.449684], [12.405109, 60.449726], [12.405109, 60.44998], [12.405024, 60.44998], [12.405024, 60.450149], [12.405109, 60.450149], [12.405109, 60.450192], [12.405024, 60.450192], [12.405024, 60.450234], [12.404852, 60.450234], [12.404852, 60.450276], [12.404337, 60.450276], [12.404337, 60.450234], [12.404251, 60.450234], [12.404251, 60.450149], [12.404165, 60.450149], [12.404165, 60.450107], [12.403908, 60.450107], [12.40365, 60.449938], [12.402706, 60.449938], [12.40262, 60.450022], [12.402449, 60.450022], [12.402449, 60.44998], [12.401848, 60.44998], [12.401848, 60.450065], [12.401762, 60.450065], [12.401762, 60.450107], [12.401505, 60.450107], [12.401505, 60.450149], [12.401419, 60.450149], [12.401419, 60.450192], [12.401333, 60.450192], [12.401075, 60.450361], [12.400904, 60.450361], [12.400904, 60.450319], [12.400646, 60.450319], [12.400646, 60.450234], [12.40056, 60.450234], [12.400475, 60.450149], [12.400303, 60.450149], [12.400303, 60.450107], [12.400045, 60.450022], [12.400131, 60.449853], [12.399874, 60.449768], [12.399874, 60.449641], [12.399788, 60.449641], [12.399788, 60.449599], [12.399616, 60.449599], [12.399616, 60.449641], [12.399445, 60.449684], [12.399445, 60.449853], [12.39953, 60.449853], [12.39953, 60.44998], [12.399616, 60.44998], [12.399616, 60.450107], [12.39953, 60.450107], [12.399616, 60.450911], [12.39953, 60.450911], [12.39953, 60.450954], [12.399015, 60.450954], [12.39893, 60.451038], [12.3985, 60.451038], [12.398415, 60.450954], [12.397213, 60.450996], [12.396955, 60.450827], [12.396784, 60.450827], [12.396784, 60.450784], [12.396698, 60.450784], [12.396698, 60.450657], [12.396526, 60.450615], [12.396526, 60.45053], [12.396269, 60.450446], [12.396269, 60.450319], [12.396097, 60.450276], [12.396097, 60.450192], [12.396183, 60.450192], [12.396269, 60.450107], [12.396526, 60.450107], [12.396526, 60.450065], [12.396612, 60.450065], [12.396612, 60.450403], [12.396955, 60.450361], [12.396955, 60.450403], [12.397041, 60.450403], [12.397041, 60.450573], [12.397127, 60.450573], [12.397127, 60.450615], [12.397385, 60.450615], [12.397385, 60.450657], [12.397728, 60.450615], [12.397728, 60.450784], [12.398758, 60.450784], [12.398758, 60.4507], [12.3985, 60.4507], [12.3985, 60.450488], [12.398415, 60.450488], [12.398415, 60.449557], [12.398243, 60.449557], [12.398243, 60.449768], [12.398071, 60.449768], [12.398071, 60.449726], [12.397985, 60.449726], [12.397985, 60.449514], [12.397814, 60.449514], [12.397814, 60.449557], [12.397642, 60.449599], [12.397642, 60.449938], [12.397728, 60.449938], [12.397728, 60.450022], [12.39747, 60.450107], [12.39747, 60.450276], [12.397127, 60.450276], [12.397127, 60.450319], [12.396955, 60.450319], [12.396955, 60.450276], [12.396784, 60.450234], [12.396784, 60.450065], [12.39687, 60.450065], [12.396955, 60.44998], [12.39687, 60.44998], [12.39687, 60.449938], [12.396698, 60.449938], [12.396698, 60.44998], [12.396612, 60.44998], [12.396612, 60.449768], [12.396698, 60.449768], [12.396698, 60.449726], [12.397213, 60.449726], [12.397213, 60.449641], [12.397127, 60.449641], [12.397213, 60.44943], [12.39687, 60.449345], [12.39687, 60.449218], [12.396955, 60.449218], [12.396955, 60.449176], [12.397041, 60.449176], [12.397041, 60.449091], [12.397213, 60.449049], [12.397213, 60.448964], [12.397127, 60.448964], [12.397127, 60.448922], [12.396955, 60.448922], [12.396955, 60.448837], [12.397127, 60.448837], [12.397127, 60.448795], [12.39747, 60.448668], [12.39747, 60.448456], [12.397385, 60.448456], [12.397385, 60.448372], [12.397642, 60.448372], [12.397728, 60.448456], [12.398329, 60.448456], [12.398329, 60.448414], [12.398586, 60.448329], [12.398586, 60.448075], [12.398672, 60.448075], [12.398672, 60.447991], [12.398586, 60.447991], [12.398586, 60.447779], [12.3985, 60.447779], [12.3985, 60.447737], [12.398071, 60.447737], [12.398071, 60.447694], [12.3979, 60.447694], [12.3979, 60.447652], [12.397814, 60.447652], [12.397814, 60.447313], [12.397728, 60.447313], [12.397642, 60.447229], [12.397213, 60.447229], [12.396955, 60.447059], [12.396784, 60.447059], [12.396784, 60.447017], [12.396441, 60.44689], [12.396441, 60.446594], [12.396526, 60.446594], [12.396441, 60.446424], [12.396612, 60.446382], [12.396612, 60.446128], [12.396441, 60.446086], [12.396441, 60.445874], [12.396355, 60.445874], [12.396355, 60.445662], [12.396269, 60.445662], [12.396269, 60.44562], [12.39584, 60.44562], [12.39584, 60.445704], [12.395754, 60.445704], [12.395754, 60.445874], [12.395668, 60.445874], [12.395668, 60.445916], [12.395067, 60.445916], [12.395067, 60.445874], [12.394981, 60.445874], [12.394981, 60.445832], [12.395153, 60.445789], [12.395153, 60.445577], [12.394981, 60.445577], [12.394981, 60.44562], [12.394724, 60.445704], [12.394724, 60.445789], [12.39481, 60.445789], [12.39481, 60.445832], [12.394552, 60.445832], [12.394295, 60.445662], [12.394037, 60.445662], [12.394037, 60.445704], [12.393951, 60.445704], [12.393951, 60.445832], [12.393866, 60.445832], [12.393866, 60.445874], [12.39378, 60.445874], [12.39378, 60.445916], [12.393694, 60.445916], [12.393694, 60.445959], [12.393608, 60.445959], [12.393608, 60.446001], [12.393265, 60.446128], [12.393351, 60.446382], [12.393093, 60.446382], [12.393093, 60.446424], [12.392921, 60.446424], [12.392836, 60.446509], [12.392492, 60.446509], [12.392492, 60.446467], [12.392406, 60.446467], [12.392406, 60.446424], [12.392492, 60.446424], [12.392492, 60.446297], [12.392235, 60.446297], [12.392235, 60.446424], [12.392321, 60.446424], [12.392321, 60.446509], [12.392235, 60.446509], [12.392235, 60.446805], [12.392321, 60.446805], [12.392321, 60.446848], [12.392492, 60.446848], [12.392492, 60.446805], [12.392578, 60.446805], [12.392578, 60.446848], [12.392664, 60.446848], [12.392664, 60.446932], [12.392578, 60.446932], [12.392578, 60.446975], [12.391806, 60.446975], [12.391806, 60.447017], [12.391634, 60.447017], [12.391548, 60.447102], [12.391205, 60.447102], [12.391205, 60.447059], [12.391033, 60.447017], [12.391033, 60.44689], [12.390947, 60.44689], [12.390776, 60.446763], [12.390604, 60.446763], [12.390518, 60.446678], [12.390347, 60.446678], [12.390347, 60.446763], [12.390432, 60.446763], [12.390432, 60.446848], [12.39069, 60.446932], [12.39069, 60.447017], [12.390604, 60.447017], [12.390604, 60.447059], [12.390347, 60.447144], [12.390347, 60.447229], [12.390175, 60.447271], [12.390175, 60.447483], [12.390347, 60.447525], [12.390347, 60.44761], [12.390261, 60.44761], [12.390261, 60.447652], [12.390089, 60.447652], [12.390089, 60.44761], [12.388115, 60.44761], [12.388115, 60.447652], [12.387857, 60.447652], [12.387857, 60.44761], [12.387772, 60.44761], [12.387686, 60.447313], [12.3876, 60.447313], [12.3876, 60.447229], [12.387428, 60.447186], [12.387514, 60.447102], [12.388201, 60.447102], [12.388201, 60.447059], [12.388287, 60.447059], [12.388287, 60.446763], [12.388372, 60.446763], [12.388372, 60.446721], [12.389317, 60.446721], [12.389402, 60.446805], [12.389574, 60.446805], [12.389574, 60.446763], [12.389746, 60.446721], [12.389746, 60.446594], [12.38966, 60.446594], [12.389574, 60.446509], [12.389402, 60.446509], [12.389402, 60.44634], [12.389317, 60.44634], [12.389231, 60.446255], [12.388544, 60.446255], [12.388544, 60.44634], [12.388458, 60.44634], [12.388458, 60.446382], [12.387772, 60.446382], [12.387772, 60.44634], [12.387514, 60.44634], [12.387514, 60.446255], [12.387428, 60.446255], [12.387428, 60.446213], [12.387085, 60.446213], [12.386827, 60.446043], [12.386656, 60.446043], [12.386656, 60.446001], [12.38657, 60.446001], [12.38657, 60.445959], [12.386656, 60.445959], [12.386656, 60.445874], [12.38657, 60.445874], [12.38657, 60.445832], [12.386398, 60.445832], [12.386484, 60.446043], [12.386398, 60.446043], [12.386312, 60.445959], [12.385969, 60.446086], [12.385969, 60.446213], [12.385883, 60.446213], [12.385883, 60.446255], [12.385626, 60.446255], [12.385626, 60.44634], [12.385712, 60.44634], [12.385626, 60.446551], [12.385712, 60.446551], [12.385712, 60.446594]], [[12.390175, 60.447271], [12.390175, 60.447186], [12.390089, 60.447186], [12.390089, 60.44689], [12.390003, 60.44689], [12.390003, 60.446848], [12.389746, 60.446848], [12.389746, 60.44689], [12.389317, 60.44689], [12.389317, 60.446848], [12.389059, 60.446848], [12.389059, 60.44689], [12.388973, 60.44689], [12.388973, 60.446975], [12.389059, 60.446975], [12.389059, 60.447229], [12.389145, 60.447229], [12.389145, 60.447271], [12.389317, 60.447271], [12.389317, 60.447229], [12.390003, 60.447229], [12.390003, 60.447271], [12.390175, 60.447271]], [[12.405539, 60.443842], [12.40571, 60.443842], [12.405968, 60.443672], [12.406225, 60.443672], [12.406225, 60.44363], [12.406311, 60.44363], [12.406311, 60.443503], [12.406397, 60.443503], [12.406397, 60.443461], [12.406569, 60.443461], [12.406569, 60.443418], [12.406654, 60.443418], [12.406654, 60.443376], [12.406998, 60.443249], [12.406998, 60.443164], [12.406569, 60.443207], [12.406311, 60.443376], [12.406054, 60.443376], [12.406054, 60.443418], [12.405624, 60.443461], [12.405539, 60.443545], [12.40571, 60.443545], [12.405796, 60.44363], [12.405453, 60.443715], [12.405453, 60.443799], [12.405539, 60.443799], [12.405539, 60.443842]], [[12.404766, 60.442148], [12.404938, 60.442148], [12.404938, 60.442063], [12.404766, 60.442063], [12.404766, 60.442148]], [[12.397299, 60.449345], [12.39747, 60.449345], [12.39747, 60.449303], [12.3979, 60.449303], [12.3979, 60.449218], [12.397814, 60.449218], [12.397814, 60.449176], [12.397299, 60.449176], [12.397299, 60.449218], [12.397213, 60.449218], [12.397213, 60.449303], [12.397299, 60.449303], [12.397299, 60.449345]]], [[[12.386398, 60.446043], [12.386398, 60.446255], [12.386227, 60.446297], [12.386227, 60.446128], [12.386312, 60.446128], [12.386312, 60.446043], [12.386398, 60.446043]]], [[[12.389145, 60.444688], [12.389145, 60.444646], [12.389059, 60.444646], [12.389059, 60.444561], [12.389145, 60.444561], [12.389145, 60.44435], [12.389059, 60.44435], [12.389059, 60.443884], [12.388973, 60.443884], [12.388973, 60.443842], [12.388802, 60.443842], [12.38863, 60.443672], [12.388372, 60.443672], [12.388372, 60.44363], [12.388287, 60.44363], [12.388287, 60.443545], [12.38863, 60.443461], [12.38863, 60.44291], [12.388544, 60.44291], [12.388544, 60.442826], [12.388716, 60.442783], [12.388716, 60.442656], [12.388544, 60.442614], [12.388544, 60.442487], [12.38863, 60.442487], [12.388544, 60.442402], [12.388029, 60.442402], [12.387943, 60.442317], [12.387772, 60.442317], [12.387772, 60.442487], [12.387857, 60.442487], [12.387857, 60.442571], [12.387772, 60.442571], [12.387772, 60.442614], [12.3876, 60.442614], [12.3876, 60.442571], [12.387171, 60.442614], [12.387171, 60.442571], [12.387085, 60.442571], [12.387085, 60.442487], [12.386913, 60.442487], [12.386913, 60.442529], [12.386827, 60.442529], [12.386827, 60.442614], [12.386913, 60.442614], [12.386913, 60.442699], [12.386827, 60.442699], [12.386827, 60.442953], [12.38657, 60.442953], [12.38657, 60.44291], [12.386398, 60.442953], [12.386398, 60.44308], [12.38657, 60.443122], [12.38657, 60.443249], [12.386484, 60.443249], [12.386484, 60.443715], [12.386227, 60.443715], [12.386227, 60.443757], [12.386141, 60.443757], [12.386141, 60.444138], [12.386055, 60.444138], [12.386055, 60.444096], [12.385626, 60.444096], [12.385626, 60.44418], [12.385454, 60.444223], [12.385454, 60.444392], [12.385368, 60.444392], [12.385283, 60.444561], [12.385111, 60.444604], [12.385111, 60.444392], [12.385197, 60.444392], [12.385197, 60.444265], [12.385454, 60.44418], [12.385368, 60.444096], [12.385283, 60.444096], [12.385283, 60.444138], [12.385111, 60.444138], [12.385111, 60.444096], [12.385025, 60.444096], [12.385025, 60.443969], [12.385197, 60.443926], [12.385197, 60.443799], [12.385111, 60.443799], [12.385111, 60.443757], [12.384768, 60.443757], [12.384768, 60.443799], [12.384682, 60.443799], [12.384682, 60.443884], [12.38451, 60.443926], [12.38451, 60.444053], [12.384167, 60.444138], [12.384167, 60.444223], [12.383995, 60.444265], [12.383995, 60.44435], [12.383652, 60.44435], [12.383652, 60.444223], [12.383823, 60.444223], [12.383823, 60.444096], [12.383652, 60.444096], [12.383652, 60.444053], [12.383995, 60.444096], [12.383995, 60.443884], [12.384081, 60.443884], [12.384081, 60.443842], [12.384253, 60.443842], [12.384253, 60.443799], [12.384338, 60.443799], [12.384338, 60.443715], [12.384424, 60.443715], [12.384596, 60.443588], [12.384939, 60.443588], [12.385025, 60.443503], [12.385197, 60.443503], [12.385111, 60.44308], [12.385197, 60.44308], [12.385197, 60.443037], [12.385454, 60.443037], [12.385454, 60.442995], [12.38554, 60.442995], [12.385626, 60.44291], [12.385798, 60.44291], [12.385798, 60.442868], [12.385883, 60.442868], [12.385883, 60.442783], [12.386055, 60.442741], [12.385969, 60.442529], [12.386055, 60.442529], [12.386055, 60.442487], [12.386227, 60.442487], [12.386227, 60.44236], [12.386055, 60.44236], [12.386055, 60.442275], [12.386398, 60.442275], [12.386398, 60.442233], [12.386484, 60.442233], [12.386484, 60.442148], [12.386656, 60.442148], [12.386656, 60.442233], [12.386742, 60.442233], [12.386742, 60.442275], [12.386999, 60.442275], [12.386999, 60.442317], [12.387085, 60.442317], [12.387085, 60.442402], [12.387171, 60.442402], [12.387171, 60.442444], [12.387342, 60.442444], [12.387342, 60.442402], [12.387514, 60.44236], [12.387514, 60.442275], [12.3876, 60.442275], [12.3876, 60.442233], [12.388973, 60.442233], [12.388973, 60.442317], [12.388887, 60.442317], [12.388973, 60.442953], [12.388802, 60.442995], [12.388802, 60.443122], [12.388716, 60.443122], [12.388716, 60.443207], [12.388802, 60.443207], [12.388802, 60.443291], [12.388716, 60.443291], [12.388802, 60.443461], [12.38863, 60.443503], [12.38863, 60.44363], [12.388716, 60.44363], [12.388716, 60.443672], [12.388887, 60.443672], [12.388887, 60.443715], [12.389231, 60.443842], [12.389231, 60.444011], [12.389317, 60.444011], [12.389317, 60.444053], [12.389402, 60.444053], [12.389402, 60.444138], [12.389488, 60.444138], [12.389488, 60.444561], [12.389145, 60.444688]], [[12.383823, 60.444307], [12.383909, 60.444307], [12.383909, 60.444265], [12.383823, 60.444265], [12.383823, 60.444307]]], [[[12.395668, 60.444096], [12.395325, 60.444138], [12.395325, 60.444096], [12.395239, 60.444096], [12.395239, 60.444011], [12.395582, 60.444011], [12.395668, 60.444096]]], [[[12.396784, 60.44435], [12.396441, 60.44435], [12.396441, 60.444307], [12.396269, 60.444265], [12.396355, 60.44418], [12.396526, 60.44418], [12.396784, 60.44435]]], [[[12.386141, 60.444138], [12.386484, 60.444223], [12.386484, 60.444307], [12.38657, 60.444307], [12.38657, 60.444392], [12.386656, 60.444392], [12.386656, 60.444434], [12.387171, 60.444434], [12.387171, 60.444392], [12.387257, 60.444392], [12.387257, 60.444265], [12.387342, 60.444265], [12.387342, 60.444223], [12.387514, 60.444223], [12.387514, 60.44418], [12.3876, 60.44418], [12.3876, 60.444096], [12.387686, 60.444096], [12.3876, 60.443884], [12.387857, 60.443884], [12.387857, 60.443926], [12.387943, 60.443926], [12.387943, 60.444096], [12.388201, 60.444096], [12.388201, 60.444053], [12.388372, 60.444096], [12.388372, 60.444265], [12.388029, 60.444265], [12.388029, 60.444561], [12.387857, 60.444604], [12.387857, 60.444646], [12.387686, 60.444646], [12.387686, 60.444688], [12.387514, 60.444731], [12.387428, 60.4449], [12.387342, 60.4449], [12.387342, 60.444942], [12.387085, 60.444942], [12.387085, 60.4449], [12.386999, 60.4449], [12.386999, 60.444815], [12.386913, 60.444815], [12.386913, 60.444773], [12.386656, 60.444773], [12.386656, 60.444688], [12.38657, 60.444688], [12.38657, 60.444646], [12.386227, 60.444646], [12.386227, 60.444561], [12.386398, 60.444519], [12.386398, 60.444392], [12.386227, 60.44435], [12.386227, 60.444265], [12.386141, 60.444265], [12.386141, 60.444138]]], [[[12.387857, 60.444646], [12.387943, 60.444646], [12.387943, 60.444731], [12.387857, 60.444731], [12.387857, 60.444646]]]]}, "properties": {"periode": "host_2024_til_host_2025", "areal_ha": 56.91, "andel_innenfor_jaktfelt": 0.0, "jaktfelt": "Kongshov skog", "grunnlinje": "2024-09-15", "observert": "2026-09-03", "bekreftet": "2026-09-10"}}, {"type": "Feature", "geometry": {"type": "Polygon", "coordinates": [[[12.396955, 60.441301], [12.39687, 60.441217], [12.396612, 60.441217], [12.396526, 60.441132], [12.396011, 60.441132], [12.395926, 60.441217], [12.395754, 60.441217], [12.395754, 60.441174], [12.395582, 60.441132], [12.395582, 60.441047], [12.395926, 60.441047], [12.396097, 60.440836], [12.396612, 60.440793], [12.396612, 60.440836], [12.396784, 60.440878], [12.396784, 60.440963], [12.397127, 60.44109], [12.397127, 60.441259], [12.396955, 60.441301]]]}, "properties": {"periode": "host_2024_til_host_2025", "areal_ha": 0.24, "andel_innenfor_jaktfelt": 0.17, "jaktfelt": "Kongshov skog", "grunnlinje": "2024-09-15", "observert": "2026-09-03", "bekreftet": "2026-09-10"}}, {"type": "Feature", "geometry": {"type": "Polygon", "coordinates": [[[12.458754, 60.441301], [12.458754, 60.441174], [12.458582, 60.441132], [12.458582, 60.440793], [12.458754, 60.440751], [12.458754, 60.440624], [12.458925, 60.440624], [12.458925, 60.440793], [12.458754, 60.440836], [12.458754, 60.441005], [12.458925, 60.441047], [12.458925, 60.441301], [12.458754, 60.441301]]]}, "properties": {"periode": "host_2024_til_host_2025", "areal_ha": 0.09, "andel_innenfor_jaktfelt": 1.0, "jaktfelt": "Kongshov skog", "grunnlinje": "2024-09-15", "observert": "2026-09-03", "bekreftet": "2026-09-10"}}, {"type": "Feature", "geometry": {"type": "MultiPolygon", "coordinates": [[[[12.397041, 60.44092], [12.397041, 60.440878], [12.396955, 60.440878], [12.396955, 60.440793], [12.39687, 60.440793], [12.39687, 60.440708], [12.396698, 60.440666], [12.396698, 60.440539], [12.396784, 60.440539], [12.396784, 60.440581], [12.396955, 60.440581], [12.396955, 60.440624], [12.397127, 60.440666], [12.397127, 60.440878], [12.397299, 60.440878], [12.397299, 60.440793], [12.39747, 60.440751], [12.39747, 60.440497], [12.397556, 60.440497], [12.397556, 60.440581], [12.397642, 60.440581], [12.397642, 60.440751], [12.39747, 60.440793], [12.39747, 60.440878], [12.397385, 60.440878], [12.397385, 60.44092], [12.397041, 60.44092]]], [[[12.39747, 60.440497], [12.397385, 60.440497], [12.397385, 60.440454], [12.39747, 60.440454], [12.39747, 60.440497]]]]}, "properties": {"periode": "host_2024_til_host_2025", "areal_ha": 0.1, "andel_innenfor_jaktfelt": 1.0, "jaktfelt": "Kongshov skog", "grunnlinje": "2024-09-15", "observert": "2026-09-03", "bekreftet": "2026-09-10"}}, {"type": "Feature", "geometry": {"type": "Polygon", "coordinates": [[[12.401075, 60.440285], [12.401075, 60.4402], [12.400904, 60.4402], [12.400904, 60.440158], [12.400818, 60.440158], [12.400818, 60.440073], [12.40099, 60.440116], [12.401075, 60.440031], [12.401247, 60.440031], [12.401247, 60.4402], [12.401161, 60.4402], [12.401161, 60.440285], [12.401075, 60.440285]]]}, "properties": {"periode": "host_2024_til_host_2025", "areal_ha": 0.04, "andel_innenfor_jaktfelt": 1.0, "jaktfelt": "Kongshov skog", "grunnlinje": "2024-09-15", "observert": "2026-09-03", "bekreftet": "2026-09-10"}}, {"type": "Feature", "geometry": {"type": "Polygon", "coordinates": [[[12.396612, 60.440412], [12.396612, 60.440327], [12.396526, 60.440327], [12.396526, 60.440158], [12.396441, 60.440158], [12.396441, 60.440031], [12.396526, 60.440031], [12.396612, 60.439946], [12.397041, 60.439946], [12.397127, 60.440031], [12.396698, 60.440031], [12.396698, 60.440412], [12.396612, 60.440412]]]}, "properties": {"periode": "host_2024_til_host_2025", "areal_ha": 0.07, "andel_innenfor_jaktfelt": 1.0, "jaktfelt": "Kongshov skog", "grunnlinje": "2024-09-15", "observert": "2026-09-03", "bekreftet": "2026-09-10"}}, {"type": "Feature", "geometry": {"type": "Polygon", "coordinates": [[[12.459011, 60.440285], [12.459011, 60.440243], [12.458839, 60.4402], [12.458839, 60.440158], [12.458925, 60.440158], [12.458925, 60.440073], [12.458839, 60.440073], [12.458839, 60.439989], [12.458925, 60.439989], [12.458839, 60.439777], [12.458925, 60.439777], [12.458925, 60.439735], [12.459269, 60.439608], [12.459269, 60.43965], [12.459354, 60.43965], [12.459354, 60.439819], [12.459269, 60.439819], [12.459269, 60.439904], [12.459183, 60.439904], [12.459183, 60.439946], [12.459011, 60.439946], [12.459011, 60.4402], [12.459183, 60.4402], [12.459183, 60.440285], [12.459011, 60.440285]]]}, "properties": {"periode": "host_2024_til_host_2025", "areal_ha": 0.1, "andel_innenfor_jaktfelt": 1.0, "jaktfelt": "Kongshov skog", "grunnlinje": "2024-09-15", "observert": "2026-09-03", "bekreftet": "2026-09-10"}}, {"type": "Feature", "geometry": {"type": "Polygon", "coordinates": [[[12.402449, 60.440624], [12.402449, 60.440581], [12.402534, 60.440581], [12.402534, 60.440412], [12.402878, 60.440412], [12.402878, 60.44037], [12.403049, 60.44037], [12.403049, 60.440327], [12.403221, 60.440285], [12.403221, 60.440158], [12.403049, 60.440116], [12.403049, 60.439862], [12.402706, 60.439862], [12.40262, 60.439692], [12.402706, 60.439692], [12.402706, 60.439608], [12.402792, 60.439608], [12.402878, 60.439692], [12.403049, 60.439692], [12.403049, 60.43965], [12.403135, 60.43965], [12.403135, 60.439438], [12.403221, 60.439438], [12.403221, 60.439396], [12.403393, 60.439396], [12.403393, 60.439608], [12.403564, 60.43965], [12.403564, 60.439692], [12.403393, 60.439735], [12.403393, 60.439862], [12.403479, 60.439862], [12.403479, 60.439946], [12.403564, 60.439946], [12.403564, 60.439989], [12.403736, 60.439946], [12.403736, 60.439862], [12.403908, 60.439904], [12.403908, 60.440158], [12.403822, 60.440158], [12.403736, 60.440243], [12.403307, 60.440243], [12.403135, 60.440412], [12.402964, 60.440412], [12.402878, 60.440497], [12.402706, 60.440497], [12.402706, 60.440539], [12.402449, 60.440624]]]}, "properties": {"periode": "host_2024_til_host_2025", "areal_ha": 0.35, "andel_innenfor_jaktfelt": 1.0, "jaktfelt": "Kongshov skog", "grunnlinje": "2024-09-15", "observert": "2026-09-03", "bekreftet": "2026-09-10"}}, {"type": "Feature", "geometry": {"type": "Polygon", "coordinates": [[[12.459183, 60.439565], [12.459183, 60.439438], [12.459269, 60.439438], [12.459269, 60.439396], [12.45944, 60.439396], [12.45944, 60.439523], [12.459354, 60.439523], [12.459354, 60.439565], [12.459183, 60.439565]]]}, "properties": {"periode": "host_2024_til_host_2025", "areal_ha": 0.02, "andel_innenfor_jaktfelt": 1.0, "jaktfelt": "Kongshov skog", "grunnlinje": "2024-09-15", "observert": "2026-09-03", "bekreftet": "2026-09-10"}}, {"type": "Feature", "geometry": {"type": "Polygon", "coordinates": [[[12.402191, 60.439608], [12.402191, 60.439565], [12.402105, 60.439565], [12.401848, 60.439396], [12.401247, 60.439438], [12.401247, 60.439311], [12.400131, 60.439311], [12.400131, 60.439226], [12.402277, 60.439226], [12.402277, 60.439269], [12.402363, 60.439269], [12.402363, 60.439438], [12.402449, 60.439438], [12.402449, 60.439481], [12.402706, 60.439481], [12.402706, 60.439565], [12.40262, 60.439565], [12.40262, 60.439523], [12.402449, 60.439523], [12.402363, 60.439608], [12.402191, 60.439608]], [[12.401934, 60.439438], [12.402105, 60.439438], [12.402105, 60.439396], [12.402191, 60.439396], [12.402191, 60.439311], [12.401934, 60.439311], [12.401934, 60.439438]]]}, "properties": {"periode": "host_2024_til_host_2025", "areal_ha": 0.22, "andel_innenfor_jaktfelt": 1.0, "jaktfelt": "Kongshov skog", "grunnlinje": "2024-09-15", "observert": "2026-09-03", "bekreftet": "2026-09-10"}}, {"type": "Feature", "geometry": {"type": "Polygon", "coordinates": [[[12.413349, 60.439269], [12.413349, 60.439226], [12.413435, 60.439226], [12.413435, 60.438972], [12.413692, 60.438972], [12.413692, 60.439015], [12.41395, 60.439015], [12.41395, 60.438972], [12.414036, 60.438972], [12.414036, 60.439099], [12.41395, 60.439099], [12.41395, 60.439142], [12.413607, 60.439142], [12.413607, 60.439226], [12.413521, 60.439226], [12.413521, 60.439269], [12.413349, 60.439269]]]}, "properties": {"periode": "host_2024_til_host_2025", "areal_ha": 0.07, "andel_innenfor_jaktfelt": 1.0, "jaktfelt": "Kongshov skog", "grunnlinje": "2024-09-15", "observert": "2026-09-03", "bekreftet": "2026-09-10"}}, {"type": "Feature", "geometry": {"type": "MultiPolygon", "coordinates": [[[[12.391891, 60.439862], [12.391891, 60.439311], [12.391806, 60.439311], [12.391806, 60.439142], [12.391977, 60.439099], [12.391977, 60.438888], [12.392149, 60.438845], [12.392149, 60.438972], [12.392321, 60.438972], [12.392321, 60.43893], [12.392492, 60.438888], [12.392492, 60.438761], [12.392406, 60.438761], [12.392406, 60.438718], [12.392149, 60.438718], [12.392149, 60.438464], [12.392235, 60.438464], [12.392235, 60.43838], [12.392406, 60.43838], [12.392406, 60.438422], [12.392492, 60.438422], [12.392492, 60.438591], [12.392578, 60.438591], [12.392578, 60.438634], [12.392921, 60.438761], [12.392921, 60.439015], [12.393007, 60.439015], [12.393007, 60.439057], [12.393179, 60.439057], [12.393179, 60.439142], [12.393007, 60.439142], [12.393007, 60.439184], [12.392921, 60.439184], [12.392921, 60.439438], [12.392836, 60.439438], [12.392836, 60.439481], [12.392406, 60.439481], [12.392406, 60.439608], [12.392235, 60.43965], [12.392235, 60.439735], [12.392321, 60.439735], [12.392321, 60.439777], [12.392664, 60.439777], [12.39275, 60.439862], [12.393007, 60.439862], [12.393007, 60.439904], [12.393351, 60.440031], [12.393351, 60.440116], [12.393522, 60.440158], [12.393522, 60.440243], [12.39378, 60.440327], [12.39378, 60.440581], [12.393522, 60.440581], [12.393522, 60.440624], [12.393436, 60.440624], [12.393436, 60.4402], [12.393351, 60.4402], [12.393265, 60.440116], [12.393093, 60.440116], [12.392921, 60.439946], [12.392578, 60.439946], [12.392578, 60.439989], [12.392492, 60.439989], [12.392492, 60.440158], [12.392149, 60.4402], [12.392149, 60.439862], [12.392063, 60.439862], [12.392063, 60.439819], [12.391891, 60.439862]]], [[[12.391891, 60.439862], [12.391891, 60.440031], [12.391806, 60.440031], [12.39172, 60.440116], [12.391205, 60.440116], [12.391205, 60.440031], [12.391291, 60.440031], [12.391462, 60.439904], [12.391806, 60.439904], [12.391806, 60.439862], [12.391891, 60.439862]]], [[[12.393436, 60.440624], [12.393436, 60.440666], [12.393265, 60.440666], [12.393179, 60.440751], [12.392836, 60.440751], [12.392836, 60.440793], [12.392664, 60.440836], [12.392664, 60.440793], [12.392578, 60.440793], [12.392578, 60.440539], [12.392492, 60.440539], [12.392492, 60.440497], [12.392149, 60.440497], [12.392149, 60.440539], [12.391977, 60.440539], [12.391977, 60.440327], [12.392063, 60.440327], [12.392063, 60.440285], [12.392492, 60.440327], [12.392578, 60.440243], [12.392921, 60.440243], [12.392921, 60.440285], [12.393007, 60.440285], [12.393007, 60.44037], [12.393093, 60.44037], [12.393093, 60.440497], [12.393265, 60.440539], [12.393265, 60.440624], [12.393436, 60.440624]]]]}, "properties": {"periode": "host_2024_til_host_2025", "areal_ha": 1.16, "andel_innenfor_jaktfelt": 0.0, "jaktfelt": "Kongshov skog", "grunnlinje": "2024-09-15", "observert": "2026-09-03", "bekreftet": "2026-09-10"}}, {"type": "Feature", "geometry": {"type": "MultiPolygon", "coordinates": [[[[12.411375, 60.438549], [12.411375, 60.438507], [12.411547, 60.438464], [12.411547, 60.43838], [12.411633, 60.43838], [12.411633, 60.438337], [12.411804, 60.438337], [12.411804, 60.43838], [12.411718, 60.43838], [12.411718, 60.438464], [12.411633, 60.438464], [12.411547, 60.438549], [12.411375, 60.438549]]], [[[12.411804, 60.43838], [12.41189, 60.43838], [12.41189, 60.438464], [12.412062, 60.438507], [12.412062, 60.438549], [12.41189, 60.438549], [12.41189, 60.438507], [12.411804, 60.438507], [12.411804, 60.43838]]]]}, "properties": {"periode": "host_2024_til_host_2025", "areal_ha": 0.04, "andel_innenfor_jaktfelt": 1.0, "jaktfelt": "Kongshov skog", "grunnlinje": "2024-09-15", "observert": "2026-09-03", "bekreftet": "2026-09-10"}}, {"type": "Feature", "geometry": {"type": "Polygon", "coordinates": [[[12.459354, 60.439269], [12.459354, 60.439184], [12.45944, 60.439184], [12.45944, 60.439015], [12.459354, 60.439015], [12.459354, 60.438972], [12.458839, 60.438972], [12.458839, 60.43893], [12.458754, 60.43893], [12.458754, 60.438803], [12.458582, 60.438803], [12.458582, 60.438761], [12.458496, 60.438761], [12.458496, 60.438634], [12.458668, 60.438591], [12.458668, 60.438253], [12.458754, 60.438253], [12.458754, 60.43821], [12.458839, 60.43821], [12.458839, 60.438337], [12.459011, 60.438337], [12.459011, 60.43838], [12.458925, 60.43838], [12.458925, 60.438591], [12.459097, 60.438634], [12.459097, 60.438888], [12.459354, 60.438888], [12.45944, 60.438803], [12.459698, 60.438803], [12.459698, 60.43893], [12.459612, 60.43893], [12.459612, 60.439226], [12.459526, 60.439226], [12.459526, 60.439269], [12.459354, 60.439269]]]}, "properties": {"periode": "host_2024_til_host_2025", "areal_ha": 0.24, "andel_innenfor_jaktfelt": 1.0, "jaktfelt": "Kongshov skog", "grunnlinje": "2024-09-15", "observert": "2026-09-03", "bekreftet": "2026-09-10"}}, {"type": "Feature", "geometry": {"type": "MultiPolygon", "coordinates": [[[[12.412233, 60.438549], [12.412233, 60.438507], [12.412405, 60.438507], [12.412405, 60.438549], [12.412233, 60.438549]]], [[[12.412405, 60.438507], [12.412405, 60.43838], [12.412233, 60.43838], [12.412233, 60.438422], [12.412148, 60.438422], [12.412148, 60.438253], [12.412233, 60.438253], [12.412233, 60.43821], [12.412405, 60.43821], [12.412405, 60.438253], [12.412491, 60.438253], [12.412491, 60.438507], [12.412405, 60.438507]]]]}, "properties": {"periode": "host_2024_til_host_2025", "areal_ha": 0.04, "andel_innenfor_jaktfelt": 1.0, "jaktfelt": "Kongshov skog", "grunnlinje": "2024-09-15", "observert": "2026-09-03", "bekreftet": "2026-09-10"}}, {"type": "Feature", "geometry": {"type": "Polygon", "coordinates": [[[12.457552, 60.438168], [12.457552, 60.437956], [12.457724, 60.437956], [12.457724, 60.438168], [12.457552, 60.438168]]]}, "properties": {"periode": "host_2024_til_host_2025", "areal_ha": 0.02, "andel_innenfor_jaktfelt": 1.0, "jaktfelt": "Kongshov skog", "grunnlinje": "2024-09-15", "observert": "2026-09-03", "bekreftet": "2026-09-10"}}, {"type": "Feature", "geometry": {"type": "Polygon", "coordinates": [[[12.393951, 60.43893], [12.393951, 60.438888], [12.393608, 60.438888], [12.393522, 60.438803], [12.393179, 60.438803], [12.393179, 60.438761], [12.393093, 60.438761], [12.393093, 60.438676], [12.393265, 60.438634], [12.393265, 60.438549], [12.393179, 60.438549], [12.393179, 60.438507], [12.393007, 60.438507], [12.392836, 60.43838], [12.392921, 60.43838], [12.392921, 60.438337], [12.393093, 60.438337], [12.393093, 60.438295], [12.393179, 60.438295], [12.393179, 60.43821], [12.393265, 60.43821], [12.393265, 60.438168], [12.393436, 60.438168], [12.393522, 60.438083], [12.393866, 60.438083], [12.393866, 60.438168], [12.393522, 60.438125], [12.393522, 60.438295], [12.393436, 60.438295], [12.393436, 60.438337], [12.393265, 60.438337], [12.393265, 60.43838], [12.393179, 60.43838], [12.393179, 60.438464], [12.393265, 60.438464], [12.393265, 60.438507], [12.394209, 60.438507], [12.394209, 60.438464], [12.394295, 60.438464], [12.394295, 60.438168], [12.394209, 60.438168], [12.394209, 60.438125], [12.394037, 60.438125], [12.394037, 60.437956], [12.394209, 60.437956], [12.394209, 60.437998], [12.394295, 60.437998], [12.394295, 60.438041], [12.394638, 60.438168], [12.394638, 60.438253], [12.394724, 60.438253], [12.394724, 60.438295], [12.394896, 60.438295], [12.394896, 60.438337], [12.395067, 60.43838], [12.395067, 60.438634], [12.394896, 60.438676], [12.394896, 60.438803], [12.394724, 60.438803], [12.394724, 60.438718], [12.394638, 60.438718], [12.394638, 60.438676], [12.394381, 60.438676], [12.394381, 60.438803], [12.394295, 60.438803], [12.394295, 60.438845], [12.394123, 60.438845], [12.394123, 60.438888], [12.393951, 60.43893]]]}, "properties": {"periode": "host_2024_til_host_2025", "areal_ha": 0.58, "andel_innenfor_jaktfelt": 0.0, "jaktfelt": "Kongshov skog", "grunnlinje": "2024-09-15", "observert": "2026-09-03", "bekreftet": "2026-09-10"}}, {"type": "Feature", "geometry": {"type": "Polygon", "coordinates": [[[12.409143, 60.438083], [12.409143, 60.438041], [12.408886, 60.438041], [12.4088, 60.437956], [12.408886, 60.437956], [12.408886, 60.437914], [12.409315, 60.437914], [12.409315, 60.437956], [12.409401, 60.437956], [12.409401, 60.438041], [12.409315, 60.438041], [12.409315, 60.438083], [12.409143, 60.438083]]]}, "properties": {"periode": "host_2024_til_host_2025", "areal_ha": 0.04, "andel_innenfor_jaktfelt": 1.0, "jaktfelt": "Kongshov skog", "grunnlinje": "2024-09-15", "observert": "2026-09-03", "bekreftet": "2026-09-10"}}, {"type": "Feature", "geometry": {"type": "Polygon", "coordinates": [[[12.458839, 60.438125], [12.458839, 60.437787], [12.458754, 60.437787], [12.458754, 60.437702], [12.458925, 60.437702], [12.458925, 60.437744], [12.459011, 60.437744], [12.459011, 60.437871], [12.459183, 60.437914], [12.459183, 60.438083], [12.459097, 60.438083], [12.459097, 60.438125], [12.458839, 60.438125]]]}, "properties": {"periode": "host_2024_til_host_2025", "areal_ha": 0.07, "andel_innenfor_jaktfelt": 1.0, "jaktfelt": "Kongshov skog", "grunnlinje": "2024-09-15", "observert": "2026-09-03", "bekreftet": "2026-09-10"}}, {"type": "Feature", "geometry": {"type": "Polygon", "coordinates": [[[12.410603, 60.438168], [12.410603, 60.437702], [12.410688, 60.437702], [12.410688, 60.43766], [12.411032, 60.43766], [12.411032, 60.437702], [12.410946, 60.437702], [12.410946, 60.437956], [12.411032, 60.437956], [12.411032, 60.438041], [12.410774, 60.438041], [12.410774, 60.438168], [12.410603, 60.438168]]]}, "properties": {"periode": "host_2024_til_host_2025", "areal_ha": 0.1, "andel_innenfor_jaktfelt": 1.0, "jaktfelt": "Kongshov skog", "grunnlinje": "2024-09-15", "observert": "2026-09-03", "bekreftet": "2026-09-10"}}, {"type": "Feature", "geometry": {"type": "Polygon", "coordinates": [[[12.458324, 60.437702], [12.458324, 60.43766], [12.458153, 60.43766], [12.458153, 60.437617], [12.458067, 60.437617], [12.458067, 60.437533], [12.458496, 60.437575], [12.458496, 60.437702], [12.458324, 60.437702]]]}, "properties": {"periode": "host_2024_til_host_2025", "areal_ha": 0.03, "andel_innenfor_jaktfelt": 1.0, "jaktfelt": "Kongshov skog", "grunnlinje": "2024-09-15", "observert": "2026-09-03", "bekreftet": "2026-09-10"}}, {"type": "Feature", "geometry": {"type": "Polygon", "coordinates": [[[12.413864, 60.438676], [12.413864, 60.438295], [12.413692, 60.438253], [12.413692, 60.438168], [12.413607, 60.438168], [12.413692, 60.438083], [12.413607, 60.438083], [12.413607, 60.438041], [12.413692, 60.438041], [12.413692, 60.437956], [12.413864, 60.437914], [12.413864, 60.437787], [12.41395, 60.437787], [12.41395, 60.437702], [12.414036, 60.437702], [12.414036, 60.437533], [12.413864, 60.43749], [12.413864, 60.437321], [12.414207, 60.437321], [12.414207, 60.437744], [12.41395, 60.437829], [12.413864, 60.438041], [12.41395, 60.438041], [12.41395, 60.43821], [12.414293, 60.438295], [12.414293, 60.438464], [12.414207, 60.438464], [12.414207, 60.438507], [12.414036, 60.438507], [12.414036, 60.438549], [12.41395, 60.438549], [12.41395, 60.438676], [12.413864, 60.438676]]]}, "properties": {"periode": "host_2024_til_host_2025", "areal_ha": 0.21, "andel_innenfor_jaktfelt": 1.0, "jaktfelt": "Kongshov skog", "grunnlinje": "2024-09-15", "observert": "2026-09-03", "bekreftet": "2026-09-10"}}, {"type": "Feature", "geometry": {"type": "Polygon", "coordinates": [[[12.412233, 60.43694], [12.412319, 60.436855], [12.412663, 60.436855], [12.412663, 60.436897], [12.412748, 60.436897], [12.412748, 60.43694], [12.412233, 60.43694]]]}, "properties": {"periode": "host_2024_til_host_2025", "areal_ha": 0.02, "andel_innenfor_jaktfelt": 1.0, "jaktfelt": "Kongshov skog", "grunnlinje": "2024-09-15", "observert": "2026-09-03", "bekreftet": "2026-09-10"}}, {"type": "Feature", "geometry": {"type": "Polygon", "coordinates": [[[12.458754, 60.437236], [12.458754, 60.436982], [12.458582, 60.43694], [12.458668, 60.43677], [12.458839, 60.43677], [12.458839, 60.436813], [12.458925, 60.436813], [12.458925, 60.436982], [12.459097, 60.437024], [12.459097, 60.437067], [12.458925, 60.437067], [12.458925, 60.437152], [12.459011, 60.437152], [12.459011, 60.437194], [12.458925, 60.437194], [12.458925, 60.437236], [12.458754, 60.437236]]]}, "properties": {"periode": "host_2024_til_host_2025", "areal_ha": 0.07, "andel_innenfor_jaktfelt": 1.0, "jaktfelt": "Kongshov skog", "grunnlinje": "2024-09-15", "observert": "2026-09-03", "bekreftet": "2026-09-10"}}, {"type": "Feature", "geometry": {"type": "Polygon", "coordinates": [[[12.413521, 60.437194], [12.413521, 60.437152], [12.413435, 60.437152], [12.413435, 60.43694], [12.413692, 60.436855], [12.413692, 60.436559], [12.413778, 60.436559], [12.413778, 60.436516], [12.413864, 60.436516], [12.413864, 60.436559], [12.414465, 60.436559], [12.414465, 60.436813], [12.414551, 60.436813], [12.414551, 60.436855], [12.414465, 60.436855], [12.414465, 60.436897], [12.414207, 60.436897], [12.414036, 60.43677], [12.413864, 60.43677], [12.413864, 60.436813], [12.413778, 60.436813], [12.413778, 60.437024], [12.413607, 60.437067], [12.413607, 60.437152], [12.413692, 60.437152], [12.413692, 60.437194], [12.413521, 60.437194]]]}, "properties": {"periode": "host_2024_til_host_2025", "areal_ha": 0.19, "andel_innenfor_jaktfelt": 1.0, "jaktfelt": "Kongshov skog", "grunnlinje": "2024-09-15", "observert": "2026-09-03", "bekreftet": "2026-09-10"}}, {"type": "Feature", "geometry": {"type": "Polygon", "coordinates": [[[12.398243, 60.436559], [12.398243, 60.436516], [12.398071, 60.436474], [12.398071, 60.436389], [12.398157, 60.436389], [12.398157, 60.436305], [12.398071, 60.436305], [12.398071, 60.436262], [12.398157, 60.436262], [12.398157, 60.43622], [12.3985, 60.43622], [12.3985, 60.436305], [12.398415, 60.436305], [12.398415, 60.436559], [12.398243, 60.436559]]]}, "properties": {"periode": "host_2024_til_host_2025", "areal_ha": 0.06, "andel_innenfor_jaktfelt": 1.0, "jaktfelt": "Kongshov skog", "grunnlinje": "2024-09-15", "observert": "2026-09-03", "bekreftet": "2026-09-10"}}, {"type": "Feature", "geometry": {"type": "Polygon", "coordinates": [[[12.39069, 60.43694], [12.39069, 60.436897], [12.390604, 60.436897], [12.390604, 60.436643], [12.390347, 60.436643], [12.390347, 60.436686], [12.390089, 60.436686], [12.390089, 60.436643], [12.390003, 60.436643], [12.390003, 60.436601], [12.390089, 60.436601], [12.390089, 60.436305], [12.390432, 60.43622], [12.390432, 60.436008], [12.390604, 60.436008], [12.390604, 60.436262], [12.390518, 60.436262], [12.390518, 60.436305], [12.390347, 60.436305], [12.390347, 60.436432], [12.390432, 60.436432], [12.390432, 60.436474], [12.390604, 60.436474], [12.39069, 60.436389], [12.390862, 60.436389], [12.390862, 60.436897], [12.39069, 60.43694]]]}, "properties": {"periode": "host_2024_til_host_2025", "areal_ha": 0.21, "andel_innenfor_jaktfelt": 0.0, "jaktfelt": "Kongshov skog", "grunnlinje": "2024-09-15", "observert": "2026-09-03", "bekreftet": "2026-09-10"}}, {"type": "Feature", "geometry": {"type": "Polygon", "coordinates": [[[12.457809, 60.436262], [12.457809, 60.436178], [12.457724, 60.436178], [12.457724, 60.435839], [12.457981, 60.435754], [12.457981, 60.435796], [12.458067, 60.435796], [12.458067, 60.436093], [12.457895, 60.436093], [12.457895, 60.436262], [12.457809, 60.436262]]]}, "properties": {"periode": "host_2024_til_host_2025", "areal_ha": 0.08, "andel_innenfor_jaktfelt": 1.0, "jaktfelt": "Kongshov skog", "grunnlinje": "2024-09-15", "observert": "2026-09-03", "bekreftet": "2026-09-10"}}, {"type": "Feature", "geometry": {"type": "MultiPolygon", "coordinates": [[[[12.39069, 60.435839], [12.390518, 60.435881], [12.390432, 60.435796], [12.390604, 60.435796], [12.39069, 60.435712], [12.391119, 60.435754], [12.391119, 60.435796], [12.391291, 60.435796], [12.391291, 60.435754], [12.391376, 60.435754], [12.391376, 60.435839], [12.391291, 60.435839], [12.391291, 60.435881], [12.391119, 60.435923], [12.391119, 60.436008], [12.390947, 60.43605], [12.390947, 60.436008], [12.390776, 60.435966], [12.390776, 60.435881], [12.39069, 60.435881], [12.39069, 60.435839]], [[12.39069, 60.435839], [12.390776, 60.435839], [12.390776, 60.435754], [12.39069, 60.435754], [12.39069, 60.435839]]], [[[12.391376, 60.435754], [12.391376, 60.435669], [12.391291, 60.435669], [12.391291, 60.435627], [12.391119, 60.435627], [12.391119, 60.435669], [12.391033, 60.435669], [12.391119, 60.435246], [12.391205, 60.435246], [12.391291, 60.435161], [12.391548, 60.435161], [12.391634, 60.435246], [12.39172, 60.435246], [12.391891, 60.435119], [12.392063, 60.435119], [12.392149, 60.435204], [12.392321, 60.435161], [12.392321, 60.435204], [12.392235, 60.435204], [12.392235, 60.435288], [12.392321, 60.435288], [12.392321, 60.435331], [12.392235, 60.435331], [12.392235, 60.435373], [12.391806, 60.435373], [12.391806, 60.435415], [12.391634, 60.435458], [12.391634, 60.435669], [12.391376, 60.435754]]]]}, "properties": {"periode": "host_2024_til_host_2025", "areal_ha": 0.34, "andel_innenfor_jaktfelt": 0.0, "jaktfelt": "Kongshov skog", "grunnlinje": "2024-09-15", "observert": "2026-09-03", "bekreftet": "2026-09-10"}}, {"type": "Feature", "geometry": {"type": "MultiPolygon", "coordinates": [[[[12.391119, 60.434738], [12.391119, 60.434611], [12.391291, 60.434611], [12.391291, 60.434568], [12.391376, 60.434568], [12.391376, 60.434399], [12.39172, 60.434399], [12.39172, 60.434695], [12.391634, 60.434695], [12.391634, 60.434738], [12.391119, 60.434738]]], [[[12.391119, 60.434611], [12.391033, 60.434611], [12.390947, 60.434526], [12.391033, 60.434526], [12.391119, 60.434611]]]]}, "properties": {"periode": "host_2024_til_host_2025", "areal_ha": 0.1, "andel_innenfor_jaktfelt": 0.0, "jaktfelt": "Kongshov skog", "grunnlinje": "2024-09-15", "observert": "2026-09-03", "bekreftet": "2026-09-10"}}, {"type": "Feature", "geometry": {"type": "Polygon", "coordinates": [[[12.388973, 60.434272], [12.388802, 60.434145], [12.389746, 60.434102], [12.38966, 60.434187], [12.389317, 60.434187], [12.389317, 60.434229], [12.388973, 60.434272]]]}, "properties": {"periode": "host_2024_til_host_2025", "areal_ha": 0.05, "andel_innenfor_jaktfelt": 0.0, "jaktfelt": "Kongshov skog", "grunnlinje": "2024-09-15", "observert": "2026-09-03", "bekreftet": "2026-09-10"}}, {"type": "Feature", "geometry": {"type": "Polygon", "coordinates": [[[12.392406, 60.434865], [12.392321, 60.43478], [12.392149, 60.43478], [12.392149, 60.434738], [12.392063, 60.434738], [12.392063, 60.434568], [12.391977, 60.434568], [12.391977, 60.434484], [12.391891, 60.434484], [12.391891, 60.434441], [12.391977, 60.434441], [12.391977, 60.434314], [12.391806, 60.434314], [12.391806, 60.434357], [12.391634, 60.434314], [12.391634, 60.434229], [12.39172, 60.434229], [12.39172, 60.43406], [12.391806, 60.43406], [12.391806, 60.434018], [12.391891, 60.434018], [12.391891, 60.43406], [12.392235, 60.43406], [12.392235, 60.433848], [12.392149, 60.433848], [12.392149, 60.433764], [12.392235, 60.433764], [12.392235, 60.433721], [12.392578, 60.433848], [12.392578, 60.434187], [12.392406, 60.434229], [12.392406, 60.434441], [12.392578, 60.434484], [12.392578, 60.434653], [12.392664, 60.434653], [12.392664, 60.434738], [12.392578, 60.434738], [12.392578, 60.43478], [12.392492, 60.43478], [12.392492, 60.434865], [12.392406, 60.434865]]]}, "properties": {"periode": "host_2024_til_host_2025", "areal_ha": 0.35, "andel_innenfor_jaktfelt": 0.0, "jaktfelt": "Kongshov skog", "grunnlinje": "2024-09-15", "observert": "2026-09-03", "bekreftet": "2026-09-10"}}, {"type": "Feature", "geometry": {"type": "Polygon", "coordinates": [[[12.455921, 60.433679], [12.455835, 60.433594], [12.455664, 60.433594], [12.455664, 60.433552], [12.455578, 60.433552], [12.455578, 60.433382], [12.455664, 60.433382], [12.455664, 60.43334], [12.45575, 60.43334], [12.45575, 60.433382], [12.455921, 60.433382], [12.455921, 60.433255], [12.456007, 60.433255], [12.456007, 60.433213], [12.456179, 60.433213], [12.456264, 60.433298], [12.456093, 60.43334], [12.456093, 60.433679], [12.455921, 60.433679]]]}, "properties": {"periode": "host_2024_til_host_2025", "areal_ha": 0.1, "andel_innenfor_jaktfelt": 1.0, "jaktfelt": "Kongshov skog", "grunnlinje": "2024-09-15", "observert": "2026-09-03", "bekreftet": "2026-09-10"}}, {"type": "Feature", "geometry": {"type": "MultiPolygon", "coordinates": [[[[12.429743, 60.43334], [12.429743, 60.433298], [12.430086, 60.433298], [12.430086, 60.43334], [12.429743, 60.43334]]], [[[12.429743, 60.433298], [12.429399, 60.433255], [12.429399, 60.433128], [12.429657, 60.433128], [12.429657, 60.433086], [12.429743, 60.433086], [12.429657, 60.433255], [12.429743, 60.433255], [12.429743, 60.433298]]]]}, "properties": {"periode": "host_2024_til_host_2025", "areal_ha": 0.04, "andel_innenfor_jaktfelt": 1.0, "jaktfelt": "Kongshov skog", "grunnlinje": "2024-09-15", "observert": "2026-09-03", "bekreftet": "2026-09-10"}}, {"type": "Feature", "geometry": {"type": "Polygon", "coordinates": [[[12.446737, 60.432493], [12.446737, 60.432239], [12.446909, 60.432239], [12.446909, 60.432493], [12.446737, 60.432493]]]}, "properties": {"periode": "host_2024_til_host_2025", "areal_ha": 0.03, "andel_innenfor_jaktfelt": 1.0, "jaktfelt": "Kongshov skog", "grunnlinje": "2024-09-15", "observert": "2026-09-03", "bekreftet": "2026-09-10"}}, {"type": "Feature", "geometry": {"type": "MultiPolygon", "coordinates": [[[[12.431459, 60.432493], [12.431459, 60.432451], [12.431803, 60.432451], [12.431803, 60.432408], [12.431889, 60.432408], [12.431803, 60.432493], [12.431459, 60.432493]]], [[[12.431889, 60.432408], [12.431889, 60.432324], [12.431803, 60.432324], [12.431803, 60.432197], [12.431974, 60.432197], [12.431974, 60.432239], [12.43206, 60.432239], [12.431974, 60.432408], [12.431889, 60.432408]]], [[[12.431803, 60.432197], [12.431717, 60.432197], [12.431717, 60.432154], [12.431803, 60.432154], [12.431803, 60.432197]]]]}, "properties": {"periode": "host_2024_til_host_2025", "areal_ha": 0.04, "andel_innenfor_jaktfelt": 1.0, "jaktfelt": "Kongshov skog", "grunnlinje": "2024-09-15", "observert": "2026-09-03", "bekreftet": "2026-09-10"}}, {"type": "Feature", "geometry": {"type": "Polygon", "coordinates": [[[12.42691, 60.431519], [12.42691, 60.431477], [12.426825, 60.431477], [12.426825, 60.431392], [12.42691, 60.431392], [12.42691, 60.431349], [12.427082, 60.431349], [12.427168, 60.431265], [12.42734, 60.431265], [12.42734, 60.431307], [12.426996, 60.431434], [12.426996, 60.431519], [12.42691, 60.431519]]]}, "properties": {"periode": "host_2024_til_host_2025", "areal_ha": 0.03, "andel_innenfor_jaktfelt": 1.0, "jaktfelt": "Kongshov skog", "grunnlinje": "2024-09-15", "observert": "2026-09-03", "bekreftet": "2026-09-10"}}, {"type": "Feature", "geometry": {"type": "Polygon", "coordinates": [[[12.457466, 60.430333], [12.45738, 60.430164], [12.457724, 60.430164], [12.457809, 60.430248], [12.457724, 60.430248], [12.457638, 60.430333], [12.457466, 60.430333]]]}, "properties": {"periode": "host_2024_til_host_2025", "areal_ha": 0.03, "andel_innenfor_jaktfelt": 1.0, "jaktfelt": "Kongshov skog", "grunnlinje": "2024-09-15", "observert": "2026-09-03", "bekreftet": "2026-09-10"}}, {"type": "Feature", "geometry": {"type": "Polygon", "coordinates": [[[12.457294, 60.429189], [12.457294, 60.429147], [12.457123, 60.429105], [12.457123, 60.429062], [12.457294, 60.42902], [12.457209, 60.42885], [12.457294, 60.42885], [12.45738, 60.428766], [12.457638, 60.428766], [12.457638, 60.428808], [12.457724, 60.428808], [12.457724, 60.428978], [12.457638, 60.428978], [12.457638, 60.429062], [12.457466, 60.429105], [12.457466, 60.429189], [12.457294, 60.429189]]]}, "properties": {"periode": "host_2024_til_host_2025", "areal_ha": 0.1, "andel_innenfor_jaktfelt": 1.0, "jaktfelt": "Kongshov skog", "grunnlinje": "2024-09-15", "observert": "2026-09-03", "bekreftet": "2026-09-10"}}, {"type": "Feature", "geometry": {"type": "Polygon", "coordinates": [[[12.430258, 60.428596], [12.430258, 60.428427], [12.430172, 60.428427], [12.430172, 60.428512], [12.43, 60.428512], [12.43, 60.428342], [12.430344, 60.428427], [12.430344, 60.428596], [12.430258, 60.428596]]]}, "properties": {"periode": "host_2024_til_host_2025", "areal_ha": 0.03, "andel_innenfor_jaktfelt": 1.0, "jaktfelt": "Kongshov skog", "grunnlinje": "2024-09-15", "observert": "2026-09-03", "bekreftet": "2026-09-10"}}, {"type": "Feature", "geometry": {"type": "Polygon", "coordinates": [[[12.456865, 60.428554], [12.456865, 60.428342], [12.456951, 60.428342], [12.456865, 60.428173], [12.457037, 60.42813], [12.456951, 60.427834], [12.457294, 60.427707], [12.457294, 60.427834], [12.45738, 60.427834], [12.45738, 60.428046], [12.457209, 60.428088], [12.457209, 60.428173], [12.45738, 60.428215], [12.45738, 60.428342], [12.457294, 60.428342], [12.457294, 60.428427], [12.45738, 60.428427], [12.45738, 60.428469], [12.457294, 60.428469], [12.457294, 60.428512], [12.457123, 60.428512], [12.457123, 60.428554], [12.456865, 60.428554]]]}, "properties": {"periode": "host_2024_til_host_2025", "areal_ha": 0.18, "andel_innenfor_jaktfelt": 1.0, "jaktfelt": "Kongshov skog", "grunnlinje": "2024-09-15", "observert": "2026-09-03", "bekreftet": "2026-09-10"}}, {"type": "Feature", "geometry": {"type": "Polygon", "coordinates": [[[12.429829, 60.427876], [12.429829, 60.427834], [12.429657, 60.427834], [12.429657, 60.427792], [12.429571, 60.427792], [12.429571, 60.427664], [12.429657, 60.427664], [12.429657, 60.427707], [12.430258, 60.427664], [12.430258, 60.427707], [12.430172, 60.427707], [12.430172, 60.427834], [12.430086, 60.427834], [12.430086, 60.427876], [12.429829, 60.427876]]]}, "properties": {"periode": "host_2024_til_host_2025", "areal_ha": 0.06, "andel_innenfor_jaktfelt": 1.0, "jaktfelt": "Kongshov skog", "grunnlinje": "2024-09-15", "observert": "2026-09-03", "bekreftet": "2026-09-10"}}, {"type": "Feature", "geometry": {"type": "Polygon", "coordinates": [[[12.457123, 60.42758], [12.457123, 60.427241], [12.457294, 60.427241], [12.457294, 60.427283], [12.457552, 60.427368], [12.457552, 60.427453], [12.457466, 60.427453], [12.457294, 60.42758], [12.457123, 60.42758]]]}, "properties": {"periode": "host_2024_til_host_2025", "areal_ha": 0.06, "andel_innenfor_jaktfelt": 1.0, "jaktfelt": "Kongshov skog", "grunnlinje": "2024-09-15", "observert": "2026-09-03", "bekreftet": "2026-09-10"}}, {"type": "Feature", "geometry": {"type": "Polygon", "coordinates": [[[12.434807, 60.427792], [12.434807, 60.42758], [12.434978, 60.427537], [12.434978, 60.42741], [12.434807, 60.427368], [12.434807, 60.427198], [12.434721, 60.427198], [12.434721, 60.427156], [12.434807, 60.427156], [12.434807, 60.427114], [12.434893, 60.427114], [12.434978, 60.427198], [12.435751, 60.427198], [12.435751, 60.427156], [12.435923, 60.427156], [12.435923, 60.427241], [12.435751, 60.427241], [12.435751, 60.427283], [12.435665, 60.427283], [12.435665, 60.427453], [12.435923, 60.427537], [12.435923, 60.427664], [12.435837, 60.427664], [12.435837, 60.427707], [12.435322, 60.427707], [12.435322, 60.427749], [12.434978, 60.427749], [12.434978, 60.427792], [12.434807, 60.427792]]]}, "properties": {"periode": "host_2024_til_host_2025", "areal_ha": 0.32, "andel_innenfor_jaktfelt": 1.0, "jaktfelt": "Kongshov skog", "grunnlinje": "2024-09-15", "observert": "2026-09-03", "bekreftet": "2026-09-10"}}, {"type": "Feature", "geometry": {"type": "Polygon", "coordinates": [[[12.457123, 60.426944], [12.457123, 60.426775], [12.457037, 60.426775], [12.457037, 60.42669], [12.457209, 60.42669], [12.457209, 60.426733], [12.457294, 60.426733], [12.457294, 60.426944], [12.457123, 60.426944]]]}, "properties": {"periode": "host_2024_til_host_2025", "areal_ha": 0.03, "andel_innenfor_jaktfelt": 1.0, "jaktfelt": "Kongshov skog", "grunnlinje": "2024-09-15", "observert": "2026-09-03", "bekreftet": "2026-09-10"}}, {"type": "Feature", "geometry": {"type": "Polygon", "coordinates": [[[12.458067, 60.426309], [12.458067, 60.426267], [12.457895, 60.426267], [12.457895, 60.425801], [12.458067, 60.425758], [12.458067, 60.425631], [12.458239, 60.425631], [12.458239, 60.425673], [12.458324, 60.425673], [12.458324, 60.426182], [12.458239, 60.426182], [12.458239, 60.426267], [12.458067, 60.426309]]]}, "properties": {"periode": "host_2024_til_host_2025", "areal_ha": 0.15, "andel_innenfor_jaktfelt": 0.66, "jaktfelt": "Kongshov skog", "grunnlinje": "2024-09-15", "observert": "2026-09-03", "bekreftet": "2026-09-10"}}, {"type": "Feature", "geometry": {"type": "Polygon", "coordinates": [[[12.458239, 60.423259], [12.458153, 60.423174], [12.458324, 60.423132], [12.458324, 60.422962], [12.458067, 60.422962], [12.458067, 60.423005], [12.457638, 60.423005], [12.457552, 60.423089], [12.45738, 60.423089], [12.45738, 60.42292], [12.457466, 60.42292], [12.457466, 60.422793], [12.45738, 60.422793], [12.45738, 60.422496], [12.457552, 60.422454], [12.457552, 60.422327], [12.457294, 60.422242], [12.457209, 60.422073], [12.457294, 60.422073], [12.457294, 60.421861], [12.45738, 60.421861], [12.457466, 60.421776], [12.457552, 60.421776], [12.457552, 60.421861], [12.457638, 60.421861], [12.457638, 60.421945], [12.457466, 60.421988], [12.457466, 60.422073], [12.457552, 60.422073], [12.457552, 60.422115], [12.457724, 60.422115], [12.457724, 60.422073], [12.457981, 60.421988], [12.457981, 60.422115], [12.458067, 60.422115], [12.458067, 60.4222], [12.457895, 60.4222], [12.457895, 60.422327], [12.457981, 60.422327], [12.457981, 60.422369], [12.457724, 60.422369], [12.457724, 60.422411], [12.457638, 60.422411], [12.457638, 60.422623], [12.457809, 60.422666], [12.457809, 60.422835], [12.457895, 60.422835], [12.457895, 60.422877], [12.458239, 60.422877], [12.458239, 60.42292], [12.45841, 60.42292], [12.45841, 60.422962], [12.458496, 60.422962], [12.458496, 60.423216], [12.45841, 60.423216], [12.45841, 60.423259], [12.458239, 60.423259]]]}, "properties": {"periode": "host_2024_til_host_2025", "areal_ha": 0.36, "andel_innenfor_jaktfelt": 0.0, "jaktfelt": "Kongshov skog", "grunnlinje": "2024-09-15", "observert": "2026-09-03", "bekreftet": "2026-09-10"}}, {"type": "Feature", "geometry": {"type": "Polygon", "coordinates": [[[12.457809, 60.421776], [12.457809, 60.421734], [12.457638, 60.421691], [12.457638, 60.421606], [12.457724, 60.421606], [12.457724, 60.421564], [12.458239, 60.421564], [12.458239, 60.421522], [12.458324, 60.421522], [12.458324, 60.421395], [12.458496, 60.421395], [12.458496, 60.421437], [12.458668, 60.421479], [12.458582, 60.421564], [12.458324, 60.421564], [12.458239, 60.421649], [12.458067, 60.421649], [12.458067, 60.421691], [12.457809, 60.421776]]]}, "properties": {"periode": "host_2024_til_host_2025", "areal_ha": 0.08, "andel_innenfor_jaktfelt": 0.0, "jaktfelt": "Kongshov skog", "grunnlinje": "2024-09-15", "observert": "2026-09-03", "bekreftet": "2026-09-10"}}, {"type": "Feature", "geometry": {"type": "MultiPolygon", "coordinates": [[[[12.432489, 60.421437], [12.432661, 60.421437], [12.432661, 60.421479], [12.433004, 60.421479], [12.43309, 60.421564], [12.432919, 60.421606], [12.432833, 60.421522], [12.432575, 60.421522], [12.432489, 60.421437]]], [[[12.432489, 60.421437], [12.432146, 60.421437], [12.43206, 60.421352], [12.431717, 60.421352], [12.431717, 60.42131], [12.431803, 60.42131], [12.431803, 60.421268], [12.431974, 60.421268], [12.432146, 60.421395], [12.432489, 60.421395], [12.432489, 60.421437]]]]}, "properties": {"periode": "host_2024_til_host_2025", "areal_ha": 0.05, "andel_innenfor_jaktfelt": 1.0, "jaktfelt": "Kongshov skog", "grunnlinje": "2024-09-15", "observert": "2026-09-03", "bekreftet": "2026-09-10"}}, {"type": "Feature", "geometry": {"type": "Polygon", "coordinates": [[[12.432747, 60.420971], [12.432747, 60.420929], [12.432489, 60.420844], [12.432489, 60.420759], [12.432575, 60.420759], [12.432575, 60.420717], [12.433262, 60.420759], [12.433262, 60.420801], [12.433176, 60.420801], [12.432919, 60.420971], [12.432747, 60.420971]]]}, "properties": {"periode": "host_2024_til_host_2025", "areal_ha": 0.07, "andel_innenfor_jaktfelt": 1.0, "jaktfelt": "Kongshov skog", "grunnlinje": "2024-09-15", "observert": "2026-09-03", "bekreftet": "2026-09-10"}}, {"type": "Feature", "geometry": {"type": "Polygon", "coordinates": [[[12.427511, 60.420801], [12.427511, 60.420759], [12.427683, 60.420759], [12.427855, 60.420632], [12.428198, 60.420632], [12.428198, 60.420759], [12.427769, 60.420717], [12.427683, 60.420801], [12.427511, 60.420801]]]}, "properties": {"periode": "host_2024_til_host_2025", "areal_ha": 0.03, "andel_innenfor_jaktfelt": 1.0, "jaktfelt": "Kongshov skog", "grunnlinje": "2024-09-15", "observert": "2026-09-03", "bekreftet": "2026-09-10"}}, {"type": "Feature", "geometry": {"type": "Polygon", "coordinates": [[[12.45841, 60.420844], [12.45841, 60.420801], [12.458324, 60.420801], [12.458324, 60.420674], [12.45841, 60.420674], [12.45841, 60.42059], [12.458582, 60.42059], [12.458582, 60.420505], [12.458668, 60.420505], [12.458668, 60.420547], [12.458754, 60.420547], [12.458754, 60.420717], [12.45841, 60.420844]]]}, "properties": {"periode": "host_2024_til_host_2025", "areal_ha": 0.05, "andel_innenfor_jaktfelt": 0.0, "jaktfelt": "Kongshov skog", "grunnlinje": "2024-09-15", "observert": "2026-09-03", "bekreftet": "2026-09-10"}}, {"type": "Feature", "geometry": {"type": "Polygon", "coordinates": [[[12.42631, 60.420759], [12.426224, 60.420674], [12.42588, 60.420674], [12.42588, 60.42059], [12.425966, 60.42059], [12.426052, 60.420505], [12.42631, 60.420505], [12.42631, 60.420547], [12.426395, 60.420547], [12.426395, 60.420759], [12.42631, 60.420759]]]}, "properties": {"periode": "host_2024_til_host_2025", "areal_ha": 0.05, "andel_innenfor_jaktfelt": 0.07, "jaktfelt": "Kongshov skog", "grunnlinje": "2024-09-15", "observert": "2026-09-03", "bekreftet": "2026-09-10"}}, {"type": "Feature", "geometry": {"type": "Polygon", "coordinates": [[[12.42528, 60.420632], [12.42528, 60.42059], [12.425537, 60.420505], [12.425537, 60.42042], [12.425451, 60.42042], [12.425451, 60.420378], [12.425623, 60.420378], [12.425623, 60.420632], [12.42528, 60.420632]]]}, "properties": {"periode": "host_2024_til_host_2025", "areal_ha": 0.03, "andel_innenfor_jaktfelt": 0.95, "jaktfelt": "Kongshov skog", "grunnlinje": "2024-09-15", "observert": "2026-09-03", "bekreftet": "2026-09-10"}}, {"type": "Feature", "geometry": {"type": "Polygon", "coordinates": [[[12.430687, 60.420547], [12.430687, 60.420463], [12.430429, 60.420463], [12.430258, 60.420335], [12.430687, 60.420378], [12.430687, 60.42042], [12.430773, 60.42042], [12.430773, 60.420547], [12.430687, 60.420547]]]}, "properties": {"periode": "host_2024_til_host_2025", "areal_ha": 0.03, "andel_innenfor_jaktfelt": 1.0, "jaktfelt": "Kongshov skog", "grunnlinje": "2024-09-15", "observert": "2026-09-03", "bekreftet": "2026-09-10"}}, {"type": "Feature", "geometry": {"type": "Polygon", "coordinates": [[[12.458324, 60.419785], [12.458324, 60.419615], [12.458496, 60.419615], [12.458496, 60.419658], [12.458582, 60.419658], [12.458582, 60.419742], [12.458496, 60.419742], [12.458496, 60.419785], [12.458324, 60.419785]]]}, "properties": {"periode": "host_2024_til_host_2025", "areal_ha": 0.02, "andel_innenfor_jaktfelt": 0.0, "jaktfelt": "Kongshov skog", "grunnlinje": "2024-09-15", "observert": "2026-09-03", "bekreftet": "2026-09-10"}}, {"type": "Feature", "geometry": {"type": "Polygon", "coordinates": [[[12.436094, 60.419869], [12.436094, 60.419827], [12.436008, 60.419827], [12.436008, 60.419615], [12.436094, 60.419615], [12.436094, 60.419488], [12.43618, 60.419488], [12.43618, 60.41953], [12.436523, 60.41953], [12.436523, 60.419573], [12.436695, 60.419615], [12.436781, 60.41953], [12.437382, 60.419573], [12.437382, 60.41953], [12.437725, 60.419403], [12.437725, 60.419488], [12.437639, 60.419488], [12.437639, 60.41953], [12.437553, 60.41953], [12.437296, 60.4197], [12.436438, 60.419658], [12.436438, 60.4197], [12.436352, 60.4197], [12.436352, 60.419827], [12.436266, 60.419827], [12.436266, 60.419869], [12.436094, 60.419869]]]}, "properties": {"periode": "host_2024_til_host_2025", "areal_ha": 0.16, "andel_innenfor_jaktfelt": 0.99, "jaktfelt": "Kongshov skog", "grunnlinje": "2024-09-15", "observert": "2026-09-03", "bekreftet": "2026-09-10"}}, {"type": "Feature", "geometry": {"type": "Polygon", "coordinates": [[[12.458839, 60.419446], [12.458839, 60.419276], [12.458925, 60.419276], [12.458925, 60.419234], [12.459097, 60.419234], [12.459097, 60.419276], [12.459183, 60.419276], [12.459183, 60.419319], [12.459097, 60.419319], [12.459097, 60.419403], [12.459011, 60.419403], [12.459011, 60.419446], [12.458839, 60.419446]]]}, "properties": {"periode": "host_2024_til_host_2025", "areal_ha": 0.03, "andel_innenfor_jaktfelt": 0.0, "jaktfelt": "Kongshov skog", "grunnlinje": "2024-09-15", "observert": "2026-09-03", "bekreftet": "2026-09-10"}}, {"type": "Feature", "geometry": {"type": "Polygon", "coordinates": [[[12.404423, 60.419149], [12.404423, 60.419064], [12.404938, 60.419064], [12.404938, 60.419149], [12.404423, 60.419149]]]}, "properties": {"periode": "host_2024_til_host_2025", "areal_ha": 0.03, "andel_innenfor_jaktfelt": 0.0, "jaktfelt": "Kongshov skog", "grunnlinje": "2024-09-15", "observert": "2026-09-03", "bekreftet": "2026-09-10"}}, {"type": "Feature", "geometry": {"type": "Polygon", "coordinates": [[[12.430429, 60.419276], [12.430429, 60.419107], [12.430515, 60.419107], [12.430601, 60.419022], [12.430859, 60.419022], [12.430859, 60.419064], [12.430515, 60.419191], [12.430515, 60.419276], [12.430429, 60.419276]]]}, "properties": {"periode": "host_2024_til_host_2025", "areal_ha": 0.03, "andel_innenfor_jaktfelt": 0.0, "jaktfelt": "Kongshov skog", "grunnlinje": "2024-09-15", "observert": "2026-09-03", "bekreftet": "2026-09-10"}}, {"type": "Feature", "geometry": {"type": "Polygon", "coordinates": [[[12.431374, 60.419149], [12.431374, 60.419064], [12.431288, 60.419064], [12.431288, 60.419022], [12.431459, 60.419022], [12.431545, 60.419107], [12.431717, 60.419107], [12.431717, 60.419064], [12.43206, 60.419064], [12.43206, 60.419107], [12.432146, 60.419107], [12.432146, 60.419149], [12.431374, 60.419149]]]}, "properties": {"periode": "host_2024_til_host_2025", "areal_ha": 0.04, "andel_innenfor_jaktfelt": 0.0, "jaktfelt": "Kongshov skog", "grunnlinje": "2024-09-15", "observert": "2026-09-03", "bekreftet": "2026-09-10"}}, {"type": "Feature", "geometry": {"type": "Polygon", "coordinates": [[[12.413435, 60.419319], [12.413435, 60.419276], [12.413349, 60.419276], [12.413349, 60.419191], [12.413177, 60.419149], [12.413177, 60.419022], [12.413092, 60.419022], [12.413006, 60.418937], [12.413092, 60.418937], [12.413092, 60.418895], [12.414036, 60.418895], [12.414036, 60.418937], [12.414122, 60.418937], [12.414122, 60.41898], [12.414036, 60.41898], [12.414036, 60.419064], [12.414122, 60.419064], [12.414122, 60.419234], [12.414036, 60.419234], [12.414036, 60.419276], [12.413435, 60.419319]]]}, "properties": {"periode": "host_2024_til_host_2025", "areal_ha": 0.22, "andel_innenfor_jaktfelt": 0.0, "jaktfelt": "Kongshov skog", "grunnlinje": "2024-09-15", "observert": "2026-09-03", "bekreftet": "2026-09-10"}}, {"type": "Feature", "geometry": {"type": "Polygon", "coordinates": [[[12.463131, 60.419276], [12.463131, 60.419234], [12.463045, 60.419234], [12.463045, 60.419107], [12.462959, 60.419107], [12.462959, 60.418895], [12.463045, 60.418895], [12.463045, 60.418852], [12.463131, 60.418852], [12.463131, 60.418895], [12.463217, 60.418895], [12.463217, 60.41898], [12.463388, 60.419022], [12.463388, 60.419234], [12.463217, 60.419234], [12.463217, 60.419276], [12.463131, 60.419276]]]}, "properties": {"periode": "host_2024_til_host_2025", "areal_ha": 0.08, "andel_innenfor_jaktfelt": 0.0, "jaktfelt": "Kongshov skog", "grunnlinje": "2024-09-15", "observert": "2026-09-03", "bekreftet": "2026-09-10"}}, {"type": "Feature", "geometry": {"type": "Polygon", "coordinates": [[[12.417383, 60.419191], [12.417383, 60.419149], [12.417126, 60.419149], [12.41704, 60.419064], [12.417126, 60.419064], [12.417126, 60.419022], [12.417555, 60.419022], [12.417641, 60.418937], [12.41807, 60.418937], [12.41807, 60.41898], [12.418156, 60.41898], [12.418156, 60.418852], [12.418242, 60.418852], [12.418242, 60.41881], [12.418585, 60.41881], [12.418585, 60.418852], [12.418671, 60.418852], [12.418671, 60.41898], [12.418499, 60.419022], [12.418499, 60.419107], [12.418413, 60.419107], [12.418413, 60.419149], [12.417383, 60.419191]]]}, "properties": {"periode": "host_2024_til_host_2025", "areal_ha": 0.21, "andel_innenfor_jaktfelt": 0.0, "jaktfelt": "Kongshov skog", "grunnlinje": "2024-09-15", "observert": "2026-09-03", "bekreftet": "2026-09-10"}}, {"type": "Feature", "geometry": {"type": "Polygon", "coordinates": [[[12.430086, 60.418683], [12.430086, 60.418641], [12.43, 60.418641], [12.43, 60.418556], [12.430086, 60.418556], [12.430086, 60.418514], [12.430601, 60.418514], [12.430601, 60.418556], [12.430773, 60.418598], [12.430687, 60.418683], [12.430086, 60.418683]]]}, "properties": {"periode": "host_2024_til_host_2025", "areal_ha": 0.07, "andel_innenfor_jaktfelt": 0.0, "jaktfelt": "Kongshov skog", "grunnlinje": "2024-09-15", "observert": "2026-09-03", "bekreftet": "2026-09-10"}}, {"type": "Feature", "geometry": {"type": "Polygon", "coordinates": [[[12.463388, 60.418514], [12.463388, 60.418471], [12.463474, 60.418471], [12.463474, 60.418344], [12.463388, 60.418344], [12.463388, 60.418302], [12.463818, 60.418386], [12.463818, 60.418471], [12.463732, 60.418471], [12.463732, 60.418514], [12.463388, 60.418514]]]}, "properties": {"periode": "host_2024_til_host_2025", "areal_ha": 0.04, "andel_innenfor_jaktfelt": 0.0, "jaktfelt": "Kongshov skog", "grunnlinje": "2024-09-15", "observert": "2026-09-03", "bekreftet": "2026-09-10"}}, {"type": "Feature", "geometry": {"type": "MultiPolygon", "coordinates": [[[[12.459869, 60.418175], [12.459784, 60.41809], [12.459955, 60.418047], [12.459955, 60.41792], [12.460041, 60.41792], [12.460041, 60.417878], [12.460127, 60.417878], [12.460127, 60.417836], [12.46047, 60.417708], [12.46047, 60.417836], [12.460728, 60.41792], [12.460728, 60.418005], [12.460642, 60.418005], [12.460556, 60.41809], [12.460299, 60.41809], [12.460299, 60.418132], [12.460127, 60.418132], [12.460127, 60.418175], [12.459869, 60.418175]]], [[[12.46047, 60.417708], [12.46047, 60.417539], [12.460556, 60.417539], [12.460556, 60.417497], [12.460642, 60.417497], [12.460642, 60.417412], [12.460814, 60.417369], [12.460814, 60.417412], [12.460985, 60.417454], [12.460985, 60.417708], [12.460899, 60.417708], [12.460899, 60.417836], [12.460814, 60.417836], [12.460728, 60.417666], [12.460556, 60.417666], [12.460556, 60.417708], [12.46047, 60.417708]]]]}, "properties": {"periode": "host_2024_til_host_2025", "areal_ha": 0.22, "andel_innenfor_jaktfelt": 0.0, "jaktfelt": "Kongshov skog", "grunnlinje": "2024-09-15", "observert": "2026-09-03", "bekreftet": "2026-09-10"}}, {"type": "Feature", "geometry": {"type": "Polygon", "coordinates": [[[12.422791, 60.41703], [12.422791, 60.416988], [12.421932, 60.416946], [12.421932, 60.416861], [12.421761, 60.416819], [12.421761, 60.416734], [12.421932, 60.416692], [12.421932, 60.416564], [12.422018, 60.416564], [12.422018, 60.416522], [12.422104, 60.416522], [12.422104, 60.416564], [12.422361, 60.416564], [12.422447, 60.41648], [12.422705, 60.41648], [12.422705, 60.416692], [12.422791, 60.416692], [12.422791, 60.416734], [12.422962, 60.416734], [12.422962, 60.416776], [12.423134, 60.416776], [12.423134, 60.416819], [12.422962, 60.416861], [12.422962, 60.41703], [12.422791, 60.41703]]]}, "properties": {"periode": "host_2024_til_host_2025", "areal_ha": 0.27, "andel_innenfor_jaktfelt": 0.0, "jaktfelt": "Kongshov skog", "grunnlinje": "2024-09-15", "observert": "2026-09-03", "bekreftet": "2026-09-10"}}]}