{"type": "FeatureCollection", "name": "hogst_sandbekken", "properties": {"jaktfelt": "Sandbekken", "metode": "Sentinel-2 L2A, høst mot høst, dNBR>0.20 & dNDVI>0.08 (kjerne), vekst dNBR>0.12 & dNDVI>0.04, sesongkorrigert, bekreftet i to høstbilder 2026. Oppløsning 10 m – små flater og tynning kan mangle.", "kilde": "Contains modified Copernicus Sentinel data 2024–2026, processed by Sentinel Hub / Copernicus Data Space Ecosystem", "generert": "2026-10-04", "sum_ha_innenfor": {"etter_host_2025": 76, "host_2024_til_host_2025": 19}}, "features": [{"type": "Feature", "geometry": {"type": "Polygon", "coordinates": [[[9.065523, 60.739658], [9.065523, 60.739616], [9.065437, 60.739616], [9.065437, 60.73949], [9.065609, 60.739448], [9.065866, 60.739616], [9.065781, 60.739616], [9.065781, 60.739658], [9.065523, 60.739658]]]}, "properties": {"periode": "etter_host_2025", "areal_ha": 0.03, "andel_innenfor_jaktfelt": 1.0, "jaktfelt": "Sandbekken", "grunnlinje": "2025-10-14", "observert": "2026-09-21", "bekreftet": "2026-09-29"}}, {"type": "Feature", "geometry": {"type": "Polygon", "coordinates": [[[9.067926, 60.741336], [9.067926, 60.741294], [9.067841, 60.741294], [9.067926, 60.741084], [9.067841, 60.741084], [9.067841, 60.741042], [9.067669, 60.741042], [9.067669, 60.741084], [9.067497, 60.741042], [9.067497, 60.740706], [9.067669, 60.740664], [9.067669, 60.740539], [9.067583, 60.740539], [9.067497, 60.740455], [9.06724, 60.740455], [9.06724, 60.740413], [9.067154, 60.740413], [9.067154, 60.740119], [9.066896, 60.740035], [9.066896, 60.739909], [9.066725, 60.739867], [9.066725, 60.739742], [9.066811, 60.739742], [9.066811, 60.739658], [9.066725, 60.739658], [9.066725, 60.739532], [9.066811, 60.739532], [9.066725, 60.739364], [9.066811, 60.739364], [9.066896, 60.73928], [9.067583, 60.73928], [9.067497, 60.73907], [9.067669, 60.73907], [9.067669, 60.739154], [9.067841, 60.739196], [9.067841, 60.739406], [9.067926, 60.739406], [9.067926, 60.739448], [9.068098, 60.739448], [9.068184, 60.739364], [9.068527, 60.739364], [9.068613, 60.73928], [9.069386, 60.73928], [9.069471, 60.739196], [9.069815, 60.739196], [9.070072, 60.739028], [9.07033, 60.739028], [9.070415, 60.739112], [9.070759, 60.739112], [9.070759, 60.739154], [9.07093, 60.739196], [9.07093, 60.73928], [9.070759, 60.739322], [9.070759, 60.739616], [9.070587, 60.739616], [9.070501, 60.739532], [9.070158, 60.739532], [9.070158, 60.739574], [9.070072, 60.739574], [9.070072, 60.739784], [9.070158, 60.739784], [9.07033, 60.739909], [9.070673, 60.739909], [9.070845, 60.739742], [9.071188, 60.739742], [9.071188, 60.739784], [9.07136, 60.739825], [9.07136, 60.739909], [9.071274, 60.739909], [9.071274, 60.739951], [9.071102, 60.739993], [9.071102, 60.740077], [9.07093, 60.740119], [9.07093, 60.740245], [9.071016, 60.740245], [9.071016, 60.740287], [9.071188, 60.740287], [9.071188, 60.740329], [9.071274, 60.740329], [9.071531, 60.740497], [9.071445, 60.740497], [9.071445, 60.740539], [9.071274, 60.740539], [9.071188, 60.740623], [9.070759, 60.740581], [9.070759, 60.740748], [9.070845, 60.740748], [9.070845, 60.74079], [9.071016, 60.74079], [9.071016, 60.740874], [9.070759, 60.740958], [9.070759, 60.741042], [9.070673, 60.741042], [9.070673, 60.741084], [9.070587, 60.741084], [9.070587, 60.741042], [9.070415, 60.741042], [9.070415, 60.741084], [9.069986, 60.741084], [9.069729, 60.741252], [9.0693, 60.741252], [9.069214, 60.741168], [9.068699, 60.741168], [9.068527, 60.741336], [9.068441, 60.741336], [9.068356, 60.741252], [9.068098, 60.741252], [9.068098, 60.741294], [9.067926, 60.741336]]]}, "properties": {"periode": "etter_host_2025", "areal_ha": 4.38, "andel_innenfor_jaktfelt": 0.43, "jaktfelt": "Sandbekken", "grunnlinje": "2025-10-14", "observert": "2026-09-21", "bekreftet": "2026-09-29"}}, {"type": "Feature", "geometry": {"type": "Polygon", "coordinates": [[[9.071445, 60.739112], [9.07136, 60.739028], [9.071531, 60.738986], [9.071531, 60.738903], [9.071617, 60.738903], [9.071703, 60.738819], [9.072132, 60.738819], [9.072132, 60.738861], [9.072218, 60.738861], [9.072218, 60.738986], [9.072132, 60.738986], [9.072132, 60.739028], [9.07196, 60.739028], [9.071875, 60.739112], [9.071445, 60.739112]]]}, "properties": {"periode": "etter_host_2025", "areal_ha": 0.1, "andel_innenfor_jaktfelt": 0.0, "jaktfelt": "Sandbekken", "grunnlinje": "2025-10-14", "observert": "2026-09-21", "bekreftet": "2026-09-29"}}, {"type": "Feature", "geometry": {"type": "Polygon", "coordinates": [[[9.061403, 60.740455], [9.061403, 60.740413], [9.061317, 60.740413], [9.061317, 60.740371], [9.061232, 60.740371], [9.061232, 60.740329], [9.061146, 60.740329], [9.060888, 60.740161], [9.060717, 60.740161], [9.060717, 60.740203], [9.060545, 60.740161], [9.060545, 60.739742], [9.060202, 60.739742], [9.060202, 60.7397], [9.060116, 60.7397], [9.060116, 60.739616], [9.060202, 60.739616], [9.060202, 60.739574], [9.060974, 60.739574], [9.061146, 60.739448], [9.061317, 60.739448], [9.061575, 60.739616], [9.061832, 60.739616], [9.061832, 60.73949], [9.061918, 60.73949], [9.061918, 60.739448], [9.062519, 60.739448], [9.062519, 60.739322], [9.062433, 60.739322], [9.062433, 60.73928], [9.061661, 60.73928], [9.061661, 60.739196], [9.061747, 60.739196], [9.061832, 60.739112], [9.062004, 60.739112], [9.06209, 60.739196], [9.062262, 60.739196], [9.062262, 60.739154], [9.062347, 60.739154], [9.062347, 60.739028], [9.062262, 60.739028], [9.062176, 60.738861], [9.062262, 60.738861], [9.062262, 60.738819], [9.062605, 60.738819], [9.062691, 60.738735], [9.063292, 60.738735], [9.063377, 60.738819], [9.063721, 60.738819], [9.063892, 60.738944], [9.064064, 60.738944], [9.064064, 60.738986], [9.06415, 60.738986], [9.06415, 60.73907], [9.064322, 60.739112], [9.064322, 60.739196], [9.06415, 60.739238], [9.06415, 60.739322], [9.063978, 60.739364], [9.063892, 60.73928], [9.063463, 60.73928], [9.063463, 60.739364], [9.063377, 60.739364], [9.063377, 60.739448], [9.063549, 60.739448], [9.063549, 60.739658], [9.063635, 60.739658], [9.063635, 60.739742], [9.063377, 60.739825], [9.063206, 60.739658], [9.062948, 60.739658], [9.062948, 60.7397], [9.062862, 60.7397], [9.062862, 60.739909], [9.062777, 60.739909], [9.062691, 60.739993], [9.062347, 60.739951], [9.062347, 60.739993], [9.062176, 60.740035], [9.062176, 60.740161], [9.062262, 60.740161], [9.062347, 60.740245], [9.062519, 60.740245], [9.062519, 60.740203], [9.062777, 60.740203], [9.062777, 60.740161], [9.062862, 60.740161], [9.062862, 60.740119], [9.063206, 60.739993], [9.063206, 60.740035], [9.063292, 60.740035], [9.063292, 60.740161], [9.063463, 60.740203], [9.063463, 60.740287], [9.063377, 60.740287], [9.06312, 60.740455], [9.061403, 60.740455]]]}, "properties": {"periode": "etter_host_2025", "areal_ha": 2.09, "andel_innenfor_jaktfelt": 1.0, "jaktfelt": "Sandbekken", "grunnlinje": "2025-10-14", "observert": "2026-09-21", "bekreftet": "2026-09-29"}}, {"type": "Feature", "geometry": {"type": "Polygon", "coordinates": [[[9.05797, 60.738105], [9.057798, 60.73798], [9.057884, 60.73798], [9.057884, 60.737938], [9.058056, 60.737938], [9.058056, 60.737896], [9.058228, 60.737854], [9.058228, 60.737896], [9.058313, 60.737896], [9.058313, 60.738021], [9.058228, 60.738021], [9.058142, 60.738105], [9.05797, 60.738105]]]}, "properties": {"periode": "etter_host_2025", "areal_ha": 0.05, "andel_innenfor_jaktfelt": 1.0, "jaktfelt": "Sandbekken", "grunnlinje": "2025-10-14", "observert": "2026-09-21", "bekreftet": "2026-09-29"}}, {"type": "Feature", "geometry": {"type": "Polygon", "coordinates": [[[9.054365, 60.737686], [9.054365, 60.737644], [9.054279, 60.737644], [9.054279, 60.737518], [9.054451, 60.737518], [9.054451, 60.73756], [9.054623, 60.737602], [9.054537, 60.737686], [9.054365, 60.737686]]]}, "properties": {"periode": "etter_host_2025", "areal_ha": 0.02, "andel_innenfor_jaktfelt": 1.0, "jaktfelt": "Sandbekken", "grunnlinje": "2025-10-14", "observert": "2026-09-21", "bekreftet": "2026-09-29"}}, {"type": "Feature", "geometry": {"type": "MultiPolygon", "coordinates": [[[[9.054537, 60.73735], [9.054794, 60.737266], [9.054794, 60.737182], [9.054451, 60.737057], [9.054451, 60.736805], [9.054365, 60.736805], [9.054365, 60.736763], [9.054279, 60.736763], [9.054022, 60.736595], [9.053764, 60.736595], [9.053764, 60.736553], [9.053679, 60.736553], [9.053679, 60.736469], [9.053335, 60.736343], [9.053335, 60.736259], [9.053249, 60.736259], [9.053249, 60.736217], [9.052992, 60.736217], [9.052992, 60.736175], [9.052906, 60.736175], [9.052906, 60.736133], [9.05282, 60.736133], [9.052563, 60.735966], [9.051704, 60.735966], [9.051704, 60.735924], [9.051533, 60.735924], [9.051533, 60.735966], [9.051361, 60.735966], [9.051361, 60.735924], [9.051189, 60.735924], [9.051189, 60.735966], [9.049215, 60.735966], [9.049215, 60.735924], [9.049129, 60.735924], [9.049129, 60.735798], [9.048786, 60.735798], [9.048786, 60.73563], [9.0487, 60.73563], [9.048529, 60.735504], [9.048271, 60.735504], [9.048271, 60.735546], [9.048185, 60.735546], [9.048185, 60.735672], [9.048271, 60.735672], [9.048271, 60.735714], [9.048529, 60.735714], [9.048529, 60.735798], [9.047928, 60.735798], [9.047928, 60.73584], [9.047756, 60.735882], [9.04767, 60.735798], [9.047413, 60.735798], [9.047413, 60.735756], [9.047327, 60.735756], [9.047327, 60.735672], [9.047155, 60.73563], [9.047155, 60.73542], [9.047327, 60.735378], [9.047327, 60.735294], [9.047499, 60.735294], [9.047499, 60.735378], [9.047585, 60.735378], [9.047585, 60.73542], [9.048185, 60.73542], [9.048443, 60.735252], [9.048529, 60.735252], [9.048615, 60.735336], [9.048872, 60.735336], [9.048786, 60.735126], [9.048872, 60.735126], [9.048872, 60.735085], [9.049129, 60.735085], [9.049215, 60.735168], [9.049473, 60.735168], [9.049559, 60.735252], [9.04973, 60.735252], [9.049816, 60.735336], [9.049988, 60.735336], [9.050245, 60.735168], [9.050331, 60.735168], [9.050417, 60.735252], [9.050674, 60.735252], [9.050674, 60.73521], [9.05076, 60.73521], [9.05076, 60.735126], [9.050846, 60.735126], [9.050846, 60.735085], [9.051018, 60.735085], [9.051018, 60.735126], [9.051104, 60.735126], [9.051104, 60.735168], [9.051189, 60.735168], [9.051447, 60.735336], [9.051619, 60.735336], [9.051619, 60.735378], [9.051704, 60.735378], [9.051704, 60.735462], [9.051876, 60.735462], [9.051876, 60.73542], [9.051962, 60.73542], [9.052134, 60.735588], [9.052391, 60.735588], [9.052391, 60.73563], [9.052477, 60.73563], [9.052477, 60.735798], [9.052734, 60.735798], [9.052734, 60.73584], [9.05282, 60.73584], [9.05282, 60.735924], [9.052906, 60.735924], [9.052906, 60.735966], [9.052992, 60.735966], [9.052992, 60.736008], [9.053078, 60.736008], [9.053078, 60.73605], [9.053164, 60.73605], [9.053164, 60.736092], [9.053507, 60.736217], [9.053507, 60.736301], [9.053593, 60.736301], [9.053593, 60.736343], [9.053936, 60.736343], [9.053936, 60.736385], [9.054279, 60.736511], [9.054279, 60.736637], [9.054365, 60.736637], [9.054365, 60.736679], [9.054623, 60.736679], [9.054623, 60.736721], [9.054966, 60.736847], [9.054966, 60.737015], [9.055052, 60.737015], [9.055052, 60.737057], [9.055223, 60.737057], [9.055481, 60.737224], [9.055738, 60.737224], [9.055738, 60.737266], [9.056082, 60.737392], [9.056082, 60.737518], [9.056253, 60.73756], [9.056253, 60.737644], [9.056339, 60.737644], [9.056339, 60.737686], [9.056511, 60.737686], [9.056768, 60.737854], [9.057026, 60.737854], [9.057026, 60.737896], [9.057198, 60.737938], [9.057198, 60.738105], [9.057369, 60.738147], [9.057369, 60.738315], [9.057283, 60.738315], [9.057026, 60.738483], [9.056683, 60.738483], [9.056683, 60.738525], [9.056597, 60.738525], [9.056597, 60.738567], [9.056683, 60.738567], [9.056597, 60.738651], [9.056339, 60.738651], [9.056253, 60.738735], [9.055738, 60.738735], [9.055738, 60.738693], [9.055395, 60.738567], [9.055395, 60.738399], [9.055481, 60.738399], [9.055481, 60.738315], [9.055395, 60.738315], [9.055395, 60.738147], [9.055309, 60.738147], [9.055309, 60.738105], [9.054966, 60.73798], [9.054966, 60.737602], [9.054623, 60.737476], [9.054623, 60.737392], [9.054537, 60.737392], [9.054537, 60.73735]], [[9.056339, 60.738567], [9.056511, 60.738567], [9.056597, 60.738483], [9.056511, 60.738483], [9.056511, 60.738357], [9.056425, 60.738357], [9.056425, 60.738315], [9.056168, 60.738315], [9.056168, 60.738357], [9.056082, 60.738357], [9.056082, 60.738441], [9.056168, 60.738441], [9.056339, 60.738567]]], [[[9.054537, 60.73735], [9.054451, 60.73735], [9.054451, 60.737392], [9.054279, 60.737392], [9.054279, 60.73735], [9.054108, 60.737308], [9.054193, 60.737224], [9.054365, 60.737224], [9.054537, 60.73735]]]]}, "properties": {"periode": "etter_host_2025", "areal_ha": 3.64, "andel_innenfor_jaktfelt": 1.0, "jaktfelt": "Sandbekken", "grunnlinje": "2025-10-14", "observert": "2026-09-21", "bekreftet": "2026-09-29"}}, {"type": "Feature", "geometry": {"type": "Polygon", "coordinates": [[[9.032049, 60.733532], [9.032049, 60.73349], [9.031878, 60.733448], [9.031878, 60.733322], [9.031963, 60.733322], [9.031963, 60.73328], [9.032221, 60.73328], [9.032221, 60.733238], [9.032307, 60.733238], [9.032307, 60.733154], [9.032393, 60.733154], [9.032393, 60.733112], [9.032564, 60.733112], [9.03265, 60.733196], [9.032478, 60.733238], [9.032478, 60.733364], [9.032307, 60.733406], [9.032307, 60.73349], [9.032221, 60.73349], [9.032221, 60.733532], [9.032049, 60.733532]]]}, "properties": {"periode": "etter_host_2025", "areal_ha": 0.09, "andel_innenfor_jaktfelt": 1.0, "jaktfelt": "Sandbekken", "grunnlinje": "2025-10-14", "observert": "2026-09-21", "bekreftet": "2026-09-29"}}, {"type": "Feature", "geometry": {"type": "Polygon", "coordinates": [[[9.030161, 60.730595], [9.030161, 60.730553], [9.030075, 60.730553], [9.030075, 60.730301], [9.030333, 60.730217], [9.030247, 60.730049], [9.030333, 60.730049], [9.030333, 60.730007], [9.030418, 60.730007], [9.030418, 60.729923], [9.030676, 60.729839], [9.030676, 60.729881], [9.030762, 60.729881], [9.030762, 60.730217], [9.030676, 60.730217], [9.030676, 60.730301], [9.030762, 60.730301], [9.030762, 60.730553], [9.030676, 60.730553], [9.030676, 60.730595], [9.030161, 60.730595]]]}, "properties": {"periode": "etter_host_2025", "areal_ha": 0.23, "andel_innenfor_jaktfelt": 1.0, "jaktfelt": "Sandbekken", "grunnlinje": "2025-10-14", "observert": "2026-09-21", "bekreftet": "2026-09-29"}}, {"type": "Feature", "geometry": {"type": "Polygon", "coordinates": [[[9.03059, 60.729797], [9.03059, 60.72963], [9.030504, 60.72963], [9.030504, 60.729504], [9.030418, 60.729504], [9.030504, 60.72942], [9.030762, 60.729504], [9.030762, 60.729797], [9.03059, 60.729797]]]}, "properties": {"periode": "etter_host_2025", "areal_ha": 0.05, "andel_innenfor_jaktfelt": 1.0, "jaktfelt": "Sandbekken", "grunnlinje": "2025-10-14", "observert": "2026-09-21", "bekreftet": "2026-09-29"}}, {"type": "Feature", "geometry": {"type": "Polygon", "coordinates": [[[9.039259, 60.728706], [9.039173, 60.728622], [9.038916, 60.728622], [9.038916, 60.72858], [9.03883, 60.72858], [9.03883, 60.728287], [9.038658, 60.728245], [9.038744, 60.728161], [9.03883, 60.728161], [9.039087, 60.728329], [9.039259, 60.728329], [9.039345, 60.728412], [9.039688, 60.728412], [9.03986, 60.728538], [9.040117, 60.728538], [9.040117, 60.72858], [9.040289, 60.728622], [9.040203, 60.728706], [9.039946, 60.728706], [9.03986, 60.728622], [9.039688, 60.728622], [9.039602, 60.728706], [9.039259, 60.728706]]]}, "properties": {"periode": "etter_host_2025", "areal_ha": 0.22, "andel_innenfor_jaktfelt": 1.0, "jaktfelt": "Sandbekken", "grunnlinje": "2025-10-14", "observert": "2026-09-21", "bekreftet": "2026-09-29"}}, {"type": "Feature", "geometry": {"type": "Polygon", "coordinates": [[[9.036684, 60.727531], [9.036684, 60.727489], [9.036512, 60.727447], [9.036512, 60.727363], [9.036598, 60.727363], [9.036684, 60.727279], [9.036856, 60.727279], [9.036856, 60.727321], [9.037027, 60.727363], [9.037027, 60.727489], [9.036942, 60.727489], [9.036942, 60.727531], [9.036684, 60.727531]]]}, "properties": {"periode": "etter_host_2025", "areal_ha": 0.06, "andel_innenfor_jaktfelt": 1.0, "jaktfelt": "Sandbekken", "grunnlinje": "2025-10-14", "observert": "2026-09-21", "bekreftet": "2026-09-29"}}, {"type": "Feature", "geometry": {"type": "Polygon", "coordinates": [[[9.040976, 60.730805], [9.041147, 60.730595], [9.041233, 60.730595], [9.041319, 60.730679], [9.041491, 60.730679], [9.041576, 60.730595], [9.041748, 60.730595], [9.04192, 60.730763], [9.042435, 60.730763], [9.042435, 60.730846], [9.042263, 60.730846], [9.042263, 60.730888], [9.042177, 60.730888], [9.042177, 60.73114], [9.042778, 60.73114], [9.042778, 60.731224], [9.042606, 60.731224], [9.042606, 60.731266], [9.042349, 60.73135], [9.042349, 60.731434], [9.042263, 60.731434], [9.042263, 60.731476], [9.042177, 60.731476], [9.042177, 60.731518], [9.042091, 60.731518], [9.042177, 60.731602], [9.042349, 60.731602], [9.042521, 60.731476], [9.042692, 60.731476], [9.042778, 60.73156], [9.043036, 60.73156], [9.043121, 60.731476], [9.043379, 60.731476], [9.043465, 60.73156], [9.043207, 60.731644], [9.043207, 60.73177], [9.043293, 60.73177], [9.043293, 60.731812], [9.043465, 60.731812], [9.043465, 60.73177], [9.04398, 60.73177], [9.044065, 60.731854], [9.044495, 60.731854], [9.044495, 60.731812], [9.04458, 60.731812], [9.04458, 60.731518], [9.044323, 60.731434], [9.044323, 60.731266], [9.044409, 60.731266], [9.044409, 60.731224], [9.04458, 60.731224], [9.04458, 60.731266], [9.044752, 60.731308], [9.044752, 60.731434], [9.044838, 60.731434], [9.044838, 60.731476], [9.045095, 60.731476], [9.045181, 60.73156], [9.045353, 60.73156], [9.045353, 60.731602], [9.045439, 60.731602], [9.045439, 60.731728], [9.045353, 60.731728], [9.045353, 60.73177], [9.045267, 60.73177], [9.045267, 60.731728], [9.044838, 60.731728], [9.044838, 60.73177], [9.044752, 60.73177], [9.044752, 60.731979], [9.044924, 60.732021], [9.044924, 60.732273], [9.044838, 60.732273], [9.044838, 60.732357], [9.045181, 60.732357], [9.045181, 60.732315], [9.045353, 60.732315], [9.045353, 60.732357], [9.045868, 60.732357], [9.045868, 60.732399], [9.04604, 60.732399], [9.04604, 60.732357], [9.046125, 60.732357], [9.046125, 60.732399], [9.046211, 60.732399], [9.046211, 60.732525], [9.046383, 60.732567], [9.046383, 60.732735], [9.046469, 60.732735], [9.046469, 60.732777], [9.046555, 60.732777], [9.046555, 60.732861], [9.046726, 60.732903], [9.04664, 60.733112], [9.04707, 60.733112], [9.04707, 60.733154], [9.047155, 60.733154], [9.047155, 60.73328], [9.047327, 60.733322], [9.047327, 60.733406], [9.04767, 60.73349], [9.04767, 60.733784], [9.047842, 60.733826], [9.047842, 60.733952], [9.047928, 60.733952], [9.047928, 60.733994], [9.0481, 60.733994], [9.048185, 60.73391], [9.048357, 60.73391], [9.048357, 60.733952], [9.048443, 60.733952], [9.048443, 60.734036], [9.048357, 60.734036], [9.048357, 60.734078], [9.0481, 60.734078], [9.0481, 60.734119], [9.048014, 60.734119], [9.048014, 60.734245], [9.047928, 60.734245], [9.048014, 60.734497], [9.047928, 60.734497], [9.047928, 60.734539], [9.047842, 60.734539], [9.047842, 60.734497], [9.04767, 60.734497], [9.04767, 60.734539], [9.047327, 60.734539], [9.047241, 60.734455], [9.046898, 60.734455], [9.046812, 60.734371], [9.04664, 60.734371], [9.04664, 60.734413], [9.046555, 60.734413], [9.046555, 60.734833], [9.046383, 60.734833], [9.046383, 60.734749], [9.046297, 60.734749], [9.046297, 60.734707], [9.045868, 60.734749], [9.045868, 60.734623], [9.04604, 60.734581], [9.04604, 60.734455], [9.045954, 60.734455], [9.045954, 60.734413], [9.045696, 60.734413], [9.045696, 60.734497], [9.045525, 60.734539], [9.045525, 60.734497], [9.045439, 60.734497], [9.045439, 60.734287], [9.045095, 60.734161], [9.045095, 60.73391], [9.04501, 60.73391], [9.044924, 60.733826], [9.04501, 60.733826], [9.045095, 60.733742], [9.045353, 60.733742], [9.045353, 60.7337], [9.045439, 60.7337], [9.045439, 60.733616], [9.045095, 60.733616], [9.045095, 60.733574], [9.044924, 60.733532], [9.044924, 60.733364], [9.04501, 60.733364], [9.04501, 60.73328], [9.044752, 60.73328], [9.044752, 60.733364], [9.044666, 60.733364], [9.04458, 60.733448], [9.043722, 60.733448], [9.043722, 60.733364], [9.043808, 60.733364], [9.043808, 60.733238], [9.043722, 60.733238], [9.043722, 60.733196], [9.043465, 60.733196], [9.043379, 60.73328], [9.043121, 60.73328], [9.043036, 60.733196], [9.042864, 60.733196], [9.042864, 60.733154], [9.042778, 60.733154], [9.042778, 60.733112], [9.042606, 60.733112], [9.042521, 60.733029], [9.042263, 60.733029], [9.042091, 60.732903], [9.04192, 60.732903], [9.04192, 60.732861], [9.041834, 60.732861], [9.041834, 60.732189], [9.04192, 60.732189], [9.04192, 60.732105], [9.041405, 60.732105], [9.041319, 60.732021], [9.041147, 60.732021], [9.041147, 60.731979], [9.041061, 60.731979], [9.041061, 60.731938], [9.041147, 60.731938], [9.041147, 60.731854], [9.04089, 60.73177], [9.04089, 60.731686], [9.040718, 60.731644], [9.040718, 60.73156], [9.040375, 60.73156], [9.040289, 60.731644], [9.03986, 60.731644], [9.039774, 60.731728], [9.039602, 60.731728], [9.039602, 60.731686], [9.039516, 60.731686], [9.039516, 60.731644], [9.039345, 60.731644], [9.039345, 60.731602], [9.039259, 60.731602], [9.039259, 60.731518], [9.039087, 60.731476], [9.039087, 60.731308], [9.038572, 60.731308], [9.038572, 60.731266], [9.038486, 60.731266], [9.038486, 60.731182], [9.038143, 60.731098], [9.038143, 60.730972], [9.038057, 60.730972], [9.038057, 60.73093], [9.037285, 60.73093], [9.037285, 60.730888], [9.037199, 60.730888], [9.037199, 60.730763], [9.037027, 60.730721], [9.037027, 60.730637], [9.036942, 60.730637], [9.036942, 60.730595], [9.03677, 60.730595], [9.036598, 60.730427], [9.036341, 60.730427], [9.036341, 60.730385], [9.036255, 60.730385], [9.036255, 60.729546], [9.036169, 60.729546], [9.035997, 60.72942], [9.035826, 60.72942], [9.03574, 60.729336], [9.035826, 60.729336], [9.035826, 60.729168], [9.035912, 60.729168], [9.035912, 60.729084], [9.035997, 60.729084], [9.035997, 60.729042], [9.036255, 60.729042], [9.036341, 60.728958], [9.036598, 60.728958], [9.036598, 60.728916], [9.036684, 60.728916], [9.036684, 60.728832], [9.036341, 60.728706], [9.036341, 60.728622], [9.036512, 60.72858], [9.036512, 60.728287], [9.036255, 60.728287], [9.036255, 60.728371], [9.036169, 60.728371], [9.036169, 60.728412], [9.035826, 60.728412], [9.035826, 60.728454], [9.03574, 60.728454], [9.03574, 60.728538], [9.035654, 60.728538], [9.035568, 60.728622], [9.035225, 60.728622], [9.035225, 60.728748], [9.035397, 60.728748], [9.035397, 60.728706], [9.035568, 60.728748], [9.035568, 60.729126], [9.03574, 60.729168], [9.03574, 60.729252], [9.035654, 60.729252], [9.035568, 60.729336], [9.035311, 60.729336], [9.035139, 60.729504], [9.034967, 60.729504], [9.034967, 60.729462], [9.034624, 60.729504], [9.034624, 60.729462], [9.034452, 60.72942], [9.034452, 60.728958], [9.034538, 60.728958], [9.034538, 60.728874], [9.034452, 60.728874], [9.034452, 60.728832], [9.034023, 60.728874], [9.033937, 60.72879], [9.034109, 60.728748], [9.034109, 60.728664], [9.033937, 60.728664], [9.033937, 60.728706], [9.033508, 60.728706], [9.033508, 60.728664], [9.033337, 60.728622], [9.033337, 60.728538], [9.03368, 60.72858], [9.03368, 60.728538], [9.033852, 60.728538], [9.033852, 60.728496], [9.033937, 60.728496], [9.033937, 60.728371], [9.033852, 60.728371], [9.033852, 60.728329], [9.03368, 60.728329], [9.033594, 60.728245], [9.033422, 60.728245], [9.033422, 60.728203], [9.033337, 60.728203], [9.033337, 60.728119], [9.033422, 60.728119], [9.033422, 60.728077], [9.03368, 60.728077], [9.033766, 60.728161], [9.034109, 60.728161], [9.034109, 60.727783], [9.034023, 60.727783], [9.034023, 60.727657], [9.033937, 60.727657], [9.033937, 60.727741], [9.033852, 60.727741], [9.033852, 60.727783], [9.032993, 60.727783], [9.032907, 60.727699], [9.032736, 60.727699], [9.03265, 60.727783], [9.032393, 60.727783], [9.032393, 60.727825], [9.032221, 60.727867], [9.032221, 60.728035], [9.031878, 60.728119], [9.031878, 60.728245], [9.031792, 60.728245], [9.031792, 60.728329], [9.031878, 60.728329], [9.031878, 60.728371], [9.031792, 60.728371], [9.031792, 60.728412], [9.03162, 60.728412], [9.03162, 60.728371], [9.031534, 60.728371], [9.031534, 60.728287], [9.031363, 60.728245], [9.031363, 60.728119], [9.031191, 60.728077], [9.031191, 60.727909], [9.031277, 60.727909], [9.031277, 60.727825], [9.031191, 60.727825], [9.031191, 60.727657], [9.030762, 60.727699], [9.030762, 60.727657], [9.03059, 60.727615], [9.03059, 60.727363], [9.029903, 60.727363], [9.029818, 60.727279], [9.029646, 60.727279], [9.02956, 60.727195], [9.029388, 60.727195], [9.029388, 60.727153], [9.029303, 60.727153], [9.029303, 60.727028], [9.029217, 60.727028], [9.029217, 60.726986], [9.029045, 60.726986], [9.029045, 60.726944], [9.028959, 60.726944], [9.028959, 60.726902], [9.029045, 60.726902], [9.028959, 60.726734], [9.028616, 60.726734], [9.02853, 60.72665], [9.028273, 60.72665], [9.028273, 60.726608], [9.028187, 60.726608], [9.028187, 60.726482], [9.028015, 60.72644], [9.028015, 60.726272], [9.027586, 60.726272], [9.027586, 60.72623], [9.0275, 60.72623], [9.0275, 60.725768], [9.027586, 60.725768], [9.027586, 60.725726], [9.027758, 60.725726], [9.027843, 60.725643], [9.028101, 60.725643], [9.028187, 60.725559], [9.028358, 60.725559], [9.028358, 60.725433], [9.028444, 60.725433], [9.028444, 60.725391], [9.028873, 60.725391], [9.028959, 60.725307], [9.029217, 60.725307], [9.029217, 60.725349], [9.029388, 60.725349], [9.029388, 60.725391], [9.029903, 60.725391], [9.029903, 60.725433], [9.030075, 60.725433], [9.030075, 60.725391], [9.030418, 60.725391], [9.030418, 60.725223], [9.030333, 60.725223], [9.030075, 60.725055], [9.030161, 60.725055], [9.030161, 60.725013], [9.030676, 60.725013], [9.030676, 60.725055], [9.030762, 60.725055], [9.030762, 60.725139], [9.031105, 60.725223], [9.031191, 60.725433], [9.031534, 60.725517], [9.031534, 60.725685], [9.031706, 60.725726], [9.031706, 60.725978], [9.031792, 60.725978], [9.031792, 60.72602], [9.032049, 60.72602], [9.032049, 60.726062], [9.032307, 60.726062], [9.032307, 60.726104], [9.03265, 60.726104], [9.03265, 60.726146], [9.032822, 60.726188], [9.032822, 60.726272], [9.033079, 60.726272], [9.033079, 60.726314], [9.033165, 60.726314], [9.033165, 60.726398], [9.033079, 60.726398], [9.033079, 60.72644], [9.03265, 60.72644], [9.03265, 60.726776], [9.032221, 60.72686], [9.032221, 60.726944], [9.032307, 60.726944], [9.032307, 60.726986], [9.032564, 60.726986], [9.03265, 60.726902], [9.032993, 60.726902], [9.033079, 60.726986], [9.03368, 60.726986], [9.03368, 60.726776], [9.033766, 60.726776], [9.033766, 60.726734], [9.033852, 60.726734], [9.033852, 60.726692], [9.033937, 60.726692], [9.033937, 60.72665], [9.034281, 60.726524], [9.034281, 60.72644], [9.034452, 60.726398], [9.034452, 60.726146], [9.034538, 60.726146], [9.034538, 60.726104], [9.034796, 60.726104], [9.034796, 60.726146], [9.034967, 60.726188], [9.034967, 60.726272], [9.034796, 60.726314], [9.034796, 60.726398], [9.034967, 60.72644], [9.034967, 60.72665], [9.034796, 60.726692], [9.034796, 60.726944], [9.034882, 60.726944], [9.034882, 60.726986], [9.035225, 60.726986], [9.035225, 60.727028], [9.035311, 60.727028], [9.035482, 60.727153], [9.035654, 60.727153], [9.03574, 60.727237], [9.035654, 60.727237], [9.035654, 60.727279], [9.034967, 60.727279], [9.034967, 60.727237], [9.034796, 60.727195], [9.034796, 60.727111], [9.03471, 60.727111], [9.03471, 60.72707], [9.034109, 60.72707], [9.034109, 60.727153], [9.034023, 60.727153], [9.034023, 60.727195], [9.033766, 60.727195], [9.033766, 60.727237], [9.03368, 60.727237], [9.03368, 60.727321], [9.033337, 60.727405], [9.033251, 60.727615], [9.033337, 60.727615], [9.033422, 60.727699], [9.03368, 60.727699], [9.03368, 60.727573], [9.033766, 60.727573], [9.033766, 60.727531], [9.034023, 60.727531], [9.034281, 60.727363], [9.034452, 60.727363], [9.034452, 60.727405], [9.034624, 60.727405], [9.034624, 60.727363], [9.034967, 60.727363], [9.035053, 60.727447], [9.035568, 60.727447], [9.035654, 60.727531], [9.035826, 60.727531], [9.035826, 60.727573], [9.035912, 60.727573], [9.035912, 60.727657], [9.036255, 60.727741], [9.036255, 60.728119], [9.036341, 60.728119], [9.036341, 60.728161], [9.036512, 60.728161], [9.036512, 60.728203], [9.036684, 60.728245], [9.036684, 60.728371], [9.03677, 60.728371], [9.03677, 60.728412], [9.037628, 60.728412], [9.037628, 60.728454], [9.037714, 60.728454], [9.037714, 60.728622], [9.037371, 60.72858], [9.037371, 60.728748], [9.037027, 60.728832], [9.037027, 60.729126], [9.036942, 60.729126], [9.036942, 60.729168], [9.03677, 60.729168], [9.03677, 60.729252], [9.036856, 60.729252], [9.036856, 60.72942], [9.03677, 60.72942], [9.03677, 60.729504], [9.037027, 60.729588], [9.037027, 60.729839], [9.037113, 60.729839], [9.037113, 60.729881], [9.037285, 60.729881], [9.037371, 60.729965], [9.0378, 60.729965], [9.037886, 60.730049], [9.038744, 60.730049], [9.038744, 60.730007], [9.03883, 60.730007], [9.03883, 60.729839], [9.038916, 60.729839], [9.038916, 60.729797], [9.039173, 60.729797], [9.039173, 60.729671], [9.038916, 60.729588], [9.038916, 60.729504], [9.039001, 60.729504], [9.039001, 60.729546], [9.039259, 60.729546], [9.039259, 60.729462], [9.039087, 60.72942], [9.039087, 60.729336], [9.039259, 60.729294], [9.039259, 60.72921], [9.039431, 60.72921], [9.039431, 60.729294], [9.039602, 60.729336], [9.039602, 60.729462], [9.039688, 60.729462], [9.039688, 60.729504], [9.03986, 60.729504], [9.03986, 60.729546], [9.039946, 60.729546], [9.039946, 60.72963], [9.040031, 60.72963], [9.040031, 60.729671], [9.040203, 60.729671], [9.040203, 60.729713], [9.040289, 60.729713], [9.040289, 60.729839], [9.040461, 60.729881], [9.040461, 60.729965], [9.040289, 60.730007], [9.040289, 60.730133], [9.040031, 60.730217], [9.040031, 60.730301], [9.040289, 60.730385], [9.040289, 60.730595], [9.040461, 60.730595], [9.040461, 60.730637], [9.040546, 60.730637], [9.040546, 60.730763], [9.04089, 60.730763], [9.04089, 60.730805], [9.040976, 60.730805]], [[9.040976, 60.73093], [9.041147, 60.73093], [9.041147, 60.730846], [9.041061, 60.730846], [9.041061, 60.730805], [9.040976, 60.730805], [9.040976, 60.73093]], [[9.042091, 60.731518], [9.042091, 60.731476], [9.04192, 60.731476], [9.04192, 60.731518], [9.042091, 60.731518]], [[9.045868, 60.732525], [9.045954, 60.732525], [9.045954, 60.732483], [9.045868, 60.732483], [9.045868, 60.732525]], [[9.041834, 60.731979], [9.042006, 60.731979], [9.042006, 60.731938], [9.042091, 60.731938], [9.042091, 60.731854], [9.042006, 60.731854], [9.04192, 60.73177], [9.041662, 60.73177], [9.041662, 60.731812], [9.041576, 60.731812], [9.041576, 60.731896], [9.041662, 60.731896], [9.041662, 60.731938], [9.041834, 60.731938], [9.041834, 60.731979]]]}, "properties": {"periode": "etter_host_2025", "areal_ha": 20.25, "andel_innenfor_jaktfelt": 1.0, "jaktfelt": "Sandbekken", "grunnlinje": "2025-10-14", "observert": "2026-09-21", "bekreftet": "2026-09-29"}}, {"type": "Feature", "geometry": {"type": "Polygon", "coordinates": [[[9.006901, 60.724132], [9.006815, 60.724048], [9.006987, 60.724006], [9.006987, 60.723796], [9.007072, 60.723796], [9.007072, 60.723754], [9.007673, 60.723754], [9.007673, 60.723796], [9.007845, 60.723796], [9.007845, 60.723754], [9.008188, 60.723754], [9.008274, 60.72367], [9.008446, 60.72367], [9.008532, 60.723754], [9.009047, 60.723754], [9.009132, 60.72367], [9.009647, 60.72367], [9.009647, 60.723712], [9.009733, 60.723712], [9.009562, 60.723838], [9.008188, 60.723838], [9.008188, 60.72388], [9.008102, 60.72388], [9.008102, 60.723922], [9.008017, 60.723922], [9.008017, 60.723964], [9.007931, 60.723964], [9.007673, 60.724132], [9.007502, 60.724132], [9.007502, 60.72409], [9.00733, 60.72409], [9.00733, 60.724132], [9.006901, 60.724132]]]}, "properties": {"periode": "etter_host_2025", "areal_ha": 0.34, "andel_innenfor_jaktfelt": 1.0, "jaktfelt": "Sandbekken", "grunnlinje": "2025-10-14", "observert": "2026-09-21", "bekreftet": "2026-09-29"}}, {"type": "Feature", "geometry": {"type": "Polygon", "coordinates": [[[9.003897, 60.723754], [9.003897, 60.72367], [9.004154, 60.72367], [9.00424, 60.723586], [9.004498, 60.723586], [9.004498, 60.723628], [9.004583, 60.723628], [9.004583, 60.723712], [9.004498, 60.723712], [9.004498, 60.723754], [9.003897, 60.723754]]]}, "properties": {"periode": "etter_host_2025", "areal_ha": 0.05, "andel_innenfor_jaktfelt": 1.0, "jaktfelt": "Sandbekken", "grunnlinje": "2025-10-14", "observert": "2026-09-21", "bekreftet": "2026-09-29"}}, {"type": "Feature", "geometry": {"type": "Polygon", "coordinates": [[[9.040632, 60.722159], [9.040632, 60.722117], [9.040546, 60.722117], [9.040546, 60.721823], [9.040632, 60.721823], [9.040632, 60.721781], [9.040976, 60.721781], [9.040976, 60.721823], [9.041061, 60.721823], [9.041061, 60.721907], [9.041233, 60.721949], [9.041233, 60.722117], [9.041147, 60.722117], [9.041147, 60.722159], [9.040632, 60.722159]]]}, "properties": {"periode": "etter_host_2025", "areal_ha": 0.13, "andel_innenfor_jaktfelt": 1.0, "jaktfelt": "Sandbekken", "grunnlinje": "2025-10-14", "observert": "2026-09-21", "bekreftet": "2026-09-29"}}, {"type": "Feature", "geometry": {"type": "Polygon", "coordinates": [[[9.025526, 60.719346], [9.025526, 60.719262], [9.025612, 60.719262], [9.025698, 60.719178], [9.026127, 60.719178], [9.026127, 60.71922], [9.026213, 60.71922], [9.026041, 60.719346], [9.025526, 60.719346]]]}, "properties": {"periode": "etter_host_2025", "areal_ha": 0.05, "andel_innenfor_jaktfelt": 1.0, "jaktfelt": "Sandbekken", "grunnlinje": "2025-10-14", "observert": "2026-09-21", "bekreftet": "2026-09-29"}}, {"type": "Feature", "geometry": {"type": "Polygon", "coordinates": [[[9.021063, 60.719178], [9.020805, 60.719011], [9.020376, 60.719011], [9.020376, 60.718927], [9.021063, 60.718927], [9.021063, 60.718969], [9.021406, 60.719094], [9.02132, 60.719178], [9.021063, 60.719178]]]}, "properties": {"periode": "etter_host_2025", "areal_ha": 0.08, "andel_innenfor_jaktfelt": 1.0, "jaktfelt": "Sandbekken", "grunnlinje": "2025-10-14", "observert": "2026-09-21", "bekreftet": "2026-09-29"}}, {"type": "Feature", "geometry": {"type": "Polygon", "coordinates": [[[9.008703, 60.719808], [9.008617, 60.719724], [9.008703, 60.719724], [9.008703, 60.719682], [9.008789, 60.719682], [9.008789, 60.71964], [9.009132, 60.719514], [9.009132, 60.719388], [9.009047, 60.719388], [9.008875, 60.719262], [9.008703, 60.719262], [9.008703, 60.719304], [9.008617, 60.719304], [9.00836, 60.719472], [9.007931, 60.719472], [9.007931, 60.71943], [9.007845, 60.71943], [9.007845, 60.719304], [9.007673, 60.719262], [9.007673, 60.718927], [9.007759, 60.718927], [9.007759, 60.718885], [9.007845, 60.718885], [9.007845, 60.718801], [9.008102, 60.718717], [9.008102, 60.718633], [9.008446, 60.718507], [9.008446, 60.718381], [9.008617, 60.718339], [9.008617, 60.718213], [9.008789, 60.718171], [9.008789, 60.718003], [9.008875, 60.718003], [9.009132, 60.717835], [9.009304, 60.717835], [9.009304, 60.717877], [9.009562, 60.717961], [9.009562, 60.718255], [9.009905, 60.718381], [9.009905, 60.718507], [9.010248, 60.718591], [9.010248, 60.718717], [9.01042, 60.718759], [9.01042, 60.718927], [9.010334, 60.718927], [9.010334, 60.718969], [9.010248, 60.718969], [9.010248, 60.719011], [9.010162, 60.719011], [9.010162, 60.719053], [9.010077, 60.719053], [9.010077, 60.719094], [9.009733, 60.71922], [9.009733, 60.71964], [9.009647, 60.71964], [9.009562, 60.719724], [9.009218, 60.719724], [9.009132, 60.719808], [9.008703, 60.719808]]]}, "properties": {"periode": "etter_host_2025", "areal_ha": 1.74, "andel_innenfor_jaktfelt": 1.0, "jaktfelt": "Sandbekken", "grunnlinje": "2025-10-14", "observert": "2026-09-21", "bekreftet": "2026-09-29"}}, {"type": "Feature", "geometry": {"type": "Polygon", "coordinates": [[[9.012308, 60.723292], [9.012308, 60.722914], [9.012394, 60.722914], [9.012394, 60.722788], [9.012308, 60.722788], [9.012222, 60.722704], [9.011793, 60.722704], [9.011621, 60.722495], [9.011364, 60.722495], [9.011364, 60.722453], [9.011192, 60.722453], [9.011192, 60.722495], [9.011106, 60.722495], [9.011106, 60.722453], [9.011021, 60.722453], [9.011021, 60.722285], [9.010592, 60.722201], [9.010592, 60.722033], [9.010677, 60.722033], [9.010677, 60.721991], [9.010935, 60.721991], [9.010935, 60.721949], [9.011021, 60.721949], [9.011021, 60.721865], [9.011106, 60.721865], [9.011106, 60.721781], [9.011021, 60.721781], [9.011021, 60.721739], [9.010935, 60.721739], [9.010935, 60.721697], [9.010592, 60.721571], [9.010592, 60.721193], [9.01042, 60.721151], [9.01042, 60.721025], [9.010248, 60.720983], [9.010248, 60.720858], [9.010334, 60.720858], [9.010334, 60.720816], [9.010763, 60.720816], [9.010849, 60.720732], [9.011106, 60.720732], [9.011106, 60.72069], [9.011192, 60.72069], [9.011192, 60.720606], [9.011278, 60.720606], [9.011278, 60.720564], [9.011364, 60.720564], [9.011364, 60.720522], [9.01145, 60.720522], [9.011707, 60.720354], [9.012222, 60.720354], [9.012222, 60.720396], [9.012308, 60.720396], [9.012308, 60.72048], [9.012651, 60.720606], [9.012651, 60.720774], [9.012737, 60.720774], [9.012909, 60.7209], [9.013338, 60.7209], [9.013424, 60.720983], [9.013681, 60.720983], [9.013939, 60.720816], [9.014196, 60.720816], [9.014196, 60.720774], [9.014282, 60.720774], [9.01454, 60.720606], [9.015055, 60.720606], [9.015055, 60.720396], [9.015398, 60.720312], [9.015398, 60.720228], [9.015312, 60.720228], [9.015312, 60.720186], [9.014883, 60.720186], [9.014883, 60.720312], [9.014711, 60.720354], [9.014626, 60.72027], [9.014368, 60.72027], [9.014368, 60.720228], [9.014282, 60.720228], [9.014282, 60.720018], [9.014196, 60.720018], [9.014196, 60.719976], [9.014111, 60.719976], [9.013853, 60.719808], [9.013596, 60.719808], [9.013596, 60.719766], [9.01351, 60.719766], [9.01351, 60.719724], [9.013338, 60.719724], [9.013252, 60.71964], [9.012737, 60.71964], [9.012651, 60.719556], [9.012737, 60.719556], [9.012823, 60.719472], [9.012995, 60.719472], [9.013081, 60.719556], [9.013252, 60.719556], [9.013338, 60.719472], [9.01351, 60.719472], [9.01351, 60.71943], [9.013596, 60.71943], [9.013596, 60.719346], [9.013681, 60.719346], [9.013681, 60.719304], [9.013767, 60.719304], [9.013767, 60.719262], [9.013853, 60.719262], [9.014111, 60.719094], [9.014368, 60.719094], [9.014454, 60.719011], [9.014797, 60.719011], [9.014797, 60.719094], [9.014626, 60.719136], [9.014626, 60.71943], [9.014711, 60.71943], [9.014711, 60.719472], [9.014883, 60.719514], [9.014883, 60.719598], [9.015055, 60.71964], [9.015055, 60.719766], [9.015226, 60.719808], [9.015226, 60.719892], [9.015656, 60.719892], [9.015656, 60.71985], [9.015827, 60.719808], [9.015827, 60.719724], [9.015741, 60.719724], [9.015741, 60.71964], [9.015913, 60.719598], [9.015913, 60.719514], [9.015741, 60.719472], [9.015827, 60.719262], [9.01557, 60.719178], [9.01557, 60.718927], [9.015398, 60.718885], [9.015398, 60.718801], [9.015055, 60.718717], [9.015055, 60.718171], [9.014883, 60.718129], [9.014883, 60.717961], [9.014626, 60.717877], [9.014626, 60.717625], [9.014711, 60.717625], [9.014711, 60.717583], [9.014883, 60.717625], [9.014883, 60.717709], [9.015055, 60.717751], [9.015055, 60.717877], [9.015141, 60.717877], [9.015141, 60.717919], [9.015484, 60.717919], [9.015484, 60.717877], [9.01557, 60.717877], [9.01557, 60.717835], [9.015656, 60.717835], [9.015656, 60.717793], [9.015741, 60.717793], [9.015741, 60.717751], [9.015827, 60.717751], [9.016085, 60.717583], [9.016514, 60.717583], [9.016514, 60.717625], [9.0166, 60.717625], [9.0166, 60.717667], [9.016685, 60.717667], [9.016685, 60.717709], [9.017029, 60.717835], [9.017029, 60.717961], [9.0172, 60.718003], [9.0172, 60.718171], [9.017372, 60.718213], [9.017372, 60.718255], [9.0172, 60.718297], [9.0172, 60.718507], [9.017286, 60.718507], [9.017286, 60.718549], [9.017544, 60.718549], [9.017544, 60.718633], [9.017286, 60.718633], [9.017286, 60.718675], [9.0172, 60.718675], [9.0172, 60.718969], [9.017286, 60.718969], [9.017286, 60.719011], [9.017715, 60.719011], [9.017801, 60.718927], [9.017973, 60.718927], [9.018059, 60.719011], [9.018831, 60.719011], [9.018831, 60.719094], [9.018745, 60.719094], [9.01866, 60.719178], [9.017715, 60.719178], [9.017715, 60.71922], [9.017544, 60.719262], [9.01763, 60.71943], [9.017715, 60.71943], [9.017715, 60.719472], [9.017801, 60.719472], [9.017801, 60.719514], [9.018145, 60.71964], [9.018145, 60.719766], [9.018316, 60.719808], [9.018316, 60.719892], [9.018059, 60.719976], [9.018145, 60.720186], [9.017801, 60.720312], [9.017801, 60.720438], [9.017715, 60.720438], [9.01763, 60.720522], [9.017458, 60.720522], [9.017458, 60.720564], [9.017372, 60.720564], [9.017372, 60.720732], [9.017286, 60.720732], [9.017286, 60.720774], [9.016943, 60.7209], [9.016943, 60.720983], [9.017029, 60.720983], [9.017029, 60.721025], [9.016943, 60.721025], [9.016943, 60.721067], [9.016771, 60.721067], [9.016771, 60.721109], [9.016685, 60.721109], [9.016685, 60.721193], [9.016342, 60.721277], [9.016342, 60.721445], [9.016256, 60.721445], [9.016171, 60.721529], [9.015999, 60.721529], [9.015913, 60.721613], [9.015484, 60.721613], [9.015484, 60.721655], [9.015398, 60.721655], [9.015398, 60.721697], [9.015055, 60.721823], [9.015055, 60.721949], [9.014883, 60.721991], [9.014883, 60.722117], [9.014797, 60.722117], [9.014797, 60.722159], [9.014711, 60.722159], [9.014711, 60.722201], [9.014626, 60.722201], [9.014626, 60.722243], [9.01454, 60.722243], [9.01454, 60.722285], [9.014454, 60.722285], [9.014454, 60.722327], [9.014368, 60.722327], [9.014111, 60.722495], [9.013681, 60.722495], [9.013681, 60.722537], [9.013596, 60.722537], [9.013596, 60.722579], [9.013424, 60.722579], [9.013252, 60.722704], [9.012909, 60.722704], [9.012909, 60.722746], [9.012651, 60.72283], [9.012651, 60.723208], [9.012566, 60.723208], [9.01248, 60.723292], [9.012308, 60.723292]]]}, "properties": {"periode": "etter_host_2025", "areal_ha": 11.03, "andel_innenfor_jaktfelt": 1.0, "jaktfelt": "Sandbekken", "grunnlinje": "2025-10-14", "observert": "2026-09-21", "bekreftet": "2026-09-29"}}, {"type": "Feature", "geometry": {"type": "Polygon", "coordinates": [[[9.002953, 60.717037], [9.002953, 60.716995], [9.002867, 60.716995], [9.002867, 60.716953], [9.002695, 60.716953], [9.002695, 60.716911], [9.002523, 60.71687], [9.002523, 60.716786], [9.002438, 60.716786], [9.002438, 60.716744], [9.002266, 60.716744], [9.002266, 60.716702], [9.00218, 60.716702], [9.00218, 60.716618], [9.002094, 60.716618], [9.002094, 60.716576], [9.002008, 60.716576], [9.002008, 60.716534], [9.001923, 60.716534], [9.001923, 60.716492], [9.001837, 60.716492], [9.001837, 60.71645], [9.001493, 60.716324], [9.001493, 60.71603], [9.001579, 60.71603], [9.001837, 60.715862], [9.002008, 60.715862], [9.002008, 60.715904], [9.00218, 60.715904], [9.00218, 60.715862], [9.002352, 60.715862], [9.002352, 60.715904], [9.002523, 60.715904], [9.002523, 60.715862], [9.002867, 60.715862], [9.003124, 60.715694], [9.003382, 60.715694], [9.003468, 60.71561], [9.003811, 60.71561], [9.003897, 60.715694], [9.004326, 60.715694], [9.004412, 60.71561], [9.004755, 60.71561], [9.004841, 60.715694], [9.005013, 60.715694], [9.005184, 60.715526], [9.006128, 60.715526], [9.0063, 60.715694], [9.006901, 60.715694], [9.006901, 60.715736], [9.006987, 60.715736], [9.006987, 60.715862], [9.007158, 60.715862], [9.007244, 60.715946], [9.007587, 60.715946], [9.007587, 60.715904], [9.007673, 60.715904], [9.007673, 60.715694], [9.007587, 60.715694], [9.007587, 60.715526], [9.007502, 60.715526], [9.007502, 60.715316], [9.007673, 60.715274], [9.007673, 60.71519], [9.007587, 60.71519], [9.007587, 60.715148], [9.007244, 60.715148], [9.007244, 60.715106], [9.007158, 60.715106], [9.007158, 60.71498], [9.00733, 60.714938], [9.00733, 60.714309], [9.007502, 60.714267], [9.007587, 60.71435], [9.007759, 60.71435], [9.007759, 60.714309], [9.007845, 60.714309], [9.007845, 60.714099], [9.007931, 60.714099], [9.007931, 60.714057], [9.008274, 60.714183], [9.008274, 60.714225], [9.008017, 60.714309], [9.008017, 60.71456], [9.008102, 60.71456], [9.008102, 60.714602], [9.008274, 60.714602], [9.00836, 60.714686], [9.008703, 60.714686], [9.008789, 60.714602], [9.009047, 60.714602], [9.009218, 60.71477], [9.010334, 60.71477], [9.010334, 60.714812], [9.01042, 60.714812], [9.01042, 60.71498], [9.010849, 60.71498], [9.010849, 60.715022], [9.011021, 60.715064], [9.011021, 60.715274], [9.011106, 60.715274], [9.011106, 60.715316], [9.011364, 60.715316], [9.01145, 60.7154], [9.011965, 60.7154], [9.012136, 60.715526], [9.012394, 60.715526], [9.012394, 60.715568], [9.01248, 60.715568], [9.01248, 60.715904], [9.012394, 60.715904], [9.012394, 60.715946], [9.012136, 60.715946], [9.011965, 60.716114], [9.011879, 60.716114], [9.011793, 60.71603], [9.011536, 60.71603], [9.011364, 60.715904], [9.011192, 60.715904], [9.011192, 60.715946], [9.011021, 60.715988], [9.011021, 60.716114], [9.01145, 60.716114], [9.01145, 60.716156], [9.011536, 60.716156], [9.011536, 60.71624], [9.01145, 60.71624], [9.011364, 60.716324], [9.011106, 60.716324], [9.011021, 60.716408], [9.010849, 60.716408], [9.010763, 60.716324], [9.010248, 60.716324], [9.010162, 60.71624], [9.009991, 60.71624], [9.009905, 60.716324], [9.009733, 60.716324], [9.009647, 60.71624], [9.009218, 60.71624], [9.009047, 60.71603], [9.008789, 60.71603], [9.008532, 60.715862], [9.008102, 60.715862], [9.008102, 60.715904], [9.008017, 60.715904], [9.008017, 60.715988], [9.008102, 60.715988], [9.008102, 60.71603], [9.008274, 60.71603], [9.008274, 60.716072], [9.008446, 60.716114], [9.008446, 60.716282], [9.008017, 60.716366], [9.008017, 60.716702], [9.008274, 60.716786], [9.008274, 60.716995], [9.008188, 60.716995], [9.008188, 60.717037], [9.00733, 60.717037], [9.00733, 60.716995], [9.007158, 60.716953], [9.007158, 60.716786], [9.007072, 60.716786], [9.007072, 60.716744], [9.006557, 60.716744], [9.006557, 60.716702], [9.006214, 60.716576], [9.006214, 60.716492], [9.005527, 60.716492], [9.005527, 60.716618], [9.005442, 60.716618], [9.005442, 60.71666], [9.005098, 60.71666], [9.005013, 60.716744], [9.004498, 60.716744], [9.004498, 60.716786], [9.004412, 60.716786], [9.004412, 60.71687], [9.004326, 60.71687], [9.00424, 60.716953], [9.003811, 60.716953], [9.003811, 60.716911], [9.003639, 60.716911], [9.003639, 60.716953], [9.003382, 60.716953], [9.003296, 60.717037], [9.002953, 60.717037]]]}, "properties": {"periode": "etter_host_2025", "areal_ha": 7.94, "andel_innenfor_jaktfelt": 1.0, "jaktfelt": "Sandbekken", "grunnlinje": "2025-10-14", "observert": "2026-09-21", "bekreftet": "2026-09-29"}}, {"type": "Feature", "geometry": {"type": "Polygon", "coordinates": [[[9.036255, 60.721781], [9.036169, 60.721697], [9.035912, 60.721697], [9.035912, 60.721655], [9.035826, 60.721655], [9.035826, 60.721613], [9.03574, 60.721613], [9.03574, 60.721571], [9.035397, 60.721445], [9.035397, 60.721361], [9.035311, 60.721361], [9.035225, 60.721277], [9.034796, 60.721319], [9.034796, 60.721277], [9.034452, 60.721151], [9.034452, 60.721067], [9.033766, 60.721067], [9.033766, 60.721025], [9.03368, 60.721025], [9.03368, 60.720983], [9.033766, 60.720983], [9.03368, 60.720774], [9.033337, 60.72069], [9.033337, 60.720564], [9.033251, 60.720564], [9.033251, 60.720522], [9.032736, 60.720522], [9.032478, 60.720354], [9.032049, 60.720354], [9.031792, 60.720186], [9.03162, 60.720186], [9.03162, 60.720144], [9.031534, 60.720144], [9.031534, 60.720102], [9.03162, 60.720102], [9.03162, 60.719976], [9.031277, 60.719976], [9.031105, 60.719808], [9.030676, 60.719808], [9.030504, 60.71964], [9.030161, 60.71964], [9.030161, 60.719598], [9.030075, 60.719598], [9.030075, 60.719514], [9.029818, 60.71943], [9.029818, 60.719346], [9.029646, 60.719346], [9.02956, 60.719262], [9.029303, 60.719262], [9.029217, 60.719178], [9.027758, 60.719178], [9.027758, 60.719094], [9.028101, 60.719094], [9.028101, 60.719053], [9.028187, 60.719053], [9.028187, 60.718801], [9.028015, 60.718759], [9.028015, 60.718675], [9.027929, 60.718675], [9.027929, 60.718633], [9.027586, 60.718633], [9.027586, 60.718591], [9.0275, 60.718591], [9.0275, 60.718507], [9.027414, 60.718507], [9.027414, 60.718465], [9.027243, 60.718465], [9.027243, 60.718381], [9.027586, 60.718381], [9.027586, 60.718339], [9.027843, 60.718255], [9.027843, 60.718171], [9.027929, 60.718171], [9.027929, 60.718129], [9.028101, 60.718129], [9.028101, 60.718087], [9.028187, 60.718087], [9.028187, 60.718003], [9.028273, 60.718003], [9.028273, 60.717919], [9.028187, 60.717919], [9.028187, 60.717877], [9.028015, 60.717877], [9.028015, 60.717919], [9.027843, 60.717877], [9.027843, 60.717751], [9.027929, 60.717751], [9.027929, 60.717667], [9.027843, 60.717667], [9.027843, 60.717625], [9.028187, 60.717541], [9.028187, 60.717415], [9.028101, 60.717415], [9.028101, 60.717373], [9.027843, 60.717373], [9.027843, 60.717331], [9.027414, 60.717373], [9.027414, 60.717415], [9.027328, 60.717415], [9.027328, 60.717667], [9.027157, 60.717709], [9.027157, 60.717835], [9.027071, 60.717835], [9.027071, 60.717919], [9.027157, 60.717919], [9.027157, 60.717961], [9.027071, 60.717961], [9.027071, 60.718003], [9.026814, 60.718003], [9.026814, 60.718171], [9.026728, 60.718171], [9.026728, 60.718213], [9.026127, 60.718213], [9.026127, 60.718171], [9.026041, 60.718171], [9.026041, 60.717961], [9.025955, 60.717961], [9.025955, 60.717919], [9.025698, 60.717919], [9.025698, 60.717877], [9.02544, 60.717793], [9.02544, 60.717709], [9.025269, 60.717667], [9.025269, 60.717583], [9.024925, 60.717583], [9.024839, 60.717499], [9.024239, 60.717499], [9.024067, 60.717289], [9.023638, 60.717289], [9.023638, 60.717247], [9.023466, 60.717247], [9.023466, 60.717205], [9.023123, 60.717205], [9.023037, 60.717121], [9.022865, 60.717121], [9.022865, 60.717079], [9.022779, 60.717079], [9.022779, 60.717037], [9.022694, 60.717037], [9.022694, 60.716995], [9.02235, 60.71687], [9.02235, 60.716786], [9.022179, 60.716744], [9.022179, 60.71624], [9.02235, 60.716198], [9.02235, 60.715736], [9.022264, 60.715736], [9.022264, 60.715694], [9.022093, 60.715694], [9.022093, 60.715652], [9.022007, 60.715652], [9.022007, 60.715568], [9.021835, 60.715526], [9.021835, 60.715316], [9.021921, 60.715316], [9.021921, 60.715232], [9.021835, 60.715232], [9.021835, 60.715022], [9.021664, 60.71498], [9.021664, 60.714812], [9.021578, 60.714812], [9.021578, 60.71477], [9.021406, 60.71477], [9.021149, 60.714602], [9.020977, 60.714602], [9.020977, 60.71456], [9.020891, 60.71456], [9.020891, 60.714267], [9.021063, 60.714225], [9.021063, 60.714057], [9.021149, 60.714057], [9.021149, 60.713973], [9.020891, 60.713889], [9.020891, 60.713511], [9.021063, 60.713469], [9.021063, 60.712797], [9.021235, 60.712755], [9.021235, 60.712545], [9.02132, 60.712545], [9.02132, 60.712419], [9.021406, 60.712419], [9.021406, 60.712377], [9.021749, 60.712377], [9.021835, 60.712293], [9.022093, 60.712293], [9.022093, 60.712335], [9.022179, 60.712335], [9.022179, 60.712419], [9.022264, 60.712419], [9.022264, 60.712461], [9.02235, 60.712461], [9.02235, 60.712503], [9.022694, 60.712629], [9.022694, 60.712839], [9.022865, 60.712881], [9.022865, 60.712965], [9.022951, 60.712965], [9.022951, 60.713007], [9.023123, 60.713007], [9.023123, 60.713049], [9.023294, 60.713091], [9.023294, 60.713301], [9.02338, 60.713301], [9.02338, 60.713343], [9.023724, 60.713343], [9.023895, 60.713511], [9.024067, 60.713511], [9.024239, 60.713637], [9.024496, 60.713637], [9.024496, 60.713679], [9.024582, 60.713679], [9.024582, 60.713889], [9.024839, 60.713889], [9.024839, 60.713931], [9.024925, 60.713931], [9.024925, 60.71435], [9.024582, 60.714476], [9.024582, 60.714686], [9.024496, 60.714686], [9.02441, 60.71477], [9.024239, 60.71477], [9.024239, 60.714896], [9.024668, 60.714896], [9.024839, 60.71477], [9.025354, 60.71477], [9.02544, 60.714686], [9.025612, 60.714686], [9.025698, 60.71477], [9.026127, 60.71477], [9.026127, 60.714812], [9.026213, 60.714812], [9.02647, 60.71498], [9.026728, 60.71498], [9.026985, 60.715148], [9.027243, 60.715148], [9.027243, 60.71519], [9.027328, 60.71519], [9.027328, 60.715274], [9.027414, 60.715274], [9.027414, 60.715316], [9.027672, 60.7154], [9.027672, 60.715484], [9.028015, 60.71561], [9.028015, 60.715736], [9.028358, 60.715862], [9.028358, 60.715988], [9.028444, 60.715988], [9.028444, 60.71603], [9.028616, 60.71603], [9.028616, 60.716072], [9.028788, 60.716114], [9.028788, 60.716198], [9.028873, 60.716198], [9.029045, 60.716324], [9.029303, 60.716324], [9.029388, 60.716408], [9.029818, 60.716408], [9.029818, 60.71645], [9.029903, 60.71645], [9.029903, 60.716618], [9.029989, 60.716618], [9.029989, 60.71666], [9.030247, 60.71666], [9.030247, 60.716702], [9.030418, 60.716744], [9.030418, 60.716828], [9.03059, 60.71687], [9.03059, 60.717037], [9.030418, 60.717079], [9.030418, 60.717247], [9.030333, 60.717247], [9.030333, 60.717289], [9.029732, 60.717289], [9.029732, 60.717331], [9.029646, 60.717331], [9.029646, 60.717457], [9.029303, 60.717541], [9.029303, 60.717709], [9.029474, 60.717751], [9.029474, 60.717961], [9.029646, 60.718003], [9.029646, 60.718087], [9.029732, 60.718087], [9.029732, 60.718129], [9.030247, 60.718129], [9.030247, 60.718171], [9.030418, 60.718171], [9.03059, 60.718045], [9.030762, 60.718045], [9.030762, 60.718171], [9.030848, 60.718171], [9.030848, 60.718213], [9.031277, 60.718213], [9.031277, 60.718171], [9.031363, 60.718171], [9.031363, 60.718087], [9.031448, 60.718087], [9.031534, 60.718003], [9.031963, 60.718003], [9.032221, 60.717835], [9.032907, 60.717835], [9.032907, 60.717877], [9.032993, 60.717877], [9.032993, 60.717961], [9.033337, 60.718045], [9.033337, 60.718171], [9.033422, 60.718171], [9.033422, 60.718213], [9.033508, 60.718213], [9.033766, 60.718381], [9.033937, 60.718381], [9.033937, 60.718423], [9.034281, 60.718549], [9.034281, 60.718717], [9.034538, 60.718717], [9.034538, 60.718759], [9.034624, 60.718759], [9.034624, 60.718927], [9.034796, 60.718969], [9.034796, 60.719094], [9.035139, 60.719094], [9.035139, 60.719136], [9.035225, 60.719136], [9.035225, 60.719262], [9.035568, 60.719262], [9.035568, 60.719304], [9.03574, 60.719346], [9.03574, 60.71943], [9.035826, 60.71943], [9.035826, 60.719472], [9.035912, 60.719472], [9.035912, 60.719514], [9.036255, 60.71964], [9.036255, 60.719766], [9.036341, 60.719766], [9.036341, 60.719808], [9.036856, 60.719808], [9.037113, 60.719976], [9.037285, 60.719976], [9.037285, 60.72006], [9.037113, 60.72006], [9.037113, 60.720186], [9.037285, 60.720186], [9.037457, 60.720312], [9.037628, 60.72027], [9.037628, 60.720312], [9.037714, 60.720312], [9.037714, 60.72048], [9.0378, 60.72048], [9.0378, 60.720522], [9.038143, 60.720522], [9.038143, 60.720648], [9.038229, 60.720648], [9.038229, 60.72069], [9.038744, 60.72069], [9.038744, 60.720732], [9.03883, 60.720732], [9.03883, 60.720816], [9.038486, 60.720942], [9.038486, 60.721025], [9.038572, 60.721025], [9.038572, 60.721067], [9.039173, 60.721067], [9.039173, 60.721109], [9.039259, 60.721109], [9.039259, 60.721193], [9.039345, 60.721193], [9.039345, 60.721235], [9.039602, 60.721235], [9.039602, 60.721277], [9.039774, 60.721277], [9.039774, 60.721235], [9.03986, 60.721235], [9.03986, 60.721277], [9.039946, 60.721277], [9.039946, 60.721403], [9.040117, 60.721445], [9.040117, 60.721529], [9.040031, 60.721529], [9.039946, 60.721613], [9.039602, 60.721613], [9.039516, 60.721529], [9.039259, 60.721529], [9.039173, 60.721445], [9.038658, 60.721445], [9.038658, 60.721403], [9.038486, 60.721403], [9.038486, 60.721445], [9.038229, 60.721445], [9.038057, 60.721613], [9.0378, 60.721613], [9.037714, 60.721697], [9.037457, 60.721697], [9.037371, 60.721781], [9.037199, 60.721781], [9.037199, 60.721739], [9.037027, 60.721739], [9.037027, 60.721781], [9.036255, 60.721781]], [[9.037457, 60.720312], [9.037371, 60.720312], [9.037371, 60.720396], [9.037457, 60.720396], [9.037457, 60.720312]]]}, "properties": {"periode": "etter_host_2025", "areal_ha": 27.88, "andel_innenfor_jaktfelt": 1.0, "jaktfelt": "Sandbekken", "grunnlinje": "2025-10-14", "observert": "2026-09-21", "bekreftet": "2026-09-29"}}, {"type": "Feature", "geometry": {"type": "Polygon", "coordinates": [[[9.012566, 60.711495], [9.012566, 60.711453], [9.01248, 60.711453], [9.012566, 60.711369], [9.012909, 60.711369], [9.012909, 60.711453], [9.012566, 60.711495]]]}, "properties": {"periode": "etter_host_2025", "areal_ha": 0.02, "andel_innenfor_jaktfelt": 1.0, "jaktfelt": "Sandbekken", "grunnlinje": "2025-10-14", "observert": "2026-09-21", "bekreftet": "2026-09-29"}}, {"type": "Feature", "geometry": {"type": "Polygon", "coordinates": [[[8.997889, 60.7078], [8.997889, 60.707758], [8.997803, 60.707758], [8.997803, 60.707506], [8.997974, 60.707464], [8.997974, 60.707296], [8.998146, 60.707254], [8.998146, 60.707296], [8.998318, 60.707338], [8.998318, 60.70759], [8.998232, 60.70759], [8.998232, 60.707632], [8.998146, 60.707632], [8.998146, 60.707716], [8.997889, 60.7078]]]}, "properties": {"periode": "etter_host_2025", "areal_ha": 0.11, "andel_innenfor_jaktfelt": 1.0, "jaktfelt": "Sandbekken", "grunnlinje": "2025-10-14", "observert": "2026-09-21", "bekreftet": "2026-09-29"}}, {"type": "Feature", "geometry": {"type": "Polygon", "coordinates": [[[8.989477, 60.705826], [8.989477, 60.705784], [8.989391, 60.705784], [8.989391, 60.7057], [8.987503, 60.7057], [8.987417, 60.705616], [8.986902, 60.705616], [8.986902, 60.705574], [8.986816, 60.705574], [8.986816, 60.70549], [8.986473, 60.705406], [8.986473, 60.704818], [8.986816, 60.704692], [8.986816, 60.704356], [8.985701, 60.704356], [8.985615, 60.704272], [8.984928, 60.704272], [8.984842, 60.704188], [8.984585, 60.704188], [8.984499, 60.704104], [8.984156, 60.704104], [8.98407, 60.704188], [8.983641, 60.70423], [8.983641, 60.704188], [8.983126, 60.704188], [8.98304, 60.704104], [8.982782, 60.704104], [8.982697, 60.70402], [8.981495, 60.70402], [8.981495, 60.703978], [8.981409, 60.703978], [8.981409, 60.703768], [8.981495, 60.703768], [8.981495, 60.703726], [8.982096, 60.703726], [8.982267, 60.703852], [8.983727, 60.703852], [8.983898, 60.703978], [8.98407, 60.703978], [8.98407, 60.703936], [8.984756, 60.703936], [8.984842, 60.70402], [8.985357, 60.70402], [8.985443, 60.704104], [8.98613, 60.704104], [8.986216, 60.70402], [8.98716, 60.70402], [8.987246, 60.704104], [8.988018, 60.704104], [8.988018, 60.704062], [8.988276, 60.703978], [8.988276, 60.703894], [8.98819, 60.703894], [8.98819, 60.703852], [8.987761, 60.703852], [8.987675, 60.703936], [8.987503, 60.703936], [8.987417, 60.703852], [8.986988, 60.703852], [8.986988, 60.70381], [8.986816, 60.70381], [8.986816, 60.703852], [8.985958, 60.703852], [8.985786, 60.703726], [8.985186, 60.703726], [8.9851, 60.703642], [8.984756, 60.703642], [8.984756, 60.7036], [8.984585, 60.703558], [8.984585, 60.70339], [8.984671, 60.70339], [8.984928, 60.703222], [8.9851, 60.703222], [8.985271, 60.703096], [8.985443, 60.703096], [8.985443, 60.703054], [8.985529, 60.703054], [8.985529, 60.70297], [8.985701, 60.702928], [8.985786, 60.703012], [8.986387, 60.703012], [8.986387, 60.703054], [8.986473, 60.703054], [8.986473, 60.70318], [8.986387, 60.70318], [8.986216, 60.703306], [8.986044, 60.703306], [8.986044, 60.703432], [8.98613, 60.703432], [8.98613, 60.703474], [8.986816, 60.703474], [8.986902, 60.703558], [8.987331, 60.703558], [8.987417, 60.703642], [8.988104, 60.703642], [8.98819, 60.703726], [8.989134, 60.703726], [8.989134, 60.703768], [8.98922, 60.703768], [8.98922, 60.703894], [8.989305, 60.703894], [8.989305, 60.703936], [8.989391, 60.703936], [8.989649, 60.704104], [8.98982, 60.704104], [8.98982, 60.704062], [8.990078, 60.703978], [8.990078, 60.703894], [8.99025, 60.703852], [8.99025, 60.703894], [8.990507, 60.703978], [8.990507, 60.704062], [8.990421, 60.704062], [8.990421, 60.704104], [8.990335, 60.704104], [8.990078, 60.704272], [8.989048, 60.704272], [8.989048, 60.704314], [8.988962, 60.704314], [8.988962, 60.70444], [8.989048, 60.70444], [8.989048, 60.704482], [8.98922, 60.704482], [8.98922, 60.704524], [8.989563, 60.70465], [8.989563, 60.704776], [8.989735, 60.704818], [8.989735, 60.704944], [8.98982, 60.704944], [8.98982, 60.704986], [8.990593, 60.704986], [8.990593, 60.705028], [8.99085, 60.705112], [8.99085, 60.705238], [8.991194, 60.705322], [8.991194, 60.705448], [8.991108, 60.705448], [8.99085, 60.705616], [8.990593, 60.705616], [8.990507, 60.7057], [8.990164, 60.7057], [8.989992, 60.705826], [8.989477, 60.705826]]]}, "properties": {"periode": "etter_host_2025", "areal_ha": 5.53, "andel_innenfor_jaktfelt": 0.0, "jaktfelt": "Sandbekken", "grunnlinje": "2025-10-14", "observert": "2026-09-21", "bekreftet": "2026-09-29"}}, {"type": "Feature", "geometry": {"type": "Polygon", "coordinates": [[[9.0063, 60.701332], [9.0063, 60.70129], [9.006214, 60.70129], [9.006214, 60.701122], [9.006557, 60.700996], [9.006557, 60.700912], [9.006643, 60.700912], [9.006643, 60.70087], [9.006729, 60.70087], [9.006729, 60.700912], [9.006987, 60.700912], [9.006987, 60.70087], [9.007244, 60.70087], [9.00733, 60.700786], [9.007502, 60.700786], [9.007502, 60.700828], [9.007673, 60.70087], [9.007673, 60.70108], [9.007587, 60.70108], [9.007587, 60.701122], [9.007244, 60.701122], [9.007072, 60.701248], [9.006643, 60.701248], [9.006557, 60.701332], [9.0063, 60.701332]]]}, "properties": {"periode": "etter_host_2025", "areal_ha": 0.28, "andel_innenfor_jaktfelt": 0.0, "jaktfelt": "Sandbekken", "grunnlinje": "2025-10-14", "observert": "2026-09-21", "bekreftet": "2026-09-29"}}, {"type": "Feature", "geometry": {"type": "Polygon", "coordinates": [[[9.03883, 60.748383], [9.03883, 60.748341], [9.038486, 60.748341], [9.038229, 60.748173], [9.037971, 60.748173], [9.037714, 60.748005], [9.037542, 60.748005], [9.037542, 60.747963], [9.037457, 60.747963], [9.037457, 60.74767], [9.037542, 60.74767], [9.037542, 60.747628], [9.0378, 60.747628], [9.0378, 60.747502], [9.037457, 60.747376], [9.037542, 60.747292], [9.038143, 60.747292], [9.038401, 60.74746], [9.038658, 60.74746], [9.038744, 60.747376], [9.038916, 60.747376], [9.039001, 60.74746], [9.039173, 60.74746], [9.039173, 60.747502], [9.039259, 60.747502], [9.039259, 60.747586], [9.039602, 60.747544], [9.039602, 60.747586], [9.039774, 60.747628], [9.039774, 60.747711], [9.039688, 60.747711], [9.039688, 60.747753], [9.039345, 60.747753], [9.039345, 60.747795], [9.039259, 60.747795], [9.039259, 60.748047], [9.039087, 60.748089], [9.039087, 60.748299], [9.039173, 60.748299], [9.039173, 60.748383], [9.03883, 60.748383]]]}, "properties": {"periode": "host_2024_til_host_2025", "areal_ha": 0.92, "andel_innenfor_jaktfelt": 0.0, "jaktfelt": "Sandbekken", "grunnlinje": "2024-09-01", "observert": "2026-09-21", "bekreftet": "2026-09-29"}}, {"type": "Feature", "geometry": {"type": "Polygon", "coordinates": [[[9.03471, 60.746495], [9.034624, 60.746411], [9.034967, 60.746285], [9.034967, 60.746327], [9.035053, 60.746327], [9.035053, 60.746453], [9.034967, 60.746453], [9.034967, 60.746495], [9.03471, 60.746495]]]}, "properties": {"periode": "host_2024_til_host_2025", "areal_ha": 0.03, "andel_innenfor_jaktfelt": 0.0, "jaktfelt": "Sandbekken", "grunnlinje": "2024-09-01", "observert": "2026-09-21", "bekreftet": "2026-09-29"}}, {"type": "Feature", "geometry": {"type": "Polygon", "coordinates": [[[9.040461, 60.747292], [9.040461, 60.747208], [9.040632, 60.747208], [9.040632, 60.747166], [9.040718, 60.747166], [9.040718, 60.74704], [9.040632, 60.74704], [9.040632, 60.746998], [9.040461, 60.746998], [9.040289, 60.747124], [9.040031, 60.747124], [9.040031, 60.747082], [9.039946, 60.747082], [9.039946, 60.746789], [9.040031, 60.746789], [9.040031, 60.746747], [9.040718, 60.746747], [9.040718, 60.746621], [9.040804, 60.746621], [9.040804, 60.746579], [9.040976, 60.746579], [9.040976, 60.746537], [9.041233, 60.746453], [9.041233, 60.746369], [9.041319, 60.746369], [9.041233, 60.74616], [9.041319, 60.74616], [9.041319, 60.746118], [9.041491, 60.746076], [9.041491, 60.745992], [9.041662, 60.74595], [9.04192, 60.746118], [9.042091, 60.746118], [9.042091, 60.74616], [9.042177, 60.74616], [9.042177, 60.746243], [9.041834, 60.746327], [9.041834, 60.746579], [9.041662, 60.746621], [9.041662, 60.746705], [9.041233, 60.746789], [9.041233, 60.746915], [9.041061, 60.746957], [9.041061, 60.74725], [9.040976, 60.74725], [9.040976, 60.747292], [9.040461, 60.747292]]]}, "properties": {"periode": "host_2024_til_host_2025", "areal_ha": 0.63, "andel_innenfor_jaktfelt": 0.0, "jaktfelt": "Sandbekken", "grunnlinje": "2024-09-01", "observert": "2026-09-21", "bekreftet": "2026-09-29"}}, {"type": "Feature", "geometry": {"type": "Polygon", "coordinates": [[[9.044323, 60.747082], [9.044151, 60.746915], [9.043722, 60.746915], [9.043722, 60.746873], [9.043636, 60.746873], [9.043636, 60.746747], [9.043808, 60.746705], [9.043808, 60.746537], [9.043636, 60.746495], [9.043636, 60.746411], [9.043722, 60.746411], [9.043722, 60.746369], [9.044666, 60.746369], [9.044666, 60.746327], [9.044752, 60.746327], [9.044752, 60.746202], [9.044838, 60.746202], [9.044838, 60.746118], [9.044752, 60.746118], [9.044752, 60.746076], [9.044838, 60.746076], [9.044838, 60.746034], [9.04501, 60.746034], [9.045181, 60.745866], [9.04561, 60.745866], [9.045782, 60.745656], [9.046125, 60.745656], [9.046125, 60.745614], [9.046211, 60.745614], [9.046211, 60.745447], [9.046555, 60.745363], [9.046555, 60.745279], [9.046211, 60.745195], [9.046211, 60.745069], [9.046297, 60.745069], [9.046297, 60.745027], [9.046469, 60.745027], [9.046555, 60.744943], [9.046898, 60.744943], [9.046898, 60.744985], [9.046984, 60.744985], [9.046984, 60.745447], [9.04707, 60.745447], [9.04707, 60.745488], [9.047585, 60.745488], [9.047756, 60.745321], [9.048014, 60.745321], [9.048014, 60.745153], [9.048271, 60.745069], [9.048271, 60.744985], [9.048357, 60.744985], [9.048357, 60.744943], [9.048443, 60.744943], [9.048529, 60.745027], [9.048786, 60.745027], [9.048786, 60.745069], [9.049129, 60.745195], [9.049129, 60.745698], [9.049044, 60.745698], [9.049044, 60.74574], [9.048786, 60.74574], [9.0487, 60.745824], [9.0481, 60.745824], [9.047928, 60.74595], [9.047585, 60.74595], [9.047499, 60.746034], [9.047241, 60.746034], [9.046984, 60.746202], [9.04664, 60.746202], [9.046469, 60.746369], [9.045954, 60.746369], [9.045954, 60.746411], [9.045868, 60.746411], [9.045868, 60.746537], [9.045782, 60.746537], [9.045782, 60.746579], [9.04561, 60.746579], [9.045439, 60.746747], [9.04501, 60.746747], [9.04501, 60.746789], [9.044752, 60.746873], [9.044752, 60.746998], [9.044666, 60.746998], [9.04458, 60.747082], [9.044323, 60.747082]]]}, "properties": {"periode": "host_2024_til_host_2025", "areal_ha": 2.52, "andel_innenfor_jaktfelt": 0.33, "jaktfelt": "Sandbekken", "grunnlinje": "2024-09-01", "observert": "2026-09-21", "bekreftet": "2026-09-29"}}, {"type": "Feature", "geometry": {"type": "Polygon", "coordinates": [[[9.041147, 60.744398], [9.041147, 60.744356], [9.041061, 60.744356], [9.041061, 60.744188], [9.041147, 60.744188], [9.041147, 60.744146], [9.041405, 60.744146], [9.041491, 60.744062], [9.041748, 60.744062], [9.041748, 60.74402], [9.041834, 60.74402], [9.041834, 60.743853], [9.04192, 60.743853], [9.042006, 60.743769], [9.042349, 60.743769], [9.042435, 60.743853], [9.042606, 60.743853], [9.042692, 60.743769], [9.043121, 60.743769], [9.043207, 60.743853], [9.043379, 60.743853], [9.043379, 60.743895], [9.043465, 60.743895], [9.043465, 60.743978], [9.043121, 60.744104], [9.043121, 60.744188], [9.043036, 60.744188], [9.043036, 60.74423], [9.042778, 60.74423], [9.042521, 60.744398], [9.041147, 60.744398]]]}, "properties": {"periode": "host_2024_til_host_2025", "areal_ha": 0.6, "andel_innenfor_jaktfelt": 0.67, "jaktfelt": "Sandbekken", "grunnlinje": "2024-09-01", "observert": "2026-09-21", "bekreftet": "2026-09-29"}}, {"type": "Feature", "geometry": {"type": "Polygon", "coordinates": [[[9.063892, 60.743936], [9.063892, 60.743895], [9.063807, 60.743895], [9.063807, 60.743811], [9.063635, 60.743769], [9.063635, 60.743601], [9.063721, 60.743601], [9.063978, 60.743433], [9.06415, 60.743433], [9.06415, 60.743475], [9.064236, 60.743475], [9.064236, 60.743769], [9.06415, 60.743769], [9.06415, 60.743853], [9.064236, 60.743853], [9.064236, 60.743895], [9.06415, 60.743895], [9.06415, 60.743936], [9.063892, 60.743936]]]}, "properties": {"periode": "host_2024_til_host_2025", "areal_ha": 0.14, "andel_innenfor_jaktfelt": 1.0, "jaktfelt": "Sandbekken", "grunnlinje": "2024-09-01", "observert": "2026-09-21", "bekreftet": "2026-09-29"}}, {"type": "Feature", "geometry": {"type": "Polygon", "coordinates": [[[9.057455, 60.743139], [9.057455, 60.743056], [9.057627, 60.743014], [9.057627, 60.742888], [9.057455, 60.742888], [9.057455, 60.742846], [9.057369, 60.742846], [9.057369, 60.74272], [9.057198, 60.742678], [9.057198, 60.742301], [9.057026, 60.742259], [9.057026, 60.742175], [9.057112, 60.742175], [9.057026, 60.742007], [9.057112, 60.742007], [9.057112, 60.741965], [9.057283, 60.741965], [9.057455, 60.742091], [9.057798, 60.742091], [9.057798, 60.742175], [9.057884, 60.742175], [9.057884, 60.742217], [9.05797, 60.742217], [9.058142, 60.742091], [9.058313, 60.742091], [9.058313, 60.742259], [9.058228, 60.742259], [9.058228, 60.742342], [9.058313, 60.742342], [9.058313, 60.742636], [9.058399, 60.742636], [9.058399, 60.742678], [9.058485, 60.742678], [9.058485, 60.742762], [9.058657, 60.742804], [9.058657, 60.742888], [9.058571, 60.742888], [9.058485, 60.742972], [9.058228, 60.742972], [9.058056, 60.743139], [9.057455, 60.743139]], [[9.057884, 60.742217], [9.057798, 60.742217], [9.057798, 60.742301], [9.057884, 60.742301], [9.057884, 60.742217]]]}, "properties": {"periode": "host_2024_til_host_2025", "areal_ha": 0.67, "andel_innenfor_jaktfelt": 1.0, "jaktfelt": "Sandbekken", "grunnlinje": "2024-09-01", "observert": "2026-09-21", "bekreftet": "2026-09-29"}}, {"type": "Feature", "geometry": {"type": "Polygon", "coordinates": [[[9.069386, 60.741965], [9.069386, 60.741923], [9.069471, 60.741923], [9.069471, 60.741755], [9.069386, 60.741755], [9.069386, 60.741713], [9.069643, 60.741713], [9.069643, 60.741755], [9.069729, 60.741755], [9.069729, 60.741923], [9.069643, 60.741923], [9.069643, 60.741965], [9.069386, 60.741965]]]}, "properties": {"periode": "host_2024_til_host_2025", "areal_ha": 0.04, "andel_innenfor_jaktfelt": 0.0, "jaktfelt": "Sandbekken", "grunnlinje": "2024-09-01", "observert": "2026-09-21", "bekreftet": "2026-09-29"}}, {"type": "Feature", "geometry": {"type": "Polygon", "coordinates": [[[9.069214, 60.741336], [9.069214, 60.741294], [9.069128, 60.741294], [9.069128, 60.741168], [9.069214, 60.741168], [9.0693, 60.741252], [9.069729, 60.741252], [9.069986, 60.741084], [9.070158, 60.741084], [9.070158, 60.741126], [9.070072, 60.741126], [9.070072, 60.74121], [9.069986, 60.74121], [9.069986, 60.741252], [9.069815, 60.741252], [9.069729, 60.741336], [9.069214, 60.741336]]]}, "properties": {"periode": "host_2024_til_host_2025", "areal_ha": 0.06, "andel_innenfor_jaktfelt": 0.0, "jaktfelt": "Sandbekken", "grunnlinje": "2024-09-01", "observert": "2026-09-21", "bekreftet": "2026-09-29"}}, {"type": "Feature", "geometry": {"type": "Polygon", "coordinates": [[[9.059772, 60.741881], [9.059772, 60.741839], [9.059601, 60.741797], [9.059601, 60.741629], [9.059429, 60.741629], [9.059429, 60.741587], [9.059258, 60.741545], [9.059258, 60.741378], [9.059343, 60.741378], [9.059343, 60.741336], [9.059601, 60.741336], [9.059687, 60.74142], [9.059858, 60.74142], [9.059858, 60.741378], [9.060116, 60.741294], [9.060116, 60.741126], [9.059944, 60.741084], [9.059944, 60.740958], [9.059772, 60.740916], [9.059858, 60.740832], [9.06003, 60.740832], [9.06003, 60.740874], [9.060116, 60.740874], [9.060116, 60.740958], [9.060202, 60.740958], [9.060202, 60.741], [9.060373, 60.741], [9.060373, 60.741042], [9.060545, 60.741084], [9.060545, 60.74121], [9.060631, 60.74121], [9.060631, 60.741252], [9.060802, 60.741252], [9.060974, 60.741084], [9.061661, 60.741084], [9.061661, 60.741126], [9.061832, 60.741168], [9.061832, 60.74121], [9.061661, 60.741252], [9.061661, 60.741755], [9.061575, 60.741755], [9.061575, 60.741797], [9.061403, 60.741797], [9.061317, 60.741713], [9.060459, 60.741713], [9.060459, 60.741755], [9.060373, 60.741755], [9.060373, 60.741797], [9.060202, 60.741797], [9.060116, 60.741881], [9.059772, 60.741881]]]}, "properties": {"periode": "host_2024_til_host_2025", "areal_ha": 0.85, "andel_innenfor_jaktfelt": 1.0, "jaktfelt": "Sandbekken", "grunnlinje": "2024-09-01", "observert": "2026-09-21", "bekreftet": "2026-09-29"}}, {"type": "Feature", "geometry": {"type": "Polygon", "coordinates": [[[9.065866, 60.740958], [9.065866, 60.740832], [9.065523, 60.740706], [9.065523, 60.740623], [9.065952, 60.740623], [9.065952, 60.740664], [9.066038, 60.740664], [9.066038, 60.740958], [9.065866, 60.740958]]]}, "properties": {"periode": "host_2024_til_host_2025", "areal_ha": 0.06, "andel_innenfor_jaktfelt": 1.0, "jaktfelt": "Sandbekken", "grunnlinje": "2024-09-01", "observert": "2026-09-21", "bekreftet": "2026-09-29"}}, {"type": "Feature", "geometry": {"type": "Polygon", "coordinates": [[[9.071016, 60.740832], [9.071016, 60.74079], [9.070845, 60.74079], [9.070845, 60.740748], [9.070759, 60.740748], [9.070759, 60.740581], [9.071016, 60.740581], [9.071016, 60.740623], [9.071188, 60.740623], [9.071188, 60.740664], [9.07136, 60.740706], [9.071274, 60.74079], [9.071102, 60.74079], [9.071102, 60.740832], [9.071016, 60.740832]]]}, "properties": {"periode": "host_2024_til_host_2025", "areal_ha": 0.06, "andel_innenfor_jaktfelt": 0.0, "jaktfelt": "Sandbekken", "grunnlinje": "2024-09-01", "observert": "2026-09-21", "bekreftet": "2026-09-29"}}, {"type": "Feature", "geometry": {"type": "Polygon", "coordinates": [[[9.067497, 60.740706], [9.067497, 60.740664], [9.067326, 60.740623], [9.067411, 60.740455], [9.067669, 60.740539], [9.067669, 60.740664], [9.067497, 60.740706]]]}, "properties": {"periode": "host_2024_til_host_2025", "areal_ha": 0.03, "andel_innenfor_jaktfelt": 1.0, "jaktfelt": "Sandbekken", "grunnlinje": "2024-09-01", "observert": "2026-09-21", "bekreftet": "2026-09-29"}}, {"type": "Feature", "geometry": {"type": "Polygon", "coordinates": [[[9.06312, 60.740455], [9.06312, 60.740413], [9.063463, 60.740287], [9.063463, 60.740497], [9.063549, 60.740497], [9.063549, 60.740539], [9.063635, 60.740539], [9.063892, 60.740706], [9.064837, 60.740706], [9.064837, 60.740748], [9.064922, 60.740748], [9.064922, 60.740874], [9.065008, 60.740874], [9.065094, 60.740958], [9.065437, 60.740916], [9.065437, 60.740958], [9.065695, 60.741042], [9.065695, 60.741126], [9.065781, 60.741126], [9.065866, 60.74121], [9.065781, 60.74121], [9.065781, 60.741252], [9.065523, 60.741252], [9.065437, 60.741336], [9.065094, 60.741336], [9.065094, 60.741378], [9.064922, 60.741378], [9.064922, 60.741042], [9.064837, 60.741042], [9.064837, 60.741], [9.06415, 60.741], [9.06415, 60.740958], [9.063978, 60.740916], [9.063978, 60.740832], [9.063892, 60.740832], [9.063892, 60.74079], [9.063635, 60.74079], [9.063377, 60.740623], [9.062948, 60.740623], [9.062948, 60.740581], [9.062862, 60.740581], [9.062862, 60.740455], [9.06312, 60.740455]], [[9.06312, 60.740497], [9.063206, 60.740497], [9.063206, 60.740455], [9.06312, 60.740455], [9.06312, 60.740497]]]}, "properties": {"periode": "host_2024_til_host_2025", "areal_ha": 0.48, "andel_innenfor_jaktfelt": 1.0, "jaktfelt": "Sandbekken", "grunnlinje": "2024-09-01", "observert": "2026-09-21", "bekreftet": "2026-09-29"}}, {"type": "Feature", "geometry": {"type": "Polygon", "coordinates": [[[9.062347, 60.740245], [9.062347, 60.740203], [9.062176, 60.740161], [9.062176, 60.740035], [9.062262, 60.740035], [9.062347, 60.739951], [9.062519, 60.739951], [9.062519, 60.739993], [9.062347, 60.740035], [9.062347, 60.740161], [9.062433, 60.740161], [9.062519, 60.740245], [9.062347, 60.740245]]]}, "properties": {"periode": "host_2024_til_host_2025", "areal_ha": 0.03, "andel_innenfor_jaktfelt": 1.0, "jaktfelt": "Sandbekken", "grunnlinje": "2024-09-01", "observert": "2026-09-21", "bekreftet": "2026-09-29"}}, {"type": "Feature", "geometry": {"type": "Polygon", "coordinates": [[[9.070759, 60.739784], [9.070759, 60.739658], [9.070673, 60.739658], [9.070673, 60.739616], [9.070759, 60.739616], [9.070759, 60.739406], [9.070845, 60.739406], [9.070845, 60.739448], [9.071188, 60.739574], [9.071188, 60.739658], [9.071102, 60.739658], [9.071102, 60.739742], [9.070845, 60.739742], [9.070845, 60.739784], [9.070759, 60.739784]]]}, "properties": {"periode": "host_2024_til_host_2025", "areal_ha": 0.07, "andel_innenfor_jaktfelt": 0.0, "jaktfelt": "Sandbekken", "grunnlinje": "2024-09-01", "observert": "2026-09-21", "bekreftet": "2026-09-29"}}, {"type": "Feature", "geometry": {"type": "Polygon", "coordinates": [[[9.067926, 60.739448], [9.067926, 60.739406], [9.067841, 60.739406], [9.067841, 60.739238], [9.067926, 60.739238], [9.067926, 60.73928], [9.068441, 60.73928], [9.068441, 60.739322], [9.068527, 60.739322], [9.068527, 60.739364], [9.068184, 60.739364], [9.068098, 60.739448], [9.067926, 60.739448]]]}, "properties": {"periode": "host_2024_til_host_2025", "areal_ha": 0.05, "andel_innenfor_jaktfelt": 0.02, "jaktfelt": "Sandbekken", "grunnlinje": "2024-09-01", "observert": "2026-09-21", "bekreftet": "2026-09-29"}}, {"type": "Feature", "geometry": {"type": "Polygon", "coordinates": [[[9.06724, 60.73928], [9.06724, 60.739238], [9.067411, 60.739196], [9.067411, 60.739112], [9.067326, 60.739112], [9.067326, 60.73907], [9.067411, 60.73907], [9.067411, 60.739028], [9.067583, 60.739028], [9.067583, 60.73907], [9.067497, 60.73907], [9.067583, 60.73928], [9.06724, 60.73928]]]}, "properties": {"periode": "host_2024_til_host_2025", "areal_ha": 0.03, "andel_innenfor_jaktfelt": 0.0, "jaktfelt": "Sandbekken", "grunnlinje": "2024-09-01", "observert": "2026-09-21", "bekreftet": "2026-09-29"}}, {"type": "Feature", "geometry": {"type": "Polygon", "coordinates": [[[9.06209, 60.739196], [9.061918, 60.73907], [9.062004, 60.73907], [9.062004, 60.739028], [9.062347, 60.739028], [9.062347, 60.739154], [9.062262, 60.739154], [9.062262, 60.739196], [9.06209, 60.739196]]]}, "properties": {"periode": "host_2024_til_host_2025", "areal_ha": 0.03, "andel_innenfor_jaktfelt": 1.0, "jaktfelt": "Sandbekken", "grunnlinje": "2024-09-01", "observert": "2026-09-21", "bekreftet": "2026-09-29"}}, {"type": "Feature", "geometry": {"type": "MultiPolygon", "coordinates": [[[[9.056597, 60.738651], [9.056597, 60.738609], [9.056683, 60.738609], [9.056597, 60.738525], [9.056683, 60.738525], [9.056683, 60.738483], [9.057026, 60.738483], [9.05694, 60.738567], [9.056768, 60.738567], [9.056768, 60.738609], [9.056597, 60.738651]]], [[[9.056597, 60.738525], [9.056511, 60.738525], [9.056511, 60.738567], [9.056339, 60.738567], [9.056339, 60.738525], [9.056082, 60.738441], [9.056082, 60.738357], [9.056168, 60.738357], [9.056168, 60.738315], [9.056425, 60.738315], [9.056597, 60.738525]]]]}, "properties": {"periode": "host_2024_til_host_2025", "areal_ha": 0.07, "andel_innenfor_jaktfelt": 1.0, "jaktfelt": "Sandbekken", "grunnlinje": "2024-09-01", "observert": "2026-09-21", "bekreftet": "2026-09-29"}}, {"type": "Feature", "geometry": {"type": "Polygon", "coordinates": [[[9.05797, 60.738189], [9.05797, 60.738147], [9.057798, 60.738105], [9.057798, 60.738021], [9.057884, 60.738021], [9.05797, 60.738105], [9.058142, 60.738105], [9.058142, 60.738063], [9.058313, 60.738021], [9.058313, 60.738105], [9.058228, 60.738105], [9.058142, 60.738189], [9.05797, 60.738189]]]}, "properties": {"periode": "host_2024_til_host_2025", "areal_ha": 0.03, "andel_innenfor_jaktfelt": 1.0, "jaktfelt": "Sandbekken", "grunnlinje": "2024-09-01", "observert": "2026-09-21", "bekreftet": "2026-09-29"}}, {"type": "Feature", "geometry": {"type": "Polygon", "coordinates": [[[9.071617, 60.737224], [9.071617, 60.737182], [9.071531, 60.737182], [9.071531, 60.737098], [9.071617, 60.737098], [9.071617, 60.737057], [9.072132, 60.737057], [9.072132, 60.73714], [9.07196, 60.73714], [9.071875, 60.737224], [9.071617, 60.737224]]]}, "properties": {"periode": "host_2024_til_host_2025", "areal_ha": 0.05, "andel_innenfor_jaktfelt": 0.0, "jaktfelt": "Sandbekken", "grunnlinje": "2024-09-01", "observert": "2026-09-21", "bekreftet": "2026-09-29"}}, {"type": "Feature", "geometry": {"type": "Polygon", "coordinates": [[[9.054537, 60.737686], [9.054623, 60.737602], [9.054537, 60.737602], [9.054451, 60.737518], [9.054279, 60.737518], [9.054279, 60.737476], [9.054365, 60.737476], [9.054365, 60.737392], [9.054451, 60.737392], [9.054537, 60.737308], [9.054451, 60.737308], [9.054365, 60.737224], [9.054193, 60.737224], [9.054193, 60.737266], [9.054022, 60.737308], [9.054108, 60.737098], [9.053936, 60.737057], [9.053936, 60.736973], [9.054022, 60.736973], [9.054022, 60.736931], [9.054108, 60.736931], [9.054108, 60.736847], [9.054193, 60.736847], [9.054108, 60.736679], [9.054451, 60.736805], [9.054451, 60.737057], [9.054794, 60.737182], [9.054794, 60.737266], [9.054708, 60.737266], [9.054537, 60.737392], [9.054623, 60.737392], [9.054623, 60.737476], [9.054708, 60.737476], [9.05488, 60.737602], [9.054708, 60.737602], [9.054708, 60.737644], [9.054537, 60.737686]]]}, "properties": {"periode": "host_2024_til_host_2025", "areal_ha": 0.21, "andel_innenfor_jaktfelt": 1.0, "jaktfelt": "Sandbekken", "grunnlinje": "2024-09-01", "observert": "2026-09-21", "bekreftet": "2026-09-29"}}, {"type": "Feature", "geometry": {"type": "Polygon", "coordinates": [[[9.050589, 60.736511], [9.050589, 60.736469], [9.050417, 60.736427], [9.050417, 60.736343], [9.050503, 60.736343], [9.050589, 60.736259], [9.05076, 60.736259], [9.05076, 60.736301], [9.050932, 60.736343], [9.050932, 60.736427], [9.050846, 60.736427], [9.05076, 60.736511], [9.050589, 60.736511]]]}, "properties": {"periode": "host_2024_til_host_2025", "areal_ha": 0.05, "andel_innenfor_jaktfelt": 1.0, "jaktfelt": "Sandbekken", "grunnlinje": "2024-09-01", "observert": "2026-09-21", "bekreftet": "2026-09-29"}}, {"type": "Feature", "geometry": {"type": "Polygon", "coordinates": [[[9.053593, 60.736343], [9.053593, 60.736301], [9.053507, 60.736301], [9.053507, 60.736217], [9.053421, 60.736217], [9.053507, 60.736133], [9.053679, 60.736133], [9.053679, 60.736175], [9.053764, 60.736175], [9.053764, 60.736301], [9.05385, 60.736301], [9.05385, 60.736343], [9.053593, 60.736343]]]}, "properties": {"periode": "host_2024_til_host_2025", "areal_ha": 0.03, "andel_innenfor_jaktfelt": 1.0, "jaktfelt": "Sandbekken", "grunnlinje": "2024-09-01", "observert": "2026-09-21", "bekreftet": "2026-09-29"}}, {"type": "Feature", "geometry": {"type": "Polygon", "coordinates": [[[9.052219, 60.736133], [9.051962, 60.735966], [9.052563, 60.735966], [9.052563, 60.736008], [9.052649, 60.736008], [9.052477, 60.736133], [9.052219, 60.736133]]]}, "properties": {"periode": "host_2024_til_host_2025", "areal_ha": 0.05, "andel_innenfor_jaktfelt": 1.0, "jaktfelt": "Sandbekken", "grunnlinje": "2024-09-01", "observert": "2026-09-21", "bekreftet": "2026-09-29"}}, {"type": "Feature", "geometry": {"type": "Polygon", "coordinates": [[[9.049129, 60.73605], [9.049044, 60.735966], [9.0487, 60.735966], [9.0487, 60.735924], [9.048615, 60.735924], [9.048529, 60.735714], [9.048271, 60.735714], [9.048271, 60.735672], [9.048185, 60.735672], [9.048185, 60.735546], [9.048271, 60.735546], [9.048271, 60.735504], [9.048529, 60.735504], [9.048529, 60.735546], [9.048786, 60.73563], [9.048786, 60.735798], [9.049129, 60.735798], [9.049129, 60.735924], [9.049215, 60.735924], [9.049215, 60.735966], [9.049387, 60.735966], [9.049301, 60.73605], [9.049129, 60.73605]]]}, "properties": {"periode": "host_2024_til_host_2025", "areal_ha": 0.14, "andel_innenfor_jaktfelt": 1.0, "jaktfelt": "Sandbekken", "grunnlinje": "2024-09-01", "observert": "2026-09-21", "bekreftet": "2026-09-29"}}, {"type": "Feature", "geometry": {"type": "Polygon", "coordinates": [[[9.047585, 60.73542], [9.047413, 60.735252], [9.047499, 60.735252], [9.047585, 60.735336], [9.047842, 60.735336], [9.047842, 60.73521], [9.048014, 60.735168], [9.048185, 60.735294], [9.048357, 60.735294], [9.048185, 60.73542], [9.047585, 60.73542]]]}, "properties": {"periode": "host_2024_til_host_2025", "areal_ha": 0.07, "andel_innenfor_jaktfelt": 1.0, "jaktfelt": "Sandbekken", "grunnlinje": "2024-09-01", "observert": "2026-09-21", "bekreftet": "2026-09-29"}}, {"type": "Feature", "geometry": {"type": "MultiPolygon", "coordinates": [[[[9.045782, 60.734497], [9.045868, 60.734497], [9.045868, 60.734413], [9.04604, 60.734455], [9.04604, 60.734581], [9.045868, 60.734623], [9.045868, 60.734539], [9.045782, 60.734539], [9.045782, 60.734497]]], [[[9.045782, 60.734497], [9.04561, 60.734539], [9.04561, 60.734497], [9.045696, 60.734497], [9.045696, 60.734413], [9.045782, 60.734413], [9.045782, 60.734497]]]]}, "properties": {"periode": "host_2024_til_host_2025", "areal_ha": 0.03, "andel_innenfor_jaktfelt": 1.0, "jaktfelt": "Sandbekken", "grunnlinje": "2024-09-01", "observert": "2026-09-21", "bekreftet": "2026-09-29"}}, {"type": "Feature", "geometry": {"type": "MultiPolygon", "coordinates": [[[[9.046898, 60.734455], [9.047241, 60.734455], [9.047155, 60.734539], [9.046984, 60.734539], [9.046898, 60.734455]]], [[[9.046898, 60.734455], [9.04664, 60.734455], [9.04664, 60.734497], [9.046555, 60.734497], [9.046555, 60.734413], [9.04664, 60.734413], [9.04664, 60.734371], [9.046812, 60.734371], [9.046898, 60.734455]]]]}, "properties": {"periode": "host_2024_til_host_2025", "areal_ha": 0.03, "andel_innenfor_jaktfelt": 1.0, "jaktfelt": "Sandbekken", "grunnlinje": "2024-09-01", "observert": "2026-09-21", "bekreftet": "2026-09-29"}}, {"type": "Feature", "geometry": {"type": "Polygon", "coordinates": [[[9.013681, 60.734161], [9.013681, 60.734119], [9.013596, 60.734119], [9.013596, 60.734036], [9.01351, 60.734036], [9.01351, 60.733994], [9.013252, 60.733994], [9.013252, 60.733952], [9.013166, 60.733952], [9.013166, 60.733868], [9.012995, 60.733826], [9.012995, 60.7337], [9.013081, 60.7337], [9.013081, 60.733658], [9.014025, 60.733658], [9.014025, 60.7337], [9.014111, 60.7337], [9.014111, 60.733826], [9.014282, 60.733868], [9.014282, 60.734119], [9.014196, 60.734119], [9.014196, 60.734161], [9.013681, 60.734161]]]}, "properties": {"periode": "host_2024_til_host_2025", "areal_ha": 0.29, "andel_innenfor_jaktfelt": 1.0, "jaktfelt": "Sandbekken", "grunnlinje": "2024-09-01", "observert": "2026-09-21", "bekreftet": "2026-09-29"}}, {"type": "Feature", "geometry": {"type": "Polygon", "coordinates": [[[9.032135, 60.733658], [9.032135, 60.733616], [9.031878, 60.733532], [9.031878, 60.733448], [9.031963, 60.733448], [9.032049, 60.733532], [9.032221, 60.733532], [9.032221, 60.73349], [9.032307, 60.73349], [9.032307, 60.733406], [9.032564, 60.733322], [9.032564, 60.733364], [9.03265, 60.733364], [9.03265, 60.733448], [9.032564, 60.733448], [9.032564, 60.73349], [9.032478, 60.73349], [9.032478, 60.733532], [9.032135, 60.733658]]]}, "properties": {"periode": "host_2024_til_host_2025", "areal_ha": 0.06, "andel_innenfor_jaktfelt": 1.0, "jaktfelt": "Sandbekken", "grunnlinje": "2024-09-01", "observert": "2026-09-21", "bekreftet": "2026-09-29"}}, {"type": "Feature", "geometry": {"type": "Polygon", "coordinates": [[[9.043636, 60.733406], [9.043636, 60.733322], [9.04355, 60.733322], [9.04355, 60.73328], [9.043379, 60.73328], [9.043465, 60.733196], [9.043722, 60.733196], [9.043722, 60.733238], [9.043808, 60.733238], [9.043808, 60.733364], [9.043636, 60.733406]]]}, "properties": {"periode": "host_2024_til_host_2025", "areal_ha": 0.03, "andel_innenfor_jaktfelt": 1.0, "jaktfelt": "Sandbekken", "grunnlinje": "2024-09-01", "observert": "2026-09-21", "bekreftet": "2026-09-29"}}, {"type": "Feature", "geometry": {"type": "Polygon", "coordinates": [[[9.0063, 60.73328], [9.0063, 60.733238], [9.006214, 60.733238], [9.006214, 60.733154], [9.0063, 60.733154], [9.0063, 60.733112], [9.006901, 60.733112], [9.006901, 60.733196], [9.006472, 60.733196], [9.006472, 60.733238], [9.0063, 60.73328]]]}, "properties": {"periode": "host_2024_til_host_2025", "areal_ha": 0.04, "andel_innenfor_jaktfelt": 1.0, "jaktfelt": "Sandbekken", "grunnlinje": "2024-09-01", "observert": "2026-09-21", "bekreftet": "2026-09-29"}}, {"type": "Feature", "geometry": {"type": "Polygon", "coordinates": [[[9.041491, 60.732735], [9.041491, 60.732693], [9.041405, 60.732693], [9.041405, 60.732105], [9.04192, 60.732105], [9.04192, 60.732189], [9.041834, 60.732189], [9.041834, 60.732693], [9.041576, 60.732693], [9.041576, 60.732735], [9.041491, 60.732735]]]}, "properties": {"periode": "host_2024_til_host_2025", "areal_ha": 0.16, "andel_innenfor_jaktfelt": 1.0, "jaktfelt": "Sandbekken", "grunnlinje": "2024-09-01", "observert": "2026-09-21", "bekreftet": "2026-09-29"}}, {"type": "Feature", "geometry": {"type": "Polygon", "coordinates": [[[9.022779, 60.733448], [9.022608, 60.73328], [9.02235, 60.73328], [9.02235, 60.733238], [9.022007, 60.733112], [9.022007, 60.732861], [9.021921, 60.732861], [9.021835, 60.732777], [9.021664, 60.732777], [9.021664, 60.732819], [9.021578, 60.732819], [9.021578, 60.732777], [9.021492, 60.732777], [9.021492, 60.732693], [9.021235, 60.732609], [9.021235, 60.732525], [9.020891, 60.732441], [9.020891, 60.732399], [9.021063, 60.732357], [9.021063, 60.732021], [9.021149, 60.732021], [9.021235, 60.731938], [9.021406, 60.731938], [9.021492, 60.731854], [9.021664, 60.731854], [9.021664, 60.731896], [9.022007, 60.732021], [9.022007, 60.732315], [9.021835, 60.732357], [9.021835, 60.732441], [9.021921, 60.732441], [9.021921, 60.732483], [9.02235, 60.732483], [9.02235, 60.732441], [9.022522, 60.732399], [9.022522, 60.732441], [9.022694, 60.732483], [9.022694, 60.732567], [9.022522, 60.732609], [9.022522, 60.732735], [9.023294, 60.732735], [9.023294, 60.732777], [9.023638, 60.732903], [9.023638, 60.733029], [9.023552, 60.733029], [9.023552, 60.733112], [9.023638, 60.733112], [9.023638, 60.733364], [9.023552, 60.733364], [9.023466, 60.733448], [9.023123, 60.733448], [9.023123, 60.733406], [9.022779, 60.733448]]]}, "properties": {"periode": "host_2024_til_host_2025", "areal_ha": 1.11, "andel_innenfor_jaktfelt": 1.0, "jaktfelt": "Sandbekken", "grunnlinje": "2024-09-01", "observert": "2026-09-21", "bekreftet": "2026-09-29"}}, {"type": "Feature", "geometry": {"type": "Polygon", "coordinates": [[[9.041834, 60.731979], [9.041834, 60.731938], [9.041662, 60.731938], [9.041662, 60.731896], [9.041576, 60.731896], [9.041576, 60.731812], [9.041662, 60.731812], [9.041662, 60.73177], [9.04192, 60.73177], [9.04192, 60.731812], [9.042091, 60.731854], [9.042091, 60.731938], [9.042006, 60.731938], [9.042006, 60.731979], [9.041834, 60.731979]]]}, "properties": {"periode": "host_2024_til_host_2025", "areal_ha": 0.05, "andel_innenfor_jaktfelt": 1.0, "jaktfelt": "Sandbekken", "grunnlinje": "2024-09-01", "observert": "2026-09-21", "bekreftet": "2026-09-29"}}, {"type": "Feature", "geometry": {"type": "Polygon", "coordinates": [[[9.037886, 60.73114], [9.037886, 60.731098], [9.0378, 60.731098], [9.0378, 60.73093], [9.038057, 60.73093], [9.038229, 60.73114], [9.037886, 60.73114]]]}, "properties": {"periode": "host_2024_til_host_2025", "areal_ha": 0.04, "andel_innenfor_jaktfelt": 1.0, "jaktfelt": "Sandbekken", "grunnlinje": "2024-09-01", "observert": "2026-09-21", "bekreftet": "2026-09-29"}}, {"type": "Feature", "geometry": {"type": "Polygon", "coordinates": [[[9.035997, 60.730217], [9.035997, 60.730175], [9.035912, 60.730175], [9.035912, 60.729839], [9.036255, 60.729755], [9.036255, 60.730217], [9.035997, 60.730217]]]}, "properties": {"periode": "host_2024_til_host_2025", "areal_ha": 0.09, "andel_innenfor_jaktfelt": 1.0, "jaktfelt": "Sandbekken", "grunnlinje": "2024-09-01", "observert": "2026-09-21", "bekreftet": "2026-09-29"}}, {"type": "Feature", "geometry": {"type": "MultiPolygon", "coordinates": [[[[9.030676, 60.729839], [9.030676, 60.729797], [9.030762, 60.729797], [9.030762, 60.729839], [9.030676, 60.729839]]], [[[9.030762, 60.729797], [9.030762, 60.72963], [9.031191, 60.729713], [9.031105, 60.729797], [9.030762, 60.729797]]]]}, "properties": {"periode": "host_2024_til_host_2025", "areal_ha": 0.03, "andel_innenfor_jaktfelt": 1.0, "jaktfelt": "Sandbekken", "grunnlinje": "2024-09-01", "observert": "2026-09-21", "bekreftet": "2026-09-29"}}, {"type": "Feature", "geometry": {"type": "MultiPolygon", "coordinates": [[[[9.03883, 60.729546], [9.03883, 60.729378], [9.039001, 60.729336], [9.039001, 60.72921], [9.039087, 60.72921], [9.039087, 60.729168], [9.039431, 60.729168], [9.039431, 60.72921], [9.039259, 60.72921], [9.039259, 60.729294], [9.039087, 60.729336], [9.039087, 60.72942], [9.039259, 60.729462], [9.039259, 60.729546], [9.039001, 60.729546], [9.039001, 60.729504], [9.03883, 60.729546]]], [[[9.039431, 60.72921], [9.039602, 60.729252], [9.039602, 60.729336], [9.039431, 60.729294], [9.039431, 60.72921]]]]}, "properties": {"periode": "host_2024_til_host_2025", "areal_ha": 0.07, "andel_innenfor_jaktfelt": 1.0, "jaktfelt": "Sandbekken", "grunnlinje": "2024-09-01", "observert": "2026-09-21", "bekreftet": "2026-09-29"}}, {"type": "Feature", "geometry": {"type": "Polygon", "coordinates": [[[9.031792, 60.72879], [9.031792, 60.728748], [9.031706, 60.728748], [9.031706, 60.728664], [9.031534, 60.728622], [9.031534, 60.728371], [9.03162, 60.728371], [9.03162, 60.728412], [9.031963, 60.728371], [9.031963, 60.728412], [9.032135, 60.728412], [9.032135, 60.728454], [9.032221, 60.728454], [9.032221, 60.728748], [9.032135, 60.728748], [9.032135, 60.72879], [9.031792, 60.72879]]]}, "properties": {"periode": "host_2024_til_host_2025", "areal_ha": 0.14, "andel_innenfor_jaktfelt": 1.0, "jaktfelt": "Sandbekken", "grunnlinje": "2024-09-01", "observert": "2026-09-21", "bekreftet": "2026-09-29"}}, {"type": "Feature", "geometry": {"type": "MultiPolygon", "coordinates": [[[[9.029045, 60.727195], [9.029045, 60.727153], [9.028959, 60.727153], [9.028959, 60.727028], [9.028788, 60.726986], [9.028788, 60.726818], [9.028702, 60.726818], [9.028616, 60.726734], [9.028959, 60.726734], [9.028959, 60.726818], [9.029045, 60.726818], [9.029045, 60.726902], [9.028959, 60.726902], [9.028959, 60.726944], [9.029303, 60.727028], [9.029303, 60.727153], [9.029131, 60.727153], [9.029131, 60.727195], [9.029045, 60.727195]]], [[[9.029303, 60.727153], [9.029388, 60.727153], [9.029388, 60.727195], [9.029303, 60.727195], [9.029303, 60.727153]]]]}, "properties": {"periode": "host_2024_til_host_2025", "areal_ha": 0.08, "andel_innenfor_jaktfelt": 1.0, "jaktfelt": "Sandbekken", "grunnlinje": "2024-09-01", "observert": "2026-09-21", "bekreftet": "2026-09-29"}}, {"type": "Feature", "geometry": {"type": "Polygon", "coordinates": [[[9.03265, 60.726692], [9.03265, 60.72644], [9.032907, 60.72644], [9.032907, 60.726482], [9.032822, 60.726482], [9.032822, 60.72665], [9.03265, 60.726692]]]}, "properties": {"periode": "host_2024_til_host_2025", "areal_ha": 0.03, "andel_innenfor_jaktfelt": 1.0, "jaktfelt": "Sandbekken", "grunnlinje": "2024-09-01", "observert": "2026-09-21", "bekreftet": "2026-09-29"}}, {"type": "Feature", "geometry": {"type": "Polygon", "coordinates": [[[9.034882, 60.72644], [9.034882, 60.726398], [9.034796, 60.726398], [9.034796, 60.726314], [9.034967, 60.726272], [9.034967, 60.726188], [9.034882, 60.726188], [9.034796, 60.726104], [9.034538, 60.726104], [9.034538, 60.726146], [9.034452, 60.726146], [9.034452, 60.725936], [9.034538, 60.725936], [9.034624, 60.725852], [9.034796, 60.725852], [9.034796, 60.725978], [9.034882, 60.725978], [9.035053, 60.726104], [9.035311, 60.726104], [9.035311, 60.726146], [9.035397, 60.726146], [9.035225, 60.726272], [9.035053, 60.726272], [9.035053, 60.726314], [9.034967, 60.726314], [9.034967, 60.72644], [9.034882, 60.72644]]]}, "properties": {"periode": "host_2024_til_host_2025", "areal_ha": 0.12, "andel_innenfor_jaktfelt": 1.0, "jaktfelt": "Sandbekken", "grunnlinje": "2024-09-01", "observert": "2026-09-21", "bekreftet": "2026-09-29"}}, {"type": "Feature", "geometry": {"type": "Polygon", "coordinates": [[[9.000978, 60.725726], [9.000978, 60.725685], [9.000893, 60.725685], [9.000893, 60.725475], [9.000978, 60.725475], [9.001064, 60.725391], [9.001408, 60.725391], [9.001408, 60.725433], [9.001493, 60.725433], [9.001493, 60.725559], [9.001837, 60.725559], [9.001837, 60.725433], [9.001665, 60.725391], [9.001665, 60.725307], [9.001751, 60.725307], [9.001837, 60.725223], [9.002008, 60.725265], [9.002008, 60.725349], [9.002094, 60.725349], [9.002094, 60.725391], [9.002695, 60.725391], [9.002781, 60.725307], [9.002953, 60.725307], [9.003038, 60.725391], [9.00321, 60.725391], [9.00321, 60.725433], [9.003296, 60.725433], [9.003296, 60.725517], [9.00321, 60.725517], [9.00321, 60.725559], [9.003038, 60.725559], [9.002781, 60.725726], [9.002352, 60.725726], [9.002266, 60.725643], [9.001751, 60.725643], [9.001665, 60.725726], [9.000978, 60.725726]], [[9.001751, 60.725307], [9.001751, 60.725391], [9.001923, 60.725391], [9.001923, 60.725307], [9.001751, 60.725307]]]}, "properties": {"periode": "host_2024_til_host_2025", "areal_ha": 0.4, "andel_innenfor_jaktfelt": 1.0, "jaktfelt": "Sandbekken", "grunnlinje": "2024-09-01", "observert": "2026-09-21", "bekreftet": "2026-09-29"}}, {"type": "Feature", "geometry": {"type": "Polygon", "coordinates": [[[9.030333, 60.725391], [9.030247, 60.725307], [9.030075, 60.725307], [9.030075, 60.725181], [9.030161, 60.725181], [9.030161, 60.725139], [9.030418, 60.725223], [9.030418, 60.725391], [9.030333, 60.725391]]]}, "properties": {"periode": "host_2024_til_host_2025", "areal_ha": 0.03, "andel_innenfor_jaktfelt": 1.0, "jaktfelt": "Sandbekken", "grunnlinje": "2024-09-01", "observert": "2026-09-21", "bekreftet": "2026-09-29"}}, {"type": "Feature", "geometry": {"type": "Polygon", "coordinates": [[[9.001751, 60.724383], [9.001751, 60.724341], [9.001665, 60.724341], [9.001665, 60.724174], [9.001837, 60.724174], [9.001837, 60.724257], [9.002008, 60.724299], [9.001923, 60.724383], [9.001751, 60.724383]]]}, "properties": {"periode": "host_2024_til_host_2025", "areal_ha": 0.03, "andel_innenfor_jaktfelt": 1.0, "jaktfelt": "Sandbekken", "grunnlinje": "2024-09-01", "observert": "2026-09-21", "bekreftet": "2026-09-29"}}, {"type": "Feature", "geometry": {"type": "Polygon", "coordinates": [[[9.002609, 60.724467], [9.002609, 60.724425], [9.002523, 60.724425], [9.002523, 60.724341], [9.002438, 60.724341], [9.002438, 60.724299], [9.002266, 60.724299], [9.00218, 60.724216], [9.002266, 60.724216], [9.002352, 60.724132], [9.002438, 60.724132], [9.002438, 60.724216], [9.002695, 60.724216], [9.002695, 60.724132], [9.002867, 60.724132], [9.002953, 60.724048], [9.003124, 60.724048], [9.003296, 60.724174], [9.00321, 60.724174], [9.00321, 60.724216], [9.002867, 60.724216], [9.002867, 60.724257], [9.002781, 60.724257], [9.002781, 60.724341], [9.002867, 60.724341], [9.002953, 60.724425], [9.002867, 60.724425], [9.002867, 60.724467], [9.002609, 60.724467]]]}, "properties": {"periode": "host_2024_til_host_2025", "areal_ha": 0.11, "andel_innenfor_jaktfelt": 1.0, "jaktfelt": "Sandbekken", "grunnlinje": "2024-09-01", "observert": "2026-09-21", "bekreftet": "2026-09-29"}}, {"type": "Feature", "geometry": {"type": "Polygon", "coordinates": [[[9.038229, 60.724132], [9.038229, 60.72409], [9.038143, 60.72409], [9.038143, 60.723964], [9.038229, 60.723964], [9.038229, 60.723922], [9.038401, 60.723922], [9.038401, 60.723964], [9.038486, 60.723964], [9.038486, 60.724048], [9.038229, 60.724132]]]}, "properties": {"periode": "host_2024_til_host_2025", "areal_ha": 0.03, "andel_innenfor_jaktfelt": 1.0, "jaktfelt": "Sandbekken", "grunnlinje": "2024-09-01", "observert": "2026-09-21", "bekreftet": "2026-09-29"}}, {"type": "Feature", "geometry": {"type": "Polygon", "coordinates": [[[9.00115, 60.724048], [9.00115, 60.724006], [9.001064, 60.724006], [9.001064, 60.723796], [9.001236, 60.723754], [9.001236, 60.723796], [9.001322, 60.723796], [9.001322, 60.724006], [9.00115, 60.724048]]]}, "properties": {"periode": "host_2024_til_host_2025", "areal_ha": 0.04, "andel_innenfor_jaktfelt": 1.0, "jaktfelt": "Sandbekken", "grunnlinje": "2024-09-01", "observert": "2026-09-21", "bekreftet": "2026-09-29"}}, {"type": "Feature", "geometry": {"type": "Polygon", "coordinates": [[[9.004498, 60.723754], [9.004498, 60.723712], [9.004583, 60.723712], [9.004583, 60.723628], [9.004498, 60.723628], [9.004498, 60.723586], [9.005013, 60.723586], [9.005013, 60.723628], [9.005098, 60.723628], [9.005098, 60.723712], [9.005013, 60.723712], [9.005013, 60.723754], [9.004498, 60.723754]]]}, "properties": {"periode": "host_2024_til_host_2025", "areal_ha": 0.05, "andel_innenfor_jaktfelt": 1.0, "jaktfelt": "Sandbekken", "grunnlinje": "2024-09-01", "observert": "2026-09-21", "bekreftet": "2026-09-29"}}, {"type": "Feature", "geometry": {"type": "Polygon", "coordinates": [[[9.010506, 60.723754], [9.01042, 60.72367], [9.010506, 60.72367], [9.010592, 60.723586], [9.011106, 60.723586], [9.011192, 60.723502], [9.01145, 60.723502], [9.011536, 60.723418], [9.012051, 60.723418], [9.012051, 60.723502], [9.011965, 60.723502], [9.011879, 60.723586], [9.01145, 60.723586], [9.011364, 60.72367], [9.011106, 60.72367], [9.011021, 60.723754], [9.010506, 60.723754]]]}, "properties": {"periode": "host_2024_til_host_2025", "areal_ha": 0.14, "andel_innenfor_jaktfelt": 1.0, "jaktfelt": "Sandbekken", "grunnlinje": "2024-09-01", "observert": "2026-09-21", "bekreftet": "2026-09-29"}}, {"type": "Feature", "geometry": {"type": "Polygon", "coordinates": [[[9.010935, 60.722369], [9.010935, 60.722327], [9.010677, 60.722327], [9.010677, 60.722285], [9.010592, 60.722285], [9.010592, 60.722201], [9.010677, 60.722201], [9.010677, 60.722243], [9.010935, 60.722243], [9.010935, 60.722285], [9.011021, 60.722285], [9.011021, 60.722369], [9.010935, 60.722369]]]}, "properties": {"periode": "host_2024_til_host_2025", "areal_ha": 0.02, "andel_innenfor_jaktfelt": 1.0, "jaktfelt": "Sandbekken", "grunnlinje": "2024-09-01", "observert": "2026-09-21", "bekreftet": "2026-09-29"}}, {"type": "Feature", "geometry": {"type": "Polygon", "coordinates": [[[9.040375, 60.722159], [9.040375, 60.722117], [9.040289, 60.722117], [9.040289, 60.721991], [9.040546, 60.721907], [9.040546, 60.722117], [9.040632, 60.722117], [9.040632, 60.722159], [9.040375, 60.722159]]]}, "properties": {"periode": "host_2024_til_host_2025", "areal_ha": 0.03, "andel_innenfor_jaktfelt": 1.0, "jaktfelt": "Sandbekken", "grunnlinje": "2024-09-01", "observert": "2026-09-21", "bekreftet": "2026-09-29"}}, {"type": "Feature", "geometry": {"type": "Polygon", "coordinates": [[[9.010592, 60.722033], [9.010592, 60.721907], [9.010677, 60.721907], [9.010677, 60.721865], [9.011021, 60.721907], [9.010935, 60.721991], [9.010677, 60.721991], [9.010677, 60.722033], [9.010592, 60.722033]]]}, "properties": {"periode": "host_2024_til_host_2025", "areal_ha": 0.03, "andel_innenfor_jaktfelt": 1.0, "jaktfelt": "Sandbekken", "grunnlinje": "2024-09-01", "observert": "2026-09-21", "bekreftet": "2026-09-29"}}, {"type": "Feature", "geometry": {"type": "Polygon", "coordinates": [[[9.015226, 60.721781], [9.015484, 60.721613], [9.015827, 60.721613], [9.015741, 60.721697], [9.015398, 60.721697], [9.015398, 60.721739], [9.015226, 60.721781]]]}, "properties": {"periode": "host_2024_til_host_2025", "areal_ha": 0.02, "andel_innenfor_jaktfelt": 1.0, "jaktfelt": "Sandbekken", "grunnlinje": "2024-09-01", "observert": "2026-09-21", "bekreftet": "2026-09-29"}}, {"type": "Feature", "geometry": {"type": "MultiPolygon", "coordinates": [[[[9.035397, 60.721445], [9.035053, 60.721445], [9.035053, 60.721403], [9.034882, 60.721361], [9.034967, 60.721277], [9.035225, 60.721277], [9.035225, 60.721319], [9.035397, 60.721361], [9.035397, 60.721445]]], [[[9.035397, 60.721445], [9.03574, 60.721571], [9.03574, 60.721613], [9.035482, 60.721613], [9.035482, 60.721571], [9.035397, 60.721571], [9.035397, 60.721445]]]]}, "properties": {"periode": "host_2024_til_host_2025", "areal_ha": 0.06, "andel_innenfor_jaktfelt": 1.0, "jaktfelt": "Sandbekken", "grunnlinje": "2024-09-01", "observert": "2026-09-21", "bekreftet": "2026-09-29"}}, {"type": "Feature", "geometry": {"type": "Polygon", "coordinates": [[[9.031448, 60.720186], [9.031448, 60.720144], [9.031363, 60.720144], [9.031363, 60.720102], [9.031448, 60.720102], [9.031448, 60.719976], [9.03162, 60.719976], [9.03162, 60.720102], [9.031534, 60.720102], [9.03162, 60.720186], [9.031448, 60.720186]]]}, "properties": {"periode": "host_2024_til_host_2025", "areal_ha": 0.02, "andel_innenfor_jaktfelt": 1.0, "jaktfelt": "Sandbekken", "grunnlinje": "2024-09-01", "observert": "2026-09-21", "bekreftet": "2026-09-29"}}, {"type": "Feature", "geometry": {"type": "Polygon", "coordinates": [[[9.02441, 60.71964], [9.024324, 60.719556], [9.023809, 60.719556], [9.023724, 60.719472], [9.02338, 60.719472], [9.023294, 60.719388], [9.02338, 60.719388], [9.02338, 60.719346], [9.023895, 60.719346], [9.024067, 60.719472], [9.024496, 60.719472], [9.024496, 60.719514], [9.024582, 60.719514], [9.024582, 60.719598], [9.02441, 60.71964]]]}, "properties": {"periode": "host_2024_til_host_2025", "areal_ha": 0.1, "andel_innenfor_jaktfelt": 1.0, "jaktfelt": "Sandbekken", "grunnlinje": "2024-09-01", "observert": "2026-09-21", "bekreftet": "2026-09-29"}}, {"type": "Feature", "geometry": {"type": "Polygon", "coordinates": [[[9.029217, 60.719472], [9.029131, 60.719388], [9.029303, 60.719346], [9.029303, 60.719262], [9.02956, 60.719262], [9.02956, 60.719304], [9.029646, 60.719304], [9.029646, 60.719346], [9.029818, 60.719346], [9.029818, 60.71943], [9.029903, 60.71943], [9.029903, 60.719472], [9.029217, 60.719472]]]}, "properties": {"periode": "host_2024_til_host_2025", "areal_ha": 0.07, "andel_innenfor_jaktfelt": 1.0, "jaktfelt": "Sandbekken", "grunnlinje": "2024-09-01", "observert": "2026-09-21", "bekreftet": "2026-09-29"}}, {"type": "Feature", "geometry": {"type": "Polygon", "coordinates": [[[9.021492, 60.719472], [9.021492, 60.71943], [9.021235, 60.719346], [9.021235, 60.71922], [9.021149, 60.71922], [9.021149, 60.719178], [9.02132, 60.719178], [9.02132, 60.719136], [9.021406, 60.719136], [9.021406, 60.71922], [9.021664, 60.719304], [9.021664, 60.71943], [9.021492, 60.719472]]]}, "properties": {"periode": "host_2024_til_host_2025", "areal_ha": 0.05, "andel_innenfor_jaktfelt": 1.0, "jaktfelt": "Sandbekken", "grunnlinje": "2024-09-01", "observert": "2026-09-21", "bekreftet": "2026-09-29"}}, {"type": "Feature", "geometry": {"type": "Polygon", "coordinates": [[[9.027586, 60.718759], [9.027586, 60.718717], [9.0275, 60.718717], [9.0275, 60.718591], [9.027586, 60.718591], [9.027586, 60.718633], [9.027929, 60.718633], [9.027929, 60.718675], [9.028015, 60.718675], [9.028015, 60.718759], [9.027843, 60.718759], [9.027843, 60.718717], [9.027672, 60.718717], [9.027672, 60.718759], [9.027586, 60.718759]]]}, "properties": {"periode": "host_2024_til_host_2025", "areal_ha": 0.03, "andel_innenfor_jaktfelt": 1.0, "jaktfelt": "Sandbekken", "grunnlinje": "2024-09-01", "observert": "2026-09-21", "bekreftet": "2026-09-29"}}, {"type": "Feature", "geometry": {"type": "Polygon", "coordinates": [[[9.026899, 60.718213], [9.026899, 60.718171], [9.026814, 60.718171], [9.026814, 60.718003], [9.027243, 60.717961], [9.027243, 60.718003], [9.027328, 60.718003], [9.027328, 60.718129], [9.027243, 60.718129], [9.027157, 60.718213], [9.026899, 60.718213]]]}, "properties": {"periode": "host_2024_til_host_2025", "areal_ha": 0.06, "andel_innenfor_jaktfelt": 1.0, "jaktfelt": "Sandbekken", "grunnlinje": "2024-09-01", "observert": "2026-09-21", "bekreftet": "2026-09-29"}}, {"type": "Feature", "geometry": {"type": "Polygon", "coordinates": [[[9.027843, 60.717751], [9.027843, 60.717709], [9.027672, 60.717667], [9.027672, 60.717541], [9.0275, 60.717541], [9.0275, 60.717583], [9.027328, 60.717625], [9.027328, 60.717415], [9.027414, 60.717415], [9.027414, 60.717373], [9.027843, 60.717331], [9.027843, 60.717373], [9.028101, 60.717373], [9.028101, 60.717415], [9.028187, 60.717415], [9.028187, 60.717541], [9.027843, 60.717625], [9.027843, 60.717667], [9.027929, 60.717667], [9.027929, 60.717751], [9.027843, 60.717751]]]}, "properties": {"periode": "host_2024_til_host_2025", "areal_ha": 0.12, "andel_innenfor_jaktfelt": 1.0, "jaktfelt": "Sandbekken", "grunnlinje": "2024-09-01", "observert": "2026-09-21", "bekreftet": "2026-09-29"}}, {"type": "Feature", "geometry": {"type": "Polygon", "coordinates": [[[9.007158, 60.717121], [9.006901, 60.716953], [9.006643, 60.716953], [9.006643, 60.716911], [9.006557, 60.716911], [9.006557, 60.716786], [9.006472, 60.716786], [9.006472, 60.716744], [9.0063, 60.716744], [9.006128, 60.716576], [9.005613, 60.716576], [9.005613, 60.716618], [9.005442, 60.71666], [9.005442, 60.716618], [9.005527, 60.716618], [9.005527, 60.716492], [9.006214, 60.716492], [9.006214, 60.716576], [9.0063, 60.716576], [9.006557, 60.716744], [9.007072, 60.716744], [9.007072, 60.716786], [9.007158, 60.716786], [9.007158, 60.716953], [9.007244, 60.716953], [9.00733, 60.717037], [9.008188, 60.717037], [9.008188, 60.716995], [9.008274, 60.716995], [9.008274, 60.717079], [9.008188, 60.717079], [9.008188, 60.717121], [9.007158, 60.717121]]]}, "properties": {"periode": "host_2024_til_host_2025", "areal_ha": 0.21, "andel_innenfor_jaktfelt": 1.0, "jaktfelt": "Sandbekken", "grunnlinje": "2024-09-01", "observert": "2026-09-21", "bekreftet": "2026-09-29"}}, {"type": "Feature", "geometry": {"type": "MultiPolygon", "coordinates": [[[[9.008188, 60.716786], [9.008188, 60.716744], [9.008017, 60.716702], [9.008017, 60.716366], [9.008446, 60.716282], [9.008446, 60.716492], [9.008274, 60.716534], [9.008274, 60.716786], [9.008188, 60.716786]]], [[[9.008446, 60.716282], [9.008446, 60.716114], [9.00836, 60.716114], [9.008274, 60.71603], [9.008102, 60.71603], [9.008102, 60.715988], [9.008017, 60.715988], [9.008017, 60.715904], [9.008102, 60.715904], [9.008102, 60.715862], [9.008532, 60.715862], [9.008789, 60.71603], [9.009047, 60.71603], [9.009047, 60.716072], [9.009132, 60.716072], [9.009132, 60.716198], [9.009218, 60.716198], [9.009218, 60.71624], [9.008789, 60.716198], [9.008789, 60.71624], [9.008532, 60.71624], [9.008532, 60.716282], [9.008446, 60.716282]]]]}, "properties": {"periode": "host_2024_til_host_2025", "areal_ha": 0.24, "andel_innenfor_jaktfelt": 1.0, "jaktfelt": "Sandbekken", "grunnlinje": "2024-09-01", "observert": "2026-09-21", "bekreftet": "2026-09-29"}}, {"type": "Feature", "geometry": {"type": "Polygon", "coordinates": [[[9.011707, 60.716408], [9.011621, 60.716324], [9.011364, 60.716324], [9.011364, 60.716282], [9.011536, 60.71624], [9.011536, 60.716156], [9.01145, 60.716156], [9.01145, 60.716114], [9.011021, 60.716114], [9.011021, 60.715988], [9.011106, 60.715988], [9.011192, 60.715904], [9.011364, 60.715904], [9.011536, 60.71603], [9.011793, 60.71603], [9.011793, 60.716072], [9.011965, 60.716114], [9.012136, 60.715946], [9.012394, 60.715946], [9.012394, 60.715904], [9.01248, 60.715904], [9.01248, 60.715652], [9.012566, 60.715652], [9.012566, 60.715694], [9.012651, 60.715694], [9.012651, 60.715778], [9.012566, 60.715778], [9.012651, 60.715946], [9.012394, 60.71603], [9.01248, 60.716198], [9.012308, 60.71624], [9.012308, 60.716366], [9.012222, 60.716366], [9.012222, 60.716408], [9.011707, 60.716408]]]}, "properties": {"periode": "host_2024_til_host_2025", "areal_ha": 0.28, "andel_innenfor_jaktfelt": 1.0, "jaktfelt": "Sandbekken", "grunnlinje": "2024-09-01", "observert": "2026-09-21", "bekreftet": "2026-09-29"}}, {"type": "Feature", "geometry": {"type": "Polygon", "coordinates": [[[9.007416, 60.715694], [9.007416, 60.715652], [9.00733, 60.715652], [9.00733, 60.7154], [9.007502, 60.715358], [9.007587, 60.715694], [9.007416, 60.715694]]]}, "properties": {"periode": "host_2024_til_host_2025", "areal_ha": 0.04, "andel_innenfor_jaktfelt": 1.0, "jaktfelt": "Sandbekken", "grunnlinje": "2024-09-01", "observert": "2026-09-21", "bekreftet": "2026-09-29"}}, {"type": "Feature", "geometry": {"type": "MultiPolygon", "coordinates": [[[[9.005184, 60.715526], [9.005356, 60.7154], [9.005613, 60.7154], [9.005699, 60.715316], [9.005871, 60.715316], [9.005871, 60.715358], [9.005957, 60.715358], [9.005957, 60.7154], [9.006128, 60.7154], [9.0063, 60.715526], [9.006729, 60.715526], [9.006729, 60.715568], [9.006815, 60.715568], [9.006815, 60.715652], [9.006901, 60.715652], [9.006901, 60.715694], [9.0063, 60.715694], [9.006128, 60.715526], [9.005184, 60.715526]]], [[[9.005184, 60.715526], [9.005013, 60.715694], [9.004841, 60.715694], [9.004669, 60.715568], [9.004755, 60.715568], [9.004755, 60.715526], [9.005184, 60.715526]]], [[[9.006901, 60.715694], [9.006987, 60.715694], [9.007244, 60.715862], [9.007673, 60.715862], [9.007587, 60.715946], [9.007244, 60.715946], [9.007158, 60.715862], [9.006987, 60.715862], [9.006987, 60.715736], [9.006901, 60.715736], [9.006901, 60.715694]]]]}, "properties": {"periode": "host_2024_til_host_2025", "areal_ha": 0.22, "andel_innenfor_jaktfelt": 1.0, "jaktfelt": "Sandbekken", "grunnlinje": "2024-09-01", "observert": "2026-09-21", "bekreftet": "2026-09-29"}}, {"type": "Feature", "geometry": {"type": "Polygon", "coordinates": [[[9.011965, 60.715442], [9.011965, 60.7154], [9.01145, 60.7154], [9.011364, 60.715316], [9.011106, 60.715316], [9.011106, 60.715274], [9.011021, 60.715274], [9.011021, 60.715106], [9.011106, 60.715106], [9.011278, 60.715232], [9.011536, 60.715232], [9.011621, 60.715316], [9.011965, 60.715316], [9.011965, 60.715358], [9.012051, 60.715358], [9.012051, 60.715442], [9.011965, 60.715442]]]}, "properties": {"periode": "host_2024_til_host_2025", "areal_ha": 0.07, "andel_innenfor_jaktfelt": 1.0, "jaktfelt": "Sandbekken", "grunnlinje": "2024-09-01", "observert": "2026-09-21", "bekreftet": "2026-09-29"}}, {"type": "Feature", "geometry": {"type": "Polygon", "coordinates": [[[9.024239, 60.714896], [9.024239, 60.71477], [9.02441, 60.71477], [9.024496, 60.714686], [9.024582, 60.714686], [9.024582, 60.71477], [9.024839, 60.71477], [9.024668, 60.714896], [9.024239, 60.714896]]]}, "properties": {"periode": "host_2024_til_host_2025", "areal_ha": 0.05, "andel_innenfor_jaktfelt": 1.0, "jaktfelt": "Sandbekken", "grunnlinje": "2024-09-01", "observert": "2026-09-21", "bekreftet": "2026-09-29"}}, {"type": "Feature", "geometry": {"type": "Polygon", "coordinates": [[[9.010334, 60.714812], [9.010334, 60.71477], [9.009218, 60.71477], [9.009047, 60.714602], [9.009733, 60.714602], [9.009733, 60.714644], [9.010077, 60.714602], [9.010077, 60.714644], [9.01042, 60.71477], [9.01042, 60.714812], [9.010334, 60.714812]]]}, "properties": {"periode": "host_2024_til_host_2025", "areal_ha": 0.11, "andel_innenfor_jaktfelt": 1.0, "jaktfelt": "Sandbekken", "grunnlinje": "2024-09-01", "observert": "2026-09-21", "bekreftet": "2026-09-29"}}, {"type": "Feature", "geometry": {"type": "MultiPolygon", "coordinates": [[[[9.007244, 60.715148], [9.007587, 60.715148], [9.007587, 60.71519], [9.007673, 60.71519], [9.007673, 60.715274], [9.007502, 60.715316], [9.007244, 60.715148]]], [[[9.007244, 60.715148], [9.007072, 60.715148], [9.007072, 60.715106], [9.006987, 60.715106], [9.006987, 60.714602], [9.007072, 60.714602], [9.007244, 60.714476], [9.00733, 60.714476], [9.00733, 60.714938], [9.007158, 60.71498], [9.007158, 60.715106], [9.007244, 60.715106], [9.007244, 60.715148]]]]}, "properties": {"periode": "host_2024_til_host_2025", "areal_ha": 0.13, "andel_innenfor_jaktfelt": 1.0, "jaktfelt": "Sandbekken", "grunnlinje": "2024-09-01", "observert": "2026-09-21", "bekreftet": "2026-09-29"}}, {"type": "Feature", "geometry": {"type": "Polygon", "coordinates": [[[9.008102, 60.714602], [9.008102, 60.71456], [9.008017, 60.71456], [9.008017, 60.714309], [9.008102, 60.714309], [9.008274, 60.714183], [9.008188, 60.714183], [9.008017, 60.714057], [9.007845, 60.714099], [9.007845, 60.714309], [9.007759, 60.714309], [9.007759, 60.71435], [9.007587, 60.71435], [9.007502, 60.714267], [9.00733, 60.714309], [9.00733, 60.714057], [9.007502, 60.714015], [9.007502, 60.713889], [9.007587, 60.713889], [9.007673, 60.713805], [9.007845, 60.713805], [9.007845, 60.713847], [9.008017, 60.713847], [9.008017, 60.713805], [9.00836, 60.713805], [9.00836, 60.713847], [9.008446, 60.713847], [9.008446, 60.714434], [9.008274, 60.714476], [9.008274, 60.714602], [9.008102, 60.714602]]]}, "properties": {"periode": "host_2024_til_host_2025", "areal_ha": 0.32, "andel_innenfor_jaktfelt": 1.0, "jaktfelt": "Sandbekken", "grunnlinje": "2024-09-01", "observert": "2026-09-21", "bekreftet": "2026-09-29"}}, {"type": "Feature", "geometry": {"type": "Polygon", "coordinates": [[[9.011965, 60.711663], [9.011879, 60.711579], [9.011965, 60.711579], [9.011965, 60.711537], [9.012222, 60.711537], [9.012222, 60.711495], [9.012566, 60.711369], [9.01248, 60.711453], [9.012566, 60.711453], [9.012651, 60.711537], [9.012566, 60.711537], [9.012394, 60.711663], [9.011965, 60.711663]]]}, "properties": {"periode": "host_2024_til_host_2025", "areal_ha": 0.06, "andel_innenfor_jaktfelt": 1.0, "jaktfelt": "Sandbekken", "grunnlinje": "2024-09-01", "observert": "2026-09-21", "bekreftet": "2026-09-29"}}, {"type": "Feature", "geometry": {"type": "Polygon", "coordinates": [[[8.992996, 60.711537], [8.992996, 60.711495], [8.99291, 60.711495], [8.99291, 60.711453], [8.992739, 60.711453], [8.992653, 60.711369], [8.992825, 60.711327], [8.992825, 60.711243], [8.99291, 60.711243], [8.99291, 60.711201], [8.993168, 60.711201], [8.993168, 60.711159], [8.993511, 60.711033], [8.993511, 60.711075], [8.993597, 60.711075], [8.993597, 60.711285], [8.993425, 60.711327], [8.993425, 60.711495], [8.99334, 60.711495], [8.99334, 60.711537], [8.992996, 60.711537]]]}, "properties": {"periode": "host_2024_til_host_2025", "areal_ha": 0.16, "andel_innenfor_jaktfelt": 1.0, "jaktfelt": "Sandbekken", "grunnlinje": "2024-09-01", "observert": "2026-09-21", "bekreftet": "2026-09-29"}}, {"type": "Feature", "geometry": {"type": "Polygon", "coordinates": [[[9.016514, 60.711117], [9.016514, 60.711075], [9.016342, 60.711033], [9.016342, 60.71095], [9.016171, 60.710908], [9.016171, 60.710824], [9.016256, 60.710824], [9.016256, 60.710782], [9.016342, 60.710782], [9.016342, 60.710698], [9.016428, 60.710698], [9.016428, 60.710656], [9.0166, 60.710656], [9.016857, 60.710488], [9.018488, 60.710488], [9.018488, 60.71053], [9.01866, 60.710572], [9.01866, 60.710908], [9.018574, 60.710908], [9.018402, 60.711033], [9.018059, 60.711033], [9.017887, 60.710908], [9.017372, 60.710866], [9.017372, 60.710991], [9.017286, 60.710991], [9.017286, 60.711033], [9.016771, 60.711033], [9.016685, 60.711117], [9.016514, 60.711117]]]}, "properties": {"periode": "host_2024_til_host_2025", "areal_ha": 0.68, "andel_innenfor_jaktfelt": 1.0, "jaktfelt": "Sandbekken", "grunnlinje": "2024-09-01", "observert": "2026-09-21", "bekreftet": "2026-09-29"}}, {"type": "Feature", "geometry": {"type": "Polygon", "coordinates": [[[9.021235, 60.712461], [9.021149, 60.712377], [9.020891, 60.712377], [9.020805, 60.712293], [9.020634, 60.712293], [9.020634, 60.712251], [9.020548, 60.712251], [9.020548, 60.711789], [9.020376, 60.711747], [9.020376, 60.711411], [9.020119, 60.711327], [9.020119, 60.711243], [9.020033, 60.711243], [9.020033, 60.711201], [9.019861, 60.711201], [9.019861, 60.711159], [9.019775, 60.711159], [9.019775, 60.71074], [9.019947, 60.710698], [9.019947, 60.710572], [9.020033, 60.710572], [9.020119, 60.710488], [9.020462, 60.710488], [9.02072, 60.71032], [9.020891, 60.71032], [9.020891, 60.710446], [9.021063, 60.710488], [9.021063, 60.711117], [9.020891, 60.711159], [9.020891, 60.711327], [9.020977, 60.711327], [9.020977, 60.711369], [9.021063, 60.711369], [9.02132, 60.711537], [9.021749, 60.711537], [9.021749, 60.711579], [9.021835, 60.711579], [9.021749, 60.711663], [9.021406, 60.711663], [9.021406, 60.712335], [9.021492, 60.712335], [9.021492, 60.712377], [9.021235, 60.712461]]]}, "properties": {"periode": "host_2024_til_host_2025", "areal_ha": 1.2, "andel_innenfor_jaktfelt": 1.0, "jaktfelt": "Sandbekken", "grunnlinje": "2024-09-01", "observert": "2026-09-21", "bekreftet": "2026-09-29"}}, {"type": "Feature", "geometry": {"type": "Polygon", "coordinates": [[[9.02132, 60.709942], [9.02132, 60.7099], [9.021235, 60.7099], [9.021235, 60.709816], [9.020891, 60.70969], [9.020891, 60.709522], [9.020977, 60.709522], [9.020977, 60.70948], [9.021063, 60.70948], [9.021149, 60.709564], [9.021492, 60.709564], [9.021492, 60.709606], [9.021578, 60.709606], [9.021578, 60.709858], [9.02132, 60.709942]]]}, "properties": {"periode": "host_2024_til_host_2025", "areal_ha": 0.12, "andel_innenfor_jaktfelt": 1.0, "jaktfelt": "Sandbekken", "grunnlinje": "2024-09-01", "observert": "2026-09-21", "bekreftet": "2026-09-29"}}, {"type": "Feature", "geometry": {"type": "Polygon", "coordinates": [[[9.017372, 60.709942], [9.017115, 60.709774], [9.016342, 60.709774], [9.016256, 60.70969], [9.015656, 60.70969], [9.015484, 60.709564], [9.015312, 60.709564], [9.015312, 60.70969], [9.015398, 60.70969], [9.015398, 60.709732], [9.015312, 60.709732], [9.015312, 60.709774], [9.015141, 60.709774], [9.015141, 60.709732], [9.015055, 60.709732], [9.015055, 60.709606], [9.014626, 60.709522], [9.014626, 60.708892], [9.014711, 60.708892], [9.014711, 60.70885], [9.015055, 60.70885], [9.015141, 60.708934], [9.015656, 60.708934], [9.015741, 60.70885], [9.016428, 60.70885], [9.0166, 60.708682], [9.016857, 60.708682], [9.016943, 60.708766], [9.0172, 60.708766], [9.0172, 60.708808], [9.017286, 60.708808], [9.017286, 60.70885], [9.017372, 60.70885], [9.017372, 60.708892], [9.017458, 60.708892], [9.017715, 60.70906], [9.017973, 60.70906], [9.017973, 60.709102], [9.018316, 60.709228], [9.018316, 60.7099], [9.01823, 60.7099], [9.01823, 60.709942], [9.017372, 60.709942]]]}, "properties": {"periode": "host_2024_til_host_2025", "areal_ha": 1.95, "andel_innenfor_jaktfelt": 1.0, "jaktfelt": "Sandbekken", "grunnlinje": "2024-09-01", "observert": "2026-09-21", "bekreftet": "2026-09-29"}}, {"type": "Feature", "geometry": {"type": "Polygon", "coordinates": [[[9.018402, 60.709144], [9.018402, 60.709102], [9.018316, 60.709102], [9.018316, 60.708934], [9.018488, 60.708892], [9.018488, 60.708808], [9.018145, 60.708682], [9.018145, 60.708304], [9.01823, 60.708304], [9.01823, 60.70822], [9.018145, 60.70822], [9.018145, 60.708178], [9.017715, 60.70822], [9.017715, 60.708262], [9.01763, 60.708262], [9.01763, 60.708304], [9.017458, 60.708304], [9.017372, 60.708388], [9.0172, 60.708388], [9.017115, 60.708304], [9.016943, 60.708304], [9.016943, 60.708262], [9.016857, 60.708262], [9.016857, 60.708178], [9.0172, 60.708094], [9.0172, 60.70801], [9.016857, 60.707926], [9.016857, 60.70759], [9.016943, 60.70759], [9.016943, 60.707506], [9.016857, 60.707506], [9.016857, 60.707464], [9.016943, 60.707464], [9.016943, 60.707422], [9.0172, 60.707422], [9.0172, 60.707464], [9.017372, 60.707464], [9.017372, 60.707422], [9.017715, 60.707422], [9.017973, 60.707254], [9.01823, 60.707254], [9.018402, 60.707086], [9.01866, 60.707086], [9.01866, 60.707128], [9.018831, 60.70717], [9.018831, 60.707506], [9.01866, 60.707548], [9.018574, 60.7078], [9.01866, 60.7078], [9.018745, 60.707884], [9.019003, 60.707884], [9.019003, 60.707968], [9.018917, 60.707968], [9.018917, 60.70801], [9.018574, 60.708136], [9.018574, 60.70822], [9.018831, 60.70822], [9.018917, 60.708136], [9.019089, 60.708136], [9.019175, 60.70822], [9.019346, 60.70822], [9.019346, 60.708262], [9.019432, 60.708262], [9.019432, 60.708472], [9.019518, 60.708472], [9.019518, 60.708514], [9.01969, 60.708514], [9.01969, 60.708556], [9.019775, 60.708556], [9.019775, 60.70864], [9.01969, 60.70864], [9.01969, 60.708682], [9.018745, 60.708682], [9.018745, 60.708724], [9.01866, 60.708724], [9.01866, 60.709102], [9.018574, 60.709102], [9.018574, 60.709144], [9.018402, 60.709144]]]}, "properties": {"periode": "host_2024_til_host_2025", "areal_ha": 1.53, "andel_innenfor_jaktfelt": 1.0, "jaktfelt": "Sandbekken", "grunnlinje": "2024-09-01", "observert": "2026-09-21", "bekreftet": "2026-09-29"}}, {"type": "Feature", "geometry": {"type": "Polygon", "coordinates": [[[8.998318, 60.707464], [8.998318, 60.707338], [8.998232, 60.707338], [8.998146, 60.707254], [8.997974, 60.707296], [8.997974, 60.707254], [8.998146, 60.707212], [8.998146, 60.707128], [8.998232, 60.707128], [8.998232, 60.707086], [8.998404, 60.707086], [8.998404, 60.707128], [8.998489, 60.707128], [8.998489, 60.707422], [8.998318, 60.707464]]]}, "properties": {"periode": "host_2024_til_host_2025", "areal_ha": 0.06, "andel_innenfor_jaktfelt": 1.0, "jaktfelt": "Sandbekken", "grunnlinje": "2024-09-01", "observert": "2026-09-21", "bekreftet": "2026-09-29"}}, {"type": "Feature", "geometry": {"type": "Polygon", "coordinates": [[[9.020805, 60.70906], [9.020805, 60.709018], [9.02072, 60.709018], [9.02072, 60.708976], [9.020376, 60.70885], [9.020376, 60.708724], [9.020119, 60.70864], [9.020119, 60.708262], [9.019947, 60.70822], [9.019947, 60.707926], [9.019775, 60.707884], [9.019775, 60.707716], [9.019604, 60.707674], [9.019604, 60.70759], [9.01969, 60.70759], [9.01969, 60.707548], [9.019775, 60.707548], [9.019775, 60.707506], [9.019861, 60.707506], [9.020119, 60.707338], [9.020462, 60.707338], [9.020462, 60.707296], [9.020548, 60.707296], [9.020548, 60.707212], [9.020376, 60.70717], [9.020376, 60.707086], [9.020462, 60.707086], [9.020548, 60.707002], [9.02072, 60.707002], [9.02072, 60.707128], [9.020805, 60.707128], [9.020977, 60.707254], [9.021235, 60.707254], [9.021492, 60.707422], [9.022264, 60.707422], [9.022264, 60.707464], [9.02235, 60.707464], [9.02235, 60.70759], [9.022179, 60.707632], [9.022179, 60.707758], [9.022093, 60.707758], [9.022093, 60.7078], [9.022007, 60.7078], [9.022007, 60.707758], [9.021835, 60.707758], [9.021835, 60.7078], [9.021664, 60.7078], [9.021664, 60.707842], [9.021578, 60.707842], [9.021578, 60.70801], [9.021664, 60.70801], [9.021664, 60.708052], [9.021835, 60.708094], [9.021835, 60.708178], [9.022007, 60.70822], [9.022007, 60.70843], [9.021921, 60.70843], [9.021835, 60.708514], [9.021063, 60.708556], [9.021063, 60.708598], [9.020891, 60.70864], [9.020891, 60.708724], [9.020977, 60.708724], [9.020977, 60.708766], [9.021149, 60.708766], [9.021149, 60.708724], [9.021235, 60.708724], [9.021235, 60.70864], [9.021406, 60.708598], [9.021406, 60.70864], [9.021578, 60.708682], [9.021578, 60.708892], [9.021664, 60.708892], [9.021835, 60.709018], [9.021749, 60.709018], [9.021749, 60.70906], [9.020805, 60.70906]]]}, "properties": {"periode": "host_2024_til_host_2025", "areal_ha": 1.87, "andel_innenfor_jaktfelt": 1.0, "jaktfelt": "Sandbekken", "grunnlinje": "2024-09-01", "observert": "2026-09-21", "bekreftet": "2026-09-29"}}, {"type": "Feature", "geometry": {"type": "Polygon", "coordinates": [[[9.010677, 60.7078], [9.010506, 60.70759], [9.010162, 60.70759], [9.010162, 60.707548], [9.010077, 60.707548], [9.010077, 60.707338], [9.010248, 60.707296], [9.010248, 60.707212], [9.010077, 60.70717], [9.010077, 60.70696], [9.010162, 60.70696], [9.010248, 60.706876], [9.010592, 60.706876], [9.010592, 60.706918], [9.010677, 60.706918], [9.010677, 60.70696], [9.011021, 60.707086], [9.011021, 60.707674], [9.010677, 60.7078]]]}, "properties": {"periode": "host_2024_til_host_2025", "areal_ha": 0.4, "andel_innenfor_jaktfelt": 1.0, "jaktfelt": "Sandbekken", "grunnlinje": "2024-09-01", "observert": "2026-09-21", "bekreftet": "2026-09-29"}}, {"type": "Feature", "geometry": {"type": "Polygon", "coordinates": [[[9.012995, 60.70696], [9.012995, 60.706918], [9.012823, 60.706876], [9.012823, 60.70675], [9.012909, 60.70675], [9.012909, 60.706708], [9.013166, 60.706792], [9.013166, 60.706918], [9.012995, 60.70696]]]}, "properties": {"periode": "host_2024_til_host_2025", "areal_ha": 0.03, "andel_innenfor_jaktfelt": 1.0, "jaktfelt": "Sandbekken", "grunnlinje": "2024-09-01", "observert": "2026-09-21", "bekreftet": "2026-09-29"}}, {"type": "Feature", "geometry": {"type": "Polygon", "coordinates": [[[9.011793, 60.707086], [9.011793, 60.707044], [9.011707, 60.707044], [9.011707, 60.70696], [9.011278, 60.70696], [9.011278, 60.706918], [9.011192, 60.706918], [9.011192, 60.706792], [9.011364, 60.70675], [9.011364, 60.706666], [9.011278, 60.706666], [9.011278, 60.706624], [9.011021, 60.706624], [9.011021, 60.706582], [9.010849, 60.70654], [9.010849, 60.706456], [9.011192, 60.706456], [9.011278, 60.70654], [9.01145, 60.70654], [9.011536, 60.706456], [9.011793, 60.706456], [9.011879, 60.706372], [9.012051, 60.706372], [9.012051, 60.707044], [9.011965, 60.707044], [9.011965, 60.707086], [9.011793, 60.707086]]]}, "properties": {"periode": "host_2024_til_host_2025", "areal_ha": 0.29, "andel_innenfor_jaktfelt": 1.0, "jaktfelt": "Sandbekken", "grunnlinje": "2024-09-01", "observert": "2026-09-21", "bekreftet": "2026-09-29"}}, {"type": "Feature", "geometry": {"type": "Polygon", "coordinates": [[[9.013252, 60.706708], [9.013252, 60.706666], [9.013166, 60.706666], [9.013166, 60.706582], [9.012823, 60.706456], [9.012823, 60.70633], [9.012566, 60.70633], [9.012566, 60.706288], [9.01248, 60.706288], [9.01248, 60.70612], [9.012566, 60.70612], [9.012566, 60.706078], [9.012823, 60.706078], [9.012909, 60.705994], [9.013252, 60.705994], [9.013338, 60.70591], [9.01351, 60.70591], [9.01351, 60.705868], [9.013767, 60.705784], [9.013767, 60.705658], [9.013853, 60.705658], [9.013853, 60.705616], [9.014368, 60.705616], [9.014454, 60.705532], [9.014626, 60.705574], [9.014626, 60.705658], [9.014711, 60.705658], [9.014711, 60.7057], [9.014969, 60.7057], [9.015055, 60.705616], [9.015312, 60.705616], [9.015312, 60.705658], [9.015398, 60.705658], [9.015398, 60.705784], [9.015741, 60.705868], [9.015741, 60.706036], [9.015656, 60.706036], [9.015656, 60.706078], [9.01557, 60.706078], [9.01557, 60.706036], [9.015398, 60.706036], [9.015398, 60.70612], [9.015312, 60.70612], [9.015312, 60.706162], [9.014626, 60.706162], [9.014626, 60.70633], [9.014454, 60.706372], [9.014454, 60.706498], [9.01454, 60.706498], [9.014797, 60.706666], [9.014711, 60.706666], [9.014711, 60.706708], [9.014111, 60.706708], [9.014111, 60.706666], [9.013767, 60.706708], [9.013767, 60.706624], [9.013596, 60.706582], [9.013596, 60.706666], [9.01351, 60.706666], [9.01351, 60.706708], [9.013252, 60.706708]]]}, "properties": {"periode": "host_2024_til_host_2025", "areal_ha": 1.28, "andel_innenfor_jaktfelt": 1.0, "jaktfelt": "Sandbekken", "grunnlinje": "2024-09-01", "observert": "2026-09-21", "bekreftet": "2026-09-29"}}, {"type": "Feature", "geometry": {"type": "Polygon", "coordinates": [[[9.015913, 60.705364], [9.015656, 60.705196], [9.015484, 60.705196], [9.015484, 60.705154], [9.015398, 60.705154], [9.015398, 60.705028], [9.015484, 60.705028], [9.015484, 60.704986], [9.015741, 60.704986], [9.015827, 60.704902], [9.015913, 60.704902], [9.015999, 60.704986], [9.016256, 60.704986], [9.016256, 60.705028], [9.016342, 60.705028], [9.016342, 60.705154], [9.016256, 60.705154], [9.016256, 60.705196], [9.016085, 60.705238], [9.016085, 60.705322], [9.015913, 60.705364]]]}, "properties": {"periode": "host_2024_til_host_2025", "areal_ha": 0.15, "andel_innenfor_jaktfelt": 1.0, "jaktfelt": "Sandbekken", "grunnlinje": "2024-09-01", "observert": "2026-09-21", "bekreftet": "2026-09-29"}}, {"type": "Feature", "geometry": {"type": "Polygon", "coordinates": [[[9.019175, 60.70507], [9.019175, 60.705028], [9.019089, 60.705028], [9.019089, 60.704902], [9.019175, 60.704902], [9.019175, 60.70486], [9.01926, 60.70486], [9.01926, 60.704818], [9.019604, 60.704692], [9.019604, 60.704608], [9.019518, 60.704608], [9.019518, 60.704566], [9.019346, 60.704566], [9.01926, 60.704482], [9.019432, 60.70444], [9.019432, 60.704104], [9.019604, 60.704062], [9.019604, 60.703894], [9.019775, 60.703894], [9.019775, 60.704062], [9.019947, 60.704104], [9.019947, 60.704188], [9.02029, 60.704188], [9.02029, 60.70423], [9.020548, 60.704314], [9.020548, 60.70444], [9.020634, 60.70444], [9.02072, 60.704524], [9.020634, 60.704524], [9.020634, 60.704566], [9.020376, 60.704566], [9.020376, 60.704524], [9.02029, 60.704524], [9.02029, 60.704398], [9.020205, 60.704398], [9.020205, 60.704356], [9.020033, 60.704356], [9.020033, 60.704398], [9.019947, 60.704398], [9.019947, 60.704482], [9.019775, 60.704524], [9.019775, 60.704902], [9.01969, 60.704902], [9.019604, 60.704986], [9.019346, 60.704986], [9.019346, 60.705028], [9.019175, 60.70507]]]}, "properties": {"periode": "host_2024_til_host_2025", "areal_ha": 0.37, "andel_innenfor_jaktfelt": 0.69, "jaktfelt": "Sandbekken", "grunnlinje": "2024-09-01", "observert": "2026-09-21", "bekreftet": "2026-09-29"}}, {"type": "Feature", "geometry": {"type": "Polygon", "coordinates": [[[9.015055, 60.704566], [9.015055, 60.704524], [9.014797, 60.70444], [9.014797, 60.704398], [9.015055, 60.704314], [9.015055, 60.70423], [9.014797, 60.70423], [9.014797, 60.704272], [9.014368, 60.704272], [9.014282, 60.704356], [9.014111, 60.704314], [9.014111, 60.70423], [9.014196, 60.70423], [9.014196, 60.704188], [9.014368, 60.704188], [9.014368, 60.704146], [9.014626, 60.704062], [9.014626, 60.703936], [9.014711, 60.703936], [9.014797, 60.703852], [9.014969, 60.703852], [9.014969, 60.70381], [9.015055, 60.70381], [9.015055, 60.703684], [9.015141, 60.703684], [9.015141, 60.703642], [9.01557, 60.703642], [9.01557, 60.703684], [9.015741, 60.703726], [9.015741, 60.704062], [9.015913, 60.704104], [9.015913, 60.704188], [9.015741, 60.70423], [9.015741, 60.704314], [9.015656, 60.704314], [9.015656, 60.704356], [9.015484, 60.704356], [9.015484, 60.704398], [9.015398, 60.704398], [9.015398, 60.704524], [9.015312, 60.704524], [9.015312, 60.704566], [9.015055, 60.704566]]]}, "properties": {"periode": "host_2024_til_host_2025", "areal_ha": 0.51, "andel_innenfor_jaktfelt": 0.0, "jaktfelt": "Sandbekken", "grunnlinje": "2024-09-01", "observert": "2026-09-21", "bekreftet": "2026-09-29"}}, {"type": "Feature", "geometry": {"type": "Polygon", "coordinates": [[[9.008017, 60.70276], [9.008017, 60.702718], [9.007845, 60.702676], [9.007845, 60.702592], [9.007931, 60.702592], [9.007931, 60.702508], [9.007845, 60.702508], [9.007845, 60.70234], [9.007931, 60.70234], [9.007931, 60.702298], [9.00836, 60.702298], [9.00836, 60.70234], [9.008446, 60.70234], [9.008446, 60.702676], [9.00836, 60.702676], [9.008274, 60.70276], [9.008017, 60.70276]]]}, "properties": {"periode": "host_2024_til_host_2025", "areal_ha": 0.15, "andel_innenfor_jaktfelt": 0.0, "jaktfelt": "Sandbekken", "grunnlinje": "2024-09-01", "observert": "2026-09-21", "bekreftet": "2026-09-29"}}, {"type": "Feature", "geometry": {"type": "Polygon", "coordinates": [[[9.008789, 60.702844], [9.008789, 60.702802], [9.008617, 60.70276], [9.008617, 60.702676], [9.008703, 60.702676], [9.008789, 60.702592], [9.009047, 60.702592], [9.009047, 60.70255], [9.009132, 60.70255], [9.009132, 60.702298], [9.009218, 60.702298], [9.009304, 60.702214], [9.009562, 60.702214], [9.009647, 60.702298], [9.009819, 60.702298], [9.009819, 60.70234], [9.009905, 60.70234], [9.009819, 60.702592], [9.010162, 60.702592], [9.010162, 60.702676], [9.009647, 60.702676], [9.009562, 60.70276], [9.009218, 60.70276], [9.009132, 60.702844], [9.008789, 60.702844]]]}, "properties": {"periode": "host_2024_til_host_2025", "areal_ha": 0.29, "andel_innenfor_jaktfelt": 0.0, "jaktfelt": "Sandbekken", "grunnlinje": "2024-09-01", "observert": "2026-09-21", "bekreftet": "2026-09-29"}}, {"type": "Feature", "geometry": {"type": "Polygon", "coordinates": [[[9.035997, 60.702466], [9.035997, 60.702424], [9.035912, 60.702424], [9.035912, 60.702298], [9.036083, 60.702256], [9.036083, 60.702172], [9.036169, 60.702172], [9.036169, 60.70213], [9.036684, 60.70213], [9.036684, 60.702214], [9.036512, 60.702214], [9.036512, 60.702256], [9.036427, 60.702256], [9.036427, 60.70234], [9.036512, 60.70234], [9.036598, 60.702424], [9.036512, 60.702424], [9.036512, 60.702466], [9.035997, 60.702466]]]}, "properties": {"periode": "host_2024_til_host_2025", "areal_ha": 0.11, "andel_innenfor_jaktfelt": 0.0, "jaktfelt": "Sandbekken", "grunnlinje": "2024-09-01", "observert": "2026-09-21", "bekreftet": "2026-09-29"}}, {"type": "Feature", "geometry": {"type": "Polygon", "coordinates": [[[8.993855, 60.702676], [8.993855, 60.702634], [8.993769, 60.702634], [8.993769, 60.70234], [8.993683, 60.70234], [8.993597, 60.702256], [8.993683, 60.702256], [8.993683, 60.702214], [8.993855, 60.702214], [8.994026, 60.702046], [8.994198, 60.702046], [8.994284, 60.70213], [8.994112, 60.702172], [8.994112, 60.70234], [8.994455, 60.702424], [8.994455, 60.70255], [8.99437, 60.70255], [8.99437, 60.702592], [8.994284, 60.702592], [8.994284, 60.70255], [8.994112, 60.70255], [8.994112, 60.702592], [8.993855, 60.702676]]]}, "properties": {"periode": "host_2024_til_host_2025", "areal_ha": 0.16, "andel_innenfor_jaktfelt": 0.0, "jaktfelt": "Sandbekken", "grunnlinje": "2024-09-01", "observert": "2026-09-21", "bekreftet": "2026-09-29"}}, {"type": "Feature", "geometry": {"type": "Polygon", "coordinates": [[[9.036856, 60.703222], [9.036598, 60.703054], [9.036684, 60.703054], [9.036684, 60.703012], [9.037027, 60.703012], [9.037027, 60.703054], [9.037199, 60.703054], [9.037199, 60.703012], [9.037285, 60.703012], [9.037285, 60.70297], [9.037371, 60.70297], [9.037371, 60.702928], [9.037714, 60.702802], [9.037714, 60.702718], [9.037371, 60.702634], [9.037371, 60.702424], [9.037457, 60.702424], [9.037457, 60.702382], [9.037714, 60.702382], [9.037714, 60.702256], [9.037628, 60.702256], [9.037371, 60.702088], [9.037457, 60.702088], [9.037457, 60.702046], [9.0378, 60.702046], [9.0378, 60.702088], [9.037886, 60.702088], [9.037886, 60.702172], [9.037971, 60.702172], [9.038143, 60.702298], [9.038486, 60.702298], [9.038658, 60.702424], [9.038572, 60.702424], [9.038572, 60.702466], [9.038143, 60.702466], [9.038143, 60.702592], [9.038401, 60.702592], [9.038401, 60.702676], [9.038143, 60.702676], [9.038143, 60.702718], [9.037886, 60.702802], [9.037886, 60.702928], [9.037714, 60.70297], [9.037714, 60.703138], [9.037628, 60.703138], [9.037628, 60.70318], [9.037457, 60.70318], [9.037457, 60.703222], [9.036856, 60.703222]]]}, "properties": {"periode": "host_2024_til_host_2025", "areal_ha": 0.47, "andel_innenfor_jaktfelt": 0.0, "jaktfelt": "Sandbekken", "grunnlinje": "2024-09-01", "observert": "2026-09-21", "bekreftet": "2026-09-29"}}, {"type": "Feature", "geometry": {"type": "Polygon", "coordinates": [[[8.996859, 60.702046], [8.996859, 60.702004], [8.996687, 60.701962], [8.996773, 60.701878], [8.997374, 60.701878], [8.997374, 60.701962], [8.997288, 60.701962], [8.997202, 60.702046], [8.996859, 60.702046]]]}, "properties": {"periode": "host_2024_til_host_2025", "areal_ha": 0.05, "andel_innenfor_jaktfelt": 0.0, "jaktfelt": "Sandbekken", "grunnlinje": "2024-09-01", "observert": "2026-09-21", "bekreftet": "2026-09-29"}}, {"type": "Feature", "geometry": {"type": "Polygon", "coordinates": [[[9.010077, 60.702046], [9.010077, 60.702004], [9.009905, 60.701962], [9.009905, 60.701794], [9.010077, 60.701794], [9.010162, 60.701878], [9.010334, 60.701878], [9.010334, 60.70192], [9.01042, 60.70192], [9.01042, 60.702004], [9.010334, 60.702004], [9.010334, 60.702046], [9.010077, 60.702046]]]}, "properties": {"periode": "host_2024_til_host_2025", "areal_ha": 0.05, "andel_innenfor_jaktfelt": 0.0, "jaktfelt": "Sandbekken", "grunnlinje": "2024-09-01", "observert": "2026-09-21", "bekreftet": "2026-09-29"}}, {"type": "Feature", "geometry": {"type": "Polygon", "coordinates": [[[9.009647, 60.704566], [9.009647, 60.704524], [9.009562, 60.704524], [9.009562, 60.704482], [9.009647, 60.704482], [9.009647, 60.704356], [9.009218, 60.704356], [9.009218, 60.704314], [9.009132, 60.704314], [9.009132, 60.704188], [9.009218, 60.704188], [9.009304, 60.704104], [9.009476, 60.704104], [9.009476, 60.704062], [9.009562, 60.704062], [9.009562, 60.703978], [9.00939, 60.703936], [9.00939, 60.703852], [9.009562, 60.70381], [9.009562, 60.703684], [9.009733, 60.703642], [9.009819, 60.703726], [9.010077, 60.703726], [9.010077, 60.703642], [9.010162, 60.703642], [9.010248, 60.703558], [9.011021, 60.703558], [9.011021, 60.7036], [9.011192, 60.7036], [9.011192, 60.703306], [9.011278, 60.703306], [9.011364, 60.703222], [9.011536, 60.703222], [9.011536, 60.703264], [9.011965, 60.703222], [9.012136, 60.703096], [9.012394, 60.703096], [9.012394, 60.703054], [9.01248, 60.703054], [9.01248, 60.70297], [9.012823, 60.702886], [9.012823, 60.702802], [9.012737, 60.702802], [9.012651, 60.702718], [9.012737, 60.702718], [9.012737, 60.702676], [9.012909, 60.702676], [9.012909, 60.702634], [9.013166, 60.70255], [9.013166, 60.702256], [9.013081, 60.702256], [9.013081, 60.702214], [9.012909, 60.702214], [9.012909, 60.702256], [9.012823, 60.702256], [9.012823, 60.702382], [9.012737, 60.702382], [9.012737, 60.702424], [9.012651, 60.702424], [9.012394, 60.702592], [9.011793, 60.702592], [9.011793, 60.70255], [9.011707, 60.70255], [9.011707, 60.702424], [9.011536, 60.702382], [9.011536, 60.702298], [9.011621, 60.702298], [9.011621, 60.702256], [9.011965, 60.70213], [9.011879, 60.70192], [9.011965, 60.70192], [9.011965, 60.701878], [9.012394, 60.701878], [9.012394, 60.701836], [9.01248, 60.701836], [9.01248, 60.70171], [9.012566, 60.70171], [9.012566, 60.701668], [9.012823, 60.701668], [9.012823, 60.70171], [9.012995, 60.701752], [9.012995, 60.70192], [9.013081, 60.70192], [9.013081, 60.701962], [9.013338, 60.701962], [9.013338, 60.702004], [9.01351, 60.702046], [9.01351, 60.70213], [9.013424, 60.70213], [9.013424, 60.702214], [9.01351, 60.702214], [9.01351, 60.702382], [9.013338, 60.702424], [9.013338, 60.702676], [9.013767, 60.702676], [9.013939, 60.702802], [9.01351, 60.702886], [9.01351, 60.703054], [9.013424, 60.703054], [9.013424, 60.703096], [9.012909, 60.703096], [9.012909, 60.703138], [9.012823, 60.703138], [9.012823, 60.703432], [9.012737, 60.703432], [9.012737, 60.703474], [9.012566, 60.703474], [9.012394, 60.703642], [9.011793, 60.703642], [9.011793, 60.703684], [9.011707, 60.703684], [9.011707, 60.703978], [9.011621, 60.703978], [9.011621, 60.70402], [9.011536, 60.70402], [9.011536, 60.703978], [9.011364, 60.703978], [9.011364, 60.70402], [9.010849, 60.70402], [9.010849, 60.704062], [9.010763, 60.704062], [9.010763, 60.704188], [9.010677, 60.704188], [9.01042, 60.704356], [9.009991, 60.704356], [9.009991, 60.704482], [9.010077, 60.704482], [9.009991, 60.704566], [9.009647, 60.704566]]]}, "properties": {"periode": "host_2024_til_host_2025", "areal_ha": 2.21, "andel_innenfor_jaktfelt": 0.0, "jaktfelt": "Sandbekken", "grunnlinje": "2024-09-01", "observert": "2026-09-21", "bekreftet": "2026-09-29"}}, {"type": "Feature", "geometry": {"type": "Polygon", "coordinates": [[[9.038315, 60.702046], [9.038057, 60.701878], [9.038315, 60.701794], [9.038315, 60.70171], [9.038401, 60.70171], [9.038401, 60.701668], [9.03883, 60.701668], [9.03883, 60.70171], [9.039001, 60.701752], [9.039001, 60.70192], [9.038916, 60.70192], [9.038916, 60.701962], [9.038744, 60.701962], [9.038658, 60.702046], [9.038315, 60.702046]]]}, "properties": {"periode": "host_2024_til_host_2025", "areal_ha": 0.15, "andel_innenfor_jaktfelt": 0.0, "jaktfelt": "Sandbekken", "grunnlinje": "2024-09-01", "observert": "2026-09-21", "bekreftet": "2026-09-29"}}, {"type": "Feature", "geometry": {"type": "Polygon", "coordinates": [[[9.037285, 60.701416], [9.037285, 60.701374], [9.037199, 60.701374], [9.037199, 60.701248], [9.037027, 60.701206], [9.037113, 60.701122], [9.037971, 60.701122], [9.037971, 60.701206], [9.0378, 60.701206], [9.0378, 60.701248], [9.037714, 60.701248], [9.037714, 60.701332], [9.037628, 60.701332], [9.037542, 60.701416], [9.037285, 60.701416]]]}, "properties": {"periode": "host_2024_til_host_2025", "areal_ha": 0.11, "andel_innenfor_jaktfelt": 0.0, "jaktfelt": "Sandbekken", "grunnlinje": "2024-09-01", "observert": "2026-09-21", "bekreftet": "2026-09-29"}}, {"type": "Feature", "geometry": {"type": "Polygon", "coordinates": [[[9.011278, 60.7015], [9.011106, 60.701332], [9.010506, 60.701332], [9.010506, 60.70129], [9.01042, 60.70129], [9.01042, 60.701248], [9.010506, 60.701248], [9.01042, 60.700954], [9.010162, 60.700954], [9.010162, 60.700912], [9.010077, 60.700912], [9.010077, 60.700744], [9.010162, 60.700744], [9.010162, 60.700702], [9.010677, 60.700702], [9.010763, 60.700618], [9.011021, 60.700618], [9.011278, 60.700786], [9.01145, 60.700786], [9.01145, 60.700828], [9.011536, 60.700828], [9.01145, 60.701038], [9.011707, 60.701122], [9.011707, 60.70129], [9.011793, 60.70129], [9.012051, 60.701458], [9.011965, 60.701458], [9.011965, 60.7015], [9.011278, 60.7015]]]}, "properties": {"periode": "host_2024_til_host_2025", "areal_ha": 0.56, "andel_innenfor_jaktfelt": 0.0, "jaktfelt": "Sandbekken", "grunnlinje": "2024-09-01", "observert": "2026-09-21", "bekreftet": "2026-09-29"}}, {"type": "Feature", "geometry": {"type": "Polygon", "coordinates": [[[9.004498, 60.703474], [9.004498, 60.703432], [9.004412, 60.703432], [9.004412, 60.702844], [9.004583, 60.702802], [9.004583, 60.702718], [9.004412, 60.702676], [9.004412, 60.702088], [9.004326, 60.702088], [9.00424, 60.702004], [9.004326, 60.702004], [9.004326, 60.701962], [9.004755, 60.701962], [9.004755, 60.701668], [9.004927, 60.701626], [9.004927, 60.7015], [9.005098, 60.701458], [9.005098, 60.701332], [9.00527, 60.70129], [9.00527, 60.701164], [9.005098, 60.701122], [9.005098, 60.700912], [9.005184, 60.700912], [9.005184, 60.70087], [9.005442, 60.70087], [9.005613, 60.70066], [9.005699, 60.70066], [9.005699, 60.700828], [9.005871, 60.70087], [9.005871, 60.700828], [9.006042, 60.700786], [9.006042, 60.70066], [9.006128, 60.70066], [9.006128, 60.700618], [9.006557, 60.700618], [9.006557, 60.700576], [9.006901, 60.700618], [9.006987, 60.700702], [9.007244, 60.700702], [9.007244, 60.70066], [9.00733, 60.70066], [9.00733, 60.700576], [9.007416, 60.700576], [9.007416, 60.700618], [9.007502, 60.700618], [9.007502, 60.700744], [9.007587, 60.700744], [9.007673, 60.700828], [9.007845, 60.700828], [9.007845, 60.700786], [9.007931, 60.700786], [9.008017, 60.700702], [9.008188, 60.700702], [9.008274, 60.700618], [9.008617, 60.700618], [9.008617, 60.70066], [9.008789, 60.700702], [9.008789, 60.700912], [9.008875, 60.700912], [9.008875, 60.700954], [9.008961, 60.700954], [9.008961, 60.700996], [9.009304, 60.701122], [9.009304, 60.701332], [9.009132, 60.701374], [9.009132, 60.701458], [9.009047, 60.701458], [9.009047, 60.7015], [9.008875, 60.7015], [9.008789, 60.701584], [9.008617, 60.701584], [9.008532, 60.7015], [9.00836, 60.7015], [9.00836, 60.701458], [9.008274, 60.701458], [9.008274, 60.701374], [9.008188, 60.701374], [9.008017, 60.701248], [9.007759, 60.701248], [9.007759, 60.701206], [9.007587, 60.701164], [9.007587, 60.70108], [9.007673, 60.70108], [9.007673, 60.70087], [9.007587, 60.70087], [9.007502, 60.700786], [9.00733, 60.700786], [9.007244, 60.70087], [9.006987, 60.70087], [9.006987, 60.700912], [9.006729, 60.700912], [9.006729, 60.70087], [9.006643, 60.70087], [9.006643, 60.700912], [9.006557, 60.700912], [9.006557, 60.700996], [9.006214, 60.701122], [9.006214, 60.70129], [9.0063, 60.70129], [9.0063, 60.701332], [9.006557, 60.701332], [9.006643, 60.701248], [9.007072, 60.701248], [9.007244, 60.701122], [9.007416, 60.701122], [9.007416, 60.701164], [9.00733, 60.701164], [9.00733, 60.701248], [9.006987, 60.701374], [9.006987, 60.701458], [9.006901, 60.701458], [9.006901, 60.7015], [9.006557, 60.7015], [9.006472, 60.701416], [9.006214, 60.701416], [9.006214, 60.701542], [9.006557, 60.701668], [9.006557, 60.701878], [9.006472, 60.701878], [9.006472, 60.701962], [9.006557, 60.701962], [9.006643, 60.702046], [9.007244, 60.702046], [9.007244, 60.702088], [9.00733, 60.702088], [9.00733, 60.702172], [9.007502, 60.702214], [9.007502, 60.702298], [9.007416, 60.702298], [9.00733, 60.702382], [9.006815, 60.702382], [9.006815, 60.702424], [9.006729, 60.702424], [9.006729, 60.702508], [9.006643, 60.702508], [9.006557, 60.702592], [9.0063, 60.702592], [9.0063, 60.702634], [9.006214, 60.702634], [9.006214, 60.702718], [9.006128, 60.702718], [9.006128, 60.70276], [9.005957, 60.70276], [9.005957, 60.702802], [9.005871, 60.702802], [9.005871, 60.702886], [9.005527, 60.70297], [9.005527, 60.703264], [9.005442, 60.703264], [9.005442, 60.703306], [9.005184, 60.703306], [9.005013, 60.703474], [9.004498, 60.703474]]]}, "properties": {"periode": "host_2024_til_host_2025", "areal_ha": 3.53, "andel_innenfor_jaktfelt": 0.0, "jaktfelt": "Sandbekken", "grunnlinje": "2024-09-01", "observert": "2026-09-21", "bekreftet": "2026-09-29"}}, {"type": "Feature", "geometry": {"type": "Polygon", "coordinates": [[[9.036341, 60.700618], [9.036341, 60.700576], [9.036255, 60.700576], [9.036255, 60.700492], [9.036427, 60.70045], [9.036427, 60.700366], [9.036083, 60.700282], [9.036083, 60.700156], [9.036169, 60.700156], [9.036169, 60.700114], [9.036512, 60.700114], [9.036512, 60.700156], [9.036598, 60.700156], [9.036598, 60.700576], [9.036512, 60.700576], [9.036512, 60.700618], [9.036341, 60.700618]]]}, "properties": {"periode": "host_2024_til_host_2025", "areal_ha": 0.1, "andel_innenfor_jaktfelt": 0.0, "jaktfelt": "Sandbekken", "grunnlinje": "2024-09-01", "observert": "2026-09-21", "bekreftet": "2026-09-29"}}]}